ISO-10303-21;
HEADER;
/* Generated by software containing ST-Developer
 * from STEP Tools, Inc. (www.steptools.com) 
 */

FILE_DESCRIPTION(
/* description */ (''),
/* implementation_level */ '2;1');

FILE_NAME(
/* name */ 'bottom.step',
/* time_stamp */ '2026-06-17T15:19:19+05:30',
/* author */ (''),
/* organization */ (''),
/* preprocessor_version */ 'ST-DEVELOPER v20.1',
/* originating_system */ 'Autodesk Translation Framework v15.8.0.0',
/* authorisation */ '');

FILE_SCHEMA (('AUTOMOTIVE_DESIGN { 1 0 10303 214 3 1 1 }'));
ENDSEC;

DATA;
#10=MECHANICAL_DESIGN_GEOMETRIC_PRESENTATION_REPRESENTATION('',(#13),#10578);
#11=SHAPE_REPRESENTATION_RELATIONSHIP('SRR','None',#10584,#12);
#12=ADVANCED_BREP_SHAPE_REPRESENTATION('',(#14),#10577);
#13=STYLED_ITEM('',(#10595),#14);
#14=MANIFOLD_SOLID_BREP('Body7',#958);
#15=PLANE('',#964);
#16=PLANE('',#965);
#17=PLANE('',#966);
#18=PLANE('',#967);
#19=PLANE('',#968);
#20=PLANE('',#969);
#21=FACE_BOUND('',#138,.T.);
#22=FACE_BOUND('',#139,.T.);
#23=FACE_BOUND('',#149,.T.);
#24=FACE_BOUND('',#150,.T.);
#25=FACE_BOUND('',#152,.T.);
#26=FACE_BOUND('',#168,.T.);
#27=FACE_BOUND('',#180,.T.);
#28=FACE_BOUND('',#181,.T.);
#29=FACE_BOUND('',#183,.T.);
#30=FACE_BOUND('',#184,.T.);
#31=FACE_BOUND('',#197,.T.);
#32=B_SPLINE_SURFACE_WITH_KNOTS('',3,3,((#1392,#1393,#1394,#1395,#1396,
#1397,#1398,#1399,#1400,#1401,#1402,#1403,#1404,#1405,#1406,#1407,#1408,
#1409,#1410,#1411,#1412),(#1413,#1414,#1415,#1416,#1417,#1418,#1419,#1420,
#1421,#1422,#1423,#1424,#1425,#1426,#1427,#1428,#1429,#1430,#1431,#1432,
#1433),(#1434,#1435,#1436,#1437,#1438,#1439,#1440,#1441,#1442,#1443,#1444,
#1445,#1446,#1447,#1448,#1449,#1450,#1451,#1452,#1453,#1454),(#1455,#1456,
#1457,#1458,#1459,#1460,#1461,#1462,#1463,#1464,#1465,#1466,#1467,#1468,
#1469,#1470,#1471,#1472,#1473,#1474,#1475),(#1476,#1477,#1478,#1479,#1480,
#1481,#1482,#1483,#1484,#1485,#1486,#1487,#1488,#1489,#1490,#1491,#1492,
#1493,#1494,#1495,#1496),(#1497,#1498,#1499,#1500,#1501,#1502,#1503,#1504,
#1505,#1506,#1507,#1508,#1509,#1510,#1511,#1512,#1513,#1514,#1515,#1516,
#1517),(#1518,#1519,#1520,#1521,#1522,#1523,#1524,#1525,#1526,#1527,#1528,
#1529,#1530,#1531,#1532,#1533,#1534,#1535,#1536,#1537,#1538),(#1539,#1540,
#1541,#1542,#1543,#1544,#1545,#1546,#1547,#1548,#1549,#1550,#1551,#1552,
#1553,#1554,#1555,#1556,#1557,#1558,#1559),(#1560,#1561,#1562,#1563,#1564,
#1565,#1566,#1567,#1568,#1569,#1570,#1571,#1572,#1573,#1574,#1575,#1576,
#1577,#1578,#1579,#1580),(#1581,#1582,#1583,#1584,#1585,#1586,#1587,#1588,
#1589,#1590,#1591,#1592,#1593,#1594,#1595,#1596,#1597,#1598,#1599,#1600,
#1601),(#1602,#1603,#1604,#1605,#1606,#1607,#1608,#1609,#1610,#1611,#1612,
#1613,#1614,#1615,#1616,#1617,#1618,#1619,#1620,#1621,#1622),(#1623,#1624,
#1625,#1626,#1627,#1628,#1629,#1630,#1631,#1632,#1633,#1634,#1635,#1636,
#1637,#1638,#1639,#1640,#1641,#1642,#1643)),.UNSPECIFIED.,.F.,.F.,.F.,(4,
2,2,1,1,1,1,4),(4,2,2,1,1,1,1,1,1,1,1,1,2,2,4),(0.,0.125,0.25,0.5,1.,2.,
3.,4.),(0.,0.125,0.25,0.5,1.,2.,3.,4.,5.,6.,7.,7.5,7.75,7.875,8.),
 .UNSPECIFIED.);
#33=B_SPLINE_SURFACE_WITH_KNOTS('',3,3,((#1727,#1728,#1729,#1730,#1731,
#1732,#1733,#1734,#1735,#1736,#1737,#1738,#1739,#1740,#1741,#1742,#1743,
#1744,#1745,#1746,#1747),(#1748,#1749,#1750,#1751,#1752,#1753,#1754,#1755,
#1756,#1757,#1758,#1759,#1760,#1761,#1762,#1763,#1764,#1765,#1766,#1767,
#1768),(#1769,#1770,#1771,#1772,#1773,#1774,#1775,#1776,#1777,#1778,#1779,
#1780,#1781,#1782,#1783,#1784,#1785,#1786,#1787,#1788,#1789),(#1790,#1791,
#1792,#1793,#1794,#1795,#1796,#1797,#1798,#1799,#1800,#1801,#1802,#1803,
#1804,#1805,#1806,#1807,#1808,#1809,#1810),(#1811,#1812,#1813,#1814,#1815,
#1816,#1817,#1818,#1819,#1820,#1821,#1822,#1823,#1824,#1825,#1826,#1827,
#1828,#1829,#1830,#1831),(#1832,#1833,#1834,#1835,#1836,#1837,#1838,#1839,
#1840,#1841,#1842,#1843,#1844,#1845,#1846,#1847,#1848,#1849,#1850,#1851,
#1852),(#1853,#1854,#1855,#1856,#1857,#1858,#1859,#1860,#1861,#1862,#1863,
#1864,#1865,#1866,#1867,#1868,#1869,#1870,#1871,#1872,#1873),(#1874,#1875,
#1876,#1877,#1878,#1879,#1880,#1881,#1882,#1883,#1884,#1885,#1886,#1887,
#1888,#1889,#1890,#1891,#1892,#1893,#1894),(#1895,#1896,#1897,#1898,#1899,
#1900,#1901,#1902,#1903,#1904,#1905,#1906,#1907,#1908,#1909,#1910,#1911,
#1912,#1913,#1914,#1915),(#1916,#1917,#1918,#1919,#1920,#1921,#1922,#1923,
#1924,#1925,#1926,#1927,#1928,#1929,#1930,#1931,#1932,#1933,#1934,#1935,
#1936),(#1937,#1938,#1939,#1940,#1941,#1942,#1943,#1944,#1945,#1946,#1947,
#1948,#1949,#1950,#1951,#1952,#1953,#1954,#1955,#1956,#1957),(#1958,#1959,
#1960,#1961,#1962,#1963,#1964,#1965,#1966,#1967,#1968,#1969,#1970,#1971,
#1972,#1973,#1974,#1975,#1976,#1977,#1978)),.UNSPECIFIED.,.F.,.F.,.F.,(4,
1,1,1,1,2,2,4),(4,2,2,1,1,1,1,1,1,1,1,1,2,2,4),(0.,1.,2.,2.5,2.625,2.75,
2.875,3.),(0.,0.125,0.25,0.5,1.,2.,3.,4.,5.,6.,7.,7.5,7.75,7.875,8.),
 .UNSPECIFIED.);
#34=B_SPLINE_SURFACE_WITH_KNOTS('',3,3,((#2077,#2078,#2079,#2080,#2081,
#2082,#2083,#2084,#2085,#2086,#2087,#2088),(#2089,#2090,#2091,#2092,#2093,
#2094,#2095,#2096,#2097,#2098,#2099,#2100),(#2101,#2102,#2103,#2104,#2105,
#2106,#2107,#2108,#2109,#2110,#2111,#2112),(#2113,#2114,#2115,#2116,#2117,
#2118,#2119,#2120,#2121,#2122,#2123,#2124),(#2125,#2126,#2127,#2128,#2129,
#2130,#2131,#2132,#2133,#2134,#2135,#2136),(#2137,#2138,#2139,#2140,#2141,
#2142,#2143,#2144,#2145,#2146,#2147,#2148),(#2149,#2150,#2151,#2152,#2153,
#2154,#2155,#2156,#2157,#2158,#2159,#2160),(#2161,#2162,#2163,#2164,#2165,
#2166,#2167,#2168,#2169,#2170,#2171,#2172),(#2173,#2174,#2175,#2176,#2177,
#2178,#2179,#2180,#2181,#2182,#2183,#2184)),.UNSPECIFIED.,.F.,.F.,.F.,(4,
1,2,2,4),(4,1,1,1,1,2,2,4),(0.,0.125,0.25,0.375,0.5),(0.,1.,1.5,2.,2.125,
2.25,2.375,2.5),.UNSPECIFIED.);
#35=B_SPLINE_SURFACE_WITH_KNOTS('',3,3,((#2218,#2219,#2220,#2221,#2222,
#2223,#2224,#2225,#2226,#2227,#2228),(#2229,#2230,#2231,#2232,#2233,#2234,
#2235,#2236,#2237,#2238,#2239),(#2240,#2241,#2242,#2243,#2244,#2245,#2246,
#2247,#2248,#2249,#2250),(#2251,#2252,#2253,#2254,#2255,#2256,#2257,#2258,
#2259,#2260,#2261),(#2262,#2263,#2264,#2265,#2266,#2267,#2268,#2269,#2270,
#2271,#2272),(#2273,#2274,#2275,#2276,#2277,#2278,#2279,#2280,#2281,#2282,
#2283),(#2284,#2285,#2286,#2287,#2288,#2289,#2290,#2291,#2292,#2293,#2294),
(#2295,#2296,#2297,#2298,#2299,#2300,#2301,#2302,#2303,#2304,#2305),(#2306,
#2307,#2308,#2309,#2310,#2311,#2312,#2313,#2314,#2315,#2316)),
 .UNSPECIFIED.,.F.,.F.,.F.,(4,2,2,1,4),(4,1,1,1,2,2,4),(0.,0.125,0.25,0.375,
0.5),(0.,0.5,1.,1.125,1.25,1.375,1.5),.UNSPECIFIED.);
#36=B_SPLINE_SURFACE_WITH_KNOTS('',3,3,((#2348,#2349,#2350,#2351,#2352,
#2353,#2354,#2355,#2356,#2357,#2358,#2359),(#2360,#2361,#2362,#2363,#2364,
#2365,#2366,#2367,#2368,#2369,#2370,#2371),(#2372,#2373,#2374,#2375,#2376,
#2377,#2378,#2379,#2380,#2381,#2382,#2383),(#2384,#2385,#2386,#2387,#2388,
#2389,#2390,#2391,#2392,#2393,#2394,#2395),(#2396,#2397,#2398,#2399,#2400,
#2401,#2402,#2403,#2404,#2405,#2406,#2407),(#2408,#2409,#2410,#2411,#2412,
#2413,#2414,#2415,#2416,#2417,#2418,#2419),(#2420,#2421,#2422,#2423,#2424,
#2425,#2426,#2427,#2428,#2429,#2430,#2431),(#2432,#2433,#2434,#2435,#2436,
#2437,#2438,#2439,#2440,#2441,#2442,#2443),(#2444,#2445,#2446,#2447,#2448,
#2449,#2450,#2451,#2452,#2453,#2454,#2455)),.UNSPECIFIED.,.F.,.F.,.F.,(4,
1,2,2,4),(4,2,2,1,1,1,1,4),(0.,0.125,0.25,0.375,0.5),(0.,0.125,0.25,0.375,
0.5,1.,1.5,2.5),.UNSPECIFIED.);
#37=B_SPLINE_SURFACE_WITH_KNOTS('',3,3,((#2489,#2490,#2491,#2492,#2493,
#2494,#2495,#2496,#2497,#2498,#2499),(#2500,#2501,#2502,#2503,#2504,#2505,
#2506,#2507,#2508,#2509,#2510),(#2511,#2512,#2513,#2514,#2515,#2516,#2517,
#2518,#2519,#2520,#2521),(#2522,#2523,#2524,#2525,#2526,#2527,#2528,#2529,
#2530,#2531,#2532),(#2533,#2534,#2535,#2536,#2537,#2538,#2539,#2540,#2541,
#2542,#2543),(#2544,#2545,#2546,#2547,#2548,#2549,#2550,#2551,#2552,#2553,
#2554),(#2555,#2556,#2557,#2558,#2559,#2560,#2561,#2562,#2563,#2564,#2565),
(#2566,#2567,#2568,#2569,#2570,#2571,#2572,#2573,#2574,#2575,#2576),(#2577,
#2578,#2579,#2580,#2581,#2582,#2583,#2584,#2585,#2586,#2587)),
 .UNSPECIFIED.,.F.,.F.,.F.,(4,2,2,1,4),(4,2,2,1,1,1,4),(0.,0.125,0.25,0.375,
0.5),(0.,0.125,0.25,0.375,0.5,1.,1.5),.UNSPECIFIED.);
#38=B_SPLINE_SURFACE_WITH_KNOTS('',3,3,((#2619,#2620,#2621,#2622,#2623,
#2624,#2625,#2626,#2627,#2628),(#2629,#2630,#2631,#2632,#2633,#2634,#2635,
#2636,#2637,#2638),(#2639,#2640,#2641,#2642,#2643,#2644,#2645,#2646,#2647,
#2648),(#2649,#2650,#2651,#2652,#2653,#2654,#2655,#2656,#2657,#2658),(#2659,
#2660,#2661,#2662,#2663,#2664,#2665,#2666,#2667,#2668),(#2669,#2670,#2671,
#2672,#2673,#2674,#2675,#2676,#2677,#2678),(#2679,#2680,#2681,#2682,#2683,
#2684,#2685,#2686,#2687,#2688),(#2689,#2690,#2691,#2692,#2693,#2694,#2695,
#2696,#2697,#2698),(#2699,#2700,#2701,#2702,#2703,#2704,#2705,#2706,#2707,
#2708),(#2709,#2710,#2711,#2712,#2713,#2714,#2715,#2716,#2717,#2718)),
 .UNSPECIFIED.,.F.,.F.,.F.,(4,2,2,2,4),(4,2,2,2,4),(0.,0.125,0.25,0.375,
0.5),(0.,0.125,0.25,0.375,0.5),.UNSPECIFIED.);
#39=B_SPLINE_SURFACE_WITH_KNOTS('',3,3,((#2729,#2730,#2731,#2732,#2733,
#2734,#2735,#2736,#2737,#2738),(#2739,#2740,#2741,#2742,#2743,#2744,#2745,
#2746,#2747,#2748),(#2749,#2750,#2751,#2752,#2753,#2754,#2755,#2756,#2757,
#2758),(#2759,#2760,#2761,#2762,#2763,#2764,#2765,#2766,#2767,#2768),(#2769,
#2770,#2771,#2772,#2773,#2774,#2775,#2776,#2777,#2778),(#2779,#2780,#2781,
#2782,#2783,#2784,#2785,#2786,#2787,#2788),(#2789,#2790,#2791,#2792,#2793,
#2794,#2795,#2796,#2797,#2798),(#2799,#2800,#2801,#2802,#2803,#2804,#2805,
#2806,#2807,#2808),(#2809,#2810,#2811,#2812,#2813,#2814,#2815,#2816,#2817,
#2818),(#2819,#2820,#2821,#2822,#2823,#2824,#2825,#2826,#2827,#2828)),
 .UNSPECIFIED.,.F.,.F.,.F.,(4,2,2,2,4),(4,2,2,2,4),(0.,0.125,0.25,0.375,
0.5),(0.,0.125,0.25,0.375,0.5),.UNSPECIFIED.);
#40=B_SPLINE_SURFACE_WITH_KNOTS('',3,3,((#2839,#2840,#2841,#2842,#2843,
#2844,#2845,#2846,#2847,#2848,#2849,#2850,#2851,#2852,#2853,#2854),(#2855,
#2856,#2857,#2858,#2859,#2860,#2861,#2862,#2863,#2864,#2865,#2866,#2867,
#2868,#2869,#2870),(#2871,#2872,#2873,#2874,#2875,#2876,#2877,#2878,#2879,
#2880,#2881,#2882,#2883,#2884,#2885,#2886),(#2887,#2888,#2889,#2890,#2891,
#2892,#2893,#2894,#2895,#2896,#2897,#2898,#2899,#2900,#2901,#2902),(#2903,
#2904,#2905,#2906,#2907,#2908,#2909,#2910,#2911,#2912,#2913,#2914,#2915,
#2916,#2917,#2918),(#2919,#2920,#2921,#2922,#2923,#2924,#2925,#2926,#2927,
#2928,#2929,#2930,#2931,#2932,#2933,#2934),(#2935,#2936,#2937,#2938,#2939,
#2940,#2941,#2942,#2943,#2944,#2945,#2946,#2947,#2948,#2949,#2950),(#2951,
#2952,#2953,#2954,#2955,#2956,#2957,#2958,#2959,#2960,#2961,#2962,#2963,
#2964,#2965,#2966),(#2967,#2968,#2969,#2970,#2971,#2972,#2973,#2974,#2975,
#2976,#2977,#2978,#2979,#2980,#2981,#2982),(#2983,#2984,#2985,#2986,#2987,
#2988,#2989,#2990,#2991,#2992,#2993,#2994,#2995,#2996,#2997,#2998),(#2999,
#3000,#3001,#3002,#3003,#3004,#3005,#3006,#3007,#3008,#3009,#3010,#3011,
#3012,#3013,#3014),(#3015,#3016,#3017,#3018,#3019,#3020,#3021,#3022,#3023,
#3024,#3025,#3026,#3027,#3028,#3029,#3030),(#3031,#3032,#3033,#3034,#3035,
#3036,#3037,#3038,#3039,#3040,#3041,#3042,#3043,#3044,#3045,#3046),(#3047,
#3048,#3049,#3050,#3051,#3052,#3053,#3054,#3055,#3056,#3057,#3058,#3059,
#3060,#3061,#3062),(#3063,#3064,#3065,#3066,#3067,#3068,#3069,#3070,#3071,
#3072,#3073,#3074,#3075,#3076,#3077,#3078)),.UNSPECIFIED.,.F.,.F.,.F.,(4,
2,2,1,1,1,2,2,4),(4,2,2,1,1,1,1,2,2,4),(0.,0.125,0.25,0.5,1.,1.5,1.75,1.875,
2.),(0.,0.125,0.25,0.5,1.,1.5,1.625,1.75,1.875,2.),.UNSPECIFIED.);
#41=B_SPLINE_SURFACE_WITH_KNOTS('',3,3,((#3131,#3132,#3133,#3134,#3135,
#3136,#3137,#3138,#3139,#3140,#3141,#3142,#3143,#3144,#3145,#3146),(#3147,
#3148,#3149,#3150,#3151,#3152,#3153,#3154,#3155,#3156,#3157,#3158,#3159,
#3160,#3161,#3162),(#3163,#3164,#3165,#3166,#3167,#3168,#3169,#3170,#3171,
#3172,#3173,#3174,#3175,#3176,#3177,#3178),(#3179,#3180,#3181,#3182,#3183,
#3184,#3185,#3186,#3187,#3188,#3189,#3190,#3191,#3192,#3193,#3194),(#3195,
#3196,#3197,#3198,#3199,#3200,#3201,#3202,#3203,#3204,#3205,#3206,#3207,
#3208,#3209,#3210),(#3211,#3212,#3213,#3214,#3215,#3216,#3217,#3218,#3219,
#3220,#3221,#3222,#3223,#3224,#3225,#3226),(#3227,#3228,#3229,#3230,#3231,
#3232,#3233,#3234,#3235,#3236,#3237,#3238,#3239,#3240,#3241,#3242),(#3243,
#3244,#3245,#3246,#3247,#3248,#3249,#3250,#3251,#3252,#3253,#3254,#3255,
#3256,#3257,#3258),(#3259,#3260,#3261,#3262,#3263,#3264,#3265,#3266,#3267,
#3268,#3269,#3270,#3271,#3272,#3273,#3274),(#3275,#3276,#3277,#3278,#3279,
#3280,#3281,#3282,#3283,#3284,#3285,#3286,#3287,#3288,#3289,#3290),(#3291,
#3292,#3293,#3294,#3295,#3296,#3297,#3298,#3299,#3300,#3301,#3302,#3303,
#3304,#3305,#3306),(#3307,#3308,#3309,#3310,#3311,#3312,#3313,#3314,#3315,
#3316,#3317,#3318,#3319,#3320,#3321,#3322),(#3323,#3324,#3325,#3326,#3327,
#3328,#3329,#3330,#3331,#3332,#3333,#3334,#3335,#3336,#3337,#3338),(#3339,
#3340,#3341,#3342,#3343,#3344,#3345,#3346,#3347,#3348,#3349,#3350,#3351,
#3352,#3353,#3354),(#3355,#3356,#3357,#3358,#3359,#3360,#3361,#3362,#3363,
#3364,#3365,#3366,#3367,#3368,#3369,#3370)),.UNSPECIFIED.,.F.,.F.,.F.,(4,
2,2,1,1,1,2,2,4),(4,2,2,1,1,1,1,2,2,4),(0.,0.125,0.25,0.5,1.,1.5,1.75,1.875,
2.),(0.,0.125,0.25,0.375,0.5,1.,1.5,1.75,1.875,2.),.UNSPECIFIED.);
#42=B_SPLINE_SURFACE_WITH_KNOTS('',3,3,((#3423,#3424,#3425,#3426,#3427,
#3428,#3429,#3430,#3431,#3432,#3433,#3434,#3435,#3436,#3437),(#3438,#3439,
#3440,#3441,#3442,#3443,#3444,#3445,#3446,#3447,#3448,#3449,#3450,#3451,
#3452),(#3453,#3454,#3455,#3456,#3457,#3458,#3459,#3460,#3461,#3462,#3463,
#3464,#3465,#3466,#3467),(#3468,#3469,#3470,#3471,#3472,#3473,#3474,#3475,
#3476,#3477,#3478,#3479,#3480,#3481,#3482),(#3483,#3484,#3485,#3486,#3487,
#3488,#3489,#3490,#3491,#3492,#3493,#3494,#3495,#3496,#3497),(#3498,#3499,
#3500,#3501,#3502,#3503,#3504,#3505,#3506,#3507,#3508,#3509,#3510,#3511,
#3512),(#3513,#3514,#3515,#3516,#3517,#3518,#3519,#3520,#3521,#3522,#3523,
#3524,#3525,#3526,#3527),(#3528,#3529,#3530,#3531,#3532,#3533,#3534,#3535,
#3536,#3537,#3538,#3539,#3540,#3541,#3542),(#3543,#3544,#3545,#3546,#3547,
#3548,#3549,#3550,#3551,#3552,#3553,#3554,#3555,#3556,#3557),(#3558,#3559,
#3560,#3561,#3562,#3563,#3564,#3565,#3566,#3567,#3568,#3569,#3570,#3571,
#3572),(#3573,#3574,#3575,#3576,#3577,#3578,#3579,#3580,#3581,#3582,#3583,
#3584,#3585,#3586,#3587),(#3588,#3589,#3590,#3591,#3592,#3593,#3594,#3595,
#3596,#3597,#3598,#3599,#3600,#3601,#3602),(#3603,#3604,#3605,#3606,#3607,
#3608,#3609,#3610,#3611,#3612,#3613,#3614,#3615,#3616,#3617),(#3618,#3619,
#3620,#3621,#3622,#3623,#3624,#3625,#3626,#3627,#3628,#3629,#3630,#3631,
#3632),(#3633,#3634,#3635,#3636,#3637,#3638,#3639,#3640,#3641,#3642,#3643,
#3644,#3645,#3646,#3647),(#3648,#3649,#3650,#3651,#3652,#3653,#3654,#3655,
#3656,#3657,#3658,#3659,#3660,#3661,#3662),(#3663,#3664,#3665,#3666,#3667,
#3668,#3669,#3670,#3671,#3672,#3673,#3674,#3675,#3676,#3677)),
 .UNSPECIFIED.,.F.,.F.,.F.,(4,2,2,1,1,1,1,1,2,2,4),(4,2,2,1,1,1,2,2,4),
(0.,0.125,0.25,0.5,1.,2.,3.,3.5,3.75,3.875,4.),(0.,0.125,0.25,0.5,1.,1.5,
1.75,1.875,2.),.UNSPECIFIED.);
#43=B_SPLINE_SURFACE_WITH_KNOTS('',3,3,((#3711,#3712,#3713,#3714,#3715,
#3716,#3717,#3718,#3719,#3720,#3721,#3722,#3723,#3724,#3725),(#3726,#3727,
#3728,#3729,#3730,#3731,#3732,#3733,#3734,#3735,#3736,#3737,#3738,#3739,
#3740),(#3741,#3742,#3743,#3744,#3745,#3746,#3747,#3748,#3749,#3750,#3751,
#3752,#3753,#3754,#3755),(#3756,#3757,#3758,#3759,#3760,#3761,#3762,#3763,
#3764,#3765,#3766,#3767,#3768,#3769,#3770),(#3771,#3772,#3773,#3774,#3775,
#3776,#3777,#3778,#3779,#3780,#3781,#3782,#3783,#3784,#3785),(#3786,#3787,
#3788,#3789,#3790,#3791,#3792,#3793,#3794,#3795,#3796,#3797,#3798,#3799,
#3800),(#3801,#3802,#3803,#3804,#3805,#3806,#3807,#3808,#3809,#3810,#3811,
#3812,#3813,#3814,#3815),(#3816,#3817,#3818,#3819,#3820,#3821,#3822,#3823,
#3824,#3825,#3826,#3827,#3828,#3829,#3830),(#3831,#3832,#3833,#3834,#3835,
#3836,#3837,#3838,#3839,#3840,#3841,#3842,#3843,#3844,#3845),(#3846,#3847,
#3848,#3849,#3850,#3851,#3852,#3853,#3854,#3855,#3856,#3857,#3858,#3859,
#3860),(#3861,#3862,#3863,#3864,#3865,#3866,#3867,#3868,#3869,#3870,#3871,
#3872,#3873,#3874,#3875),(#3876,#3877,#3878,#3879,#3880,#3881,#3882,#3883,
#3884,#3885,#3886,#3887,#3888,#3889,#3890),(#3891,#3892,#3893,#3894,#3895,
#3896,#3897,#3898,#3899,#3900,#3901,#3902,#3903,#3904,#3905),(#3906,#3907,
#3908,#3909,#3910,#3911,#3912,#3913,#3914,#3915,#3916,#3917,#3918,#3919,
#3920),(#3921,#3922,#3923,#3924,#3925,#3926,#3927,#3928,#3929,#3930,#3931,
#3932,#3933,#3934,#3935),(#3936,#3937,#3938,#3939,#3940,#3941,#3942,#3943,
#3944,#3945,#3946,#3947,#3948,#3949,#3950),(#3951,#3952,#3953,#3954,#3955,
#3956,#3957,#3958,#3959,#3960,#3961,#3962,#3963,#3964,#3965)),
 .UNSPECIFIED.,.F.,.F.,.F.,(4,2,2,1,1,1,1,1,2,2,4),(4,2,2,1,1,1,2,2,4),
(0.,0.125,0.25,0.5,1.,2.,3.,3.5,3.75,3.875,4.),(0.,0.125,0.25,0.5,1.,1.5,
1.75,1.875,2.),.UNSPECIFIED.);
#44=B_SPLINE_SURFACE_WITH_KNOTS('',3,3,((#3999,#4000,#4001,#4002,#4003,
#4004,#4005,#4006,#4007,#4008,#4009,#4010,#4011),(#4012,#4013,#4014,#4015,
#4016,#4017,#4018,#4019,#4020,#4021,#4022,#4023,#4024),(#4025,#4026,#4027,
#4028,#4029,#4030,#4031,#4032,#4033,#4034,#4035,#4036,#4037),(#4038,#4039,
#4040,#4041,#4042,#4043,#4044,#4045,#4046,#4047,#4048,#4049,#4050),(#4051,
#4052,#4053,#4054,#4055,#4056,#4057,#4058,#4059,#4060,#4061,#4062,#4063),
(#4064,#4065,#4066,#4067,#4068,#4069,#4070,#4071,#4072,#4073,#4074,#4075,
#4076),(#4077,#4078,#4079,#4080,#4081,#4082,#4083,#4084,#4085,#4086,#4087,
#4088,#4089),(#4090,#4091,#4092,#4093,#4094,#4095,#4096,#4097,#4098,#4099,
#4100,#4101,#4102),(#4103,#4104,#4105,#4106,#4107,#4108,#4109,#4110,#4111,
#4112,#4113,#4114,#4115),(#4116,#4117,#4118,#4119,#4120,#4121,#4122,#4123,
#4124,#4125,#4126,#4127,#4128),(#4129,#4130,#4131,#4132,#4133,#4134,#4135,
#4136,#4137,#4138,#4139,#4140,#4141)),.UNSPECIFIED.,.F.,.F.,.F.,(4,2,2,
1,1,1,4),(4,2,2,1,2,2,4),(0.,0.125,0.25,0.5,1.,2.,2.5),(0.,0.125,0.25,0.5,
0.75,0.875,1.),.UNSPECIFIED.);
#45=B_SPLINE_SURFACE_WITH_KNOTS('',3,3,((#4165,#4166,#4167,#4168,#4169,
#4170,#4171,#4172,#4173,#4174,#4175,#4176,#4177),(#4178,#4179,#4180,#4181,
#4182,#4183,#4184,#4185,#4186,#4187,#4188,#4189,#4190),(#4191,#4192,#4193,
#4194,#4195,#4196,#4197,#4198,#4199,#4200,#4201,#4202,#4203),(#4204,#4205,
#4206,#4207,#4208,#4209,#4210,#4211,#4212,#4213,#4214,#4215,#4216),(#4217,
#4218,#4219,#4220,#4221,#4222,#4223,#4224,#4225,#4226,#4227,#4228,#4229),
(#4230,#4231,#4232,#4233,#4234,#4235,#4236,#4237,#4238,#4239,#4240,#4241,
#4242),(#4243,#4244,#4245,#4246,#4247,#4248,#4249,#4250,#4251,#4252,#4253,
#4254,#4255),(#4256,#4257,#4258,#4259,#4260,#4261,#4262,#4263,#4264,#4265,
#4266,#4267,#4268),(#4269,#4270,#4271,#4272,#4273,#4274,#4275,#4276,#4277,
#4278,#4279,#4280,#4281),(#4282,#4283,#4284,#4285,#4286,#4287,#4288,#4289,
#4290,#4291,#4292,#4293,#4294),(#4295,#4296,#4297,#4298,#4299,#4300,#4301,
#4302,#4303,#4304,#4305,#4306,#4307),(#4308,#4309,#4310,#4311,#4312,#4313,
#4314,#4315,#4316,#4317,#4318,#4319,#4320),(#4321,#4322,#4323,#4324,#4325,
#4326,#4327,#4328,#4329,#4330,#4331,#4332,#4333)),.UNSPECIFIED.,.F.,.F.,
 .F.,(4,2,2,1,2,2,4),(4,2,2,1,2,2,4),(0.,0.125,0.25,0.5,0.75,0.875,1.),
(0.,0.125,0.25,0.5,0.75,0.875,1.),.UNSPECIFIED.);
#46=B_SPLINE_SURFACE_WITH_KNOTS('',3,3,((#4349,#4350,#4351,#4352,#4353,
#4354,#4355,#4356,#4357,#4358,#4359,#4360,#4361),(#4362,#4363,#4364,#4365,
#4366,#4367,#4368,#4369,#4370,#4371,#4372,#4373,#4374),(#4375,#4376,#4377,
#4378,#4379,#4380,#4381,#4382,#4383,#4384,#4385,#4386,#4387),(#4388,#4389,
#4390,#4391,#4392,#4393,#4394,#4395,#4396,#4397,#4398,#4399,#4400),(#4401,
#4402,#4403,#4404,#4405,#4406,#4407,#4408,#4409,#4410,#4411,#4412,#4413),
(#4414,#4415,#4416,#4417,#4418,#4419,#4420,#4421,#4422,#4423,#4424,#4425,
#4426),(#4427,#4428,#4429,#4430,#4431,#4432,#4433,#4434,#4435,#4436,#4437,
#4438,#4439),(#4440,#4441,#4442,#4443,#4444,#4445,#4446,#4447,#4448,#4449,
#4450,#4451,#4452),(#4453,#4454,#4455,#4456,#4457,#4458,#4459,#4460,#4461,
#4462,#4463,#4464,#4465),(#4466,#4467,#4468,#4469,#4470,#4471,#4472,#4473,
#4474,#4475,#4476,#4477,#4478),(#4479,#4480,#4481,#4482,#4483,#4484,#4485,
#4486,#4487,#4488,#4489,#4490,#4491),(#4492,#4493,#4494,#4495,#4496,#4497,
#4498,#4499,#4500,#4501,#4502,#4503,#4504),(#4505,#4506,#4507,#4508,#4509,
#4510,#4511,#4512,#4513,#4514,#4515,#4516,#4517),(#4518,#4519,#4520,#4521,
#4522,#4523,#4524,#4525,#4526,#4527,#4528,#4529,#4530),(#4531,#4532,#4533,
#4534,#4535,#4536,#4537,#4538,#4539,#4540,#4541,#4542,#4543),(#4544,#4545,
#4546,#4547,#4548,#4549,#4550,#4551,#4552,#4553,#4554,#4555,#4556),(#4557,
#4558,#4559,#4560,#4561,#4562,#4563,#4564,#4565,#4566,#4567,#4568,#4569),
(#4570,#4571,#4572,#4573,#4574,#4575,#4576,#4577,#4578,#4579,#4580,#4581,
#4582)),.UNSPECIFIED.,.F.,.F.,.F.,(4,2,2,1,1,1,1,1,1,2,2,4),(4,2,2,1,2,
2,4),(0.,0.125,0.25,0.5,1.,2.,3.,4.,4.5,4.75,4.875,5.),(0.,0.125,0.25,0.5,
0.75,0.875,1.),.UNSPECIFIED.);
#47=B_SPLINE_SURFACE_WITH_KNOTS('',3,1,((#4630,#4631),(#4632,#4633),(#4634,
#4635),(#4636,#4637),(#4638,#4639),(#4640,#4641),(#4642,#4643),(#4644,#4645),
(#4646,#4647),(#4648,#4649),(#4650,#4651),(#4652,#4653),(#4654,#4655),(#4656,
#4657),(#4658,#4659),(#4660,#4661),(#4662,#4663),(#4664,#4665),(#4666,#4667),
(#4668,#4669),(#4670,#4671),(#4672,#4673),(#4674,#4675),(#4676,#4677),(#4678,
#4679),(#4680,#4681),(#4682,#4683),(#4684,#4685),(#4686,#4687),(#4688,#4689),
(#4690,#4691),(#4692,#4693),(#4694,#4695),(#4696,#4697),(#4698,#4699),(#4700,
#4701),(#4702,#4703),(#4704,#4705),(#4706,#4707),(#4708,#4709),(#4710,#4711),
(#4712,#4713),(#4714,#4715),(#4716,#4717),(#4718,#4719),(#4720,#4721),(#4722,
#4723),(#4724,#4725),(#4726,#4727),(#4728,#4729)),.UNSPECIFIED.,.F.,.F.,
 .F.,(4,2,2,2,2,2,2,2,2,2,2,2,2,2,2,2,2,2,2,2,2,2,2,2,4),(2,2),(0.,0.290181525822329,
0.858537761626814,2.12478458946015,3.16189039780306,4.18825874572322,5.36442020221753,
7.10418935435051,8.1917831253804,8.97610690859091,9.83338703121365,11.3392566461156,
13.9323970323121,16.3182645339519,17.2195252540804,18.2218820446028,18.8677608650184,
20.2878315766876,23.4581603750679,25.4911189317523,27.832337142976,30.4351905291311,
31.7037874640291,32.3695971767277,32.9188977416376),(0.,1.5),
 .UNSPECIFIED.);
#48=B_SPLINE_SURFACE_WITH_KNOTS('',3,1,((#4861,#4862),(#4863,#4864),(#4865,
#4866),(#4867,#4868),(#4869,#4870),(#4871,#4872),(#4873,#4874),(#4875,#4876),
(#4877,#4878),(#4879,#4880),(#4881,#4882),(#4883,#4884),(#4885,#4886),(#4887,
#4888),(#4889,#4890),(#4891,#4892)),.UNSPECIFIED.,.F.,.F.,.F.,(4,2,2,2,
2,2,2,4),(2,2),(0.,1.09131885351483,1.46999491274088,1.79638076420716,2.20550915714135,
2.79258624098362,3.21385075240514,3.61834035867326),(0.,1.5),
 .UNSPECIFIED.);
#49=B_SPLINE_SURFACE_WITH_KNOTS('',3,1,((#4899,#4900),(#4901,#4902),(#4903,
#4904),(#4905,#4906),(#4907,#4908),(#4909,#4910),(#4911,#4912),(#4913,#4914),
(#4915,#4916),(#4917,#4918),(#4919,#4920),(#4921,#4922),(#4923,#4924),(#4925,
#4926)),.UNSPECIFIED.,.F.,.F.,.F.,(4,2,2,2,2,2,4),(2,2),(0.,0.327711137882256,
0.689656424171311,0.909255356879623,1.11488643063573,1.32544374110622,1.90158699258052),
(0.,1.5),.UNSPECIFIED.);
#50=B_SPLINE_SURFACE_WITH_KNOTS('',3,1,((#4933,#4934),(#4935,#4936),(#4937,
#4938),(#4939,#4940),(#4941,#4942),(#4943,#4944),(#4945,#4946),(#4947,#4948),
(#4949,#4950),(#4951,#4952),(#4953,#4954),(#4955,#4956),(#4957,#4958),(#4959,
#4960),(#4961,#4962),(#4963,#4964),(#4965,#4966),(#4967,#4968),(#4969,#4970),
(#4971,#4972),(#4973,#4974),(#4975,#4976),(#4977,#4978),(#4979,#4980),(#4981,
#4982),(#4983,#4984),(#4985,#4986),(#4987,#4988),(#4989,#4990),(#4991,#4992),
(#4993,#4994),(#4995,#4996),(#4997,#4998),(#4999,#5000),(#5001,#5002),(#5003,
#5004),(#5005,#5006),(#5007,#5008),(#5009,#5010),(#5011,#5012),(#5013,#5014),
(#5015,#5016),(#5017,#5018),(#5019,#5020),(#5021,#5022),(#5023,#5024),(#5025,
#5026),(#5027,#5028),(#5029,#5030),(#5031,#5032),(#5033,#5034),(#5035,#5036),
(#5037,#5038),(#5039,#5040),(#5041,#5042),(#5043,#5044),(#5045,#5046),(#5047,
#5048),(#5049,#5050),(#5051,#5052),(#5053,#5054),(#5055,#5056),(#5057,#5058),
(#5059,#5060)),.UNSPECIFIED.,.F.,.F.,.F.,(4,3,3,3,3,3,3,3,3,3,3,3,3,3,3,
3,3,3,3,3,3,4),(2,2),(0.,0.204906646997945,0.48914143736791,0.822258291377054,
0.951215356200694,1.3466799089798,1.96755994575408,2.20920324862164,2.53936273972559,
2.81864986136628,2.91920016844807,2.9939928638619,3.16933586635751,3.44479805702235,
3.48999878977563,3.61434551561867,3.783892974215,3.89863341679596,3.96127263777582,
4.08650558327639,4.17346066617288,4.35193976412744),(0.,1.5),
 .UNSPECIFIED.);
#51=B_SPLINE_SURFACE_WITH_KNOTS('',3,1,((#5061,#5062),(#5063,#5064),(#5065,
#5066),(#5067,#5068),(#5069,#5070),(#5071,#5072),(#5073,#5074),(#5075,#5076),
(#5077,#5078),(#5079,#5080),(#5081,#5082),(#5083,#5084),(#5085,#5086),(#5087,
#5088),(#5089,#5090),(#5091,#5092),(#5093,#5094),(#5095,#5096),(#5097,#5098),
(#5099,#5100),(#5101,#5102),(#5103,#5104),(#5105,#5106),(#5107,#5108),(#5109,
#5110),(#5111,#5112),(#5113,#5114),(#5115,#5116),(#5117,#5118),(#5119,#5120),
(#5121,#5122),(#5123,#5124),(#5125,#5126),(#5127,#5128),(#5129,#5130),(#5131,
#5132),(#5133,#5134),(#5135,#5136),(#5137,#5138),(#5139,#5140),(#5141,#5142),
(#5143,#5144),(#5145,#5146),(#5147,#5148),(#5149,#5150),(#5151,#5152),(#5153,
#5154),(#5155,#5156),(#5157,#5158),(#5159,#5160),(#5161,#5162),(#5163,#5164),
(#5165,#5166),(#5167,#5168),(#5169,#5170),(#5171,#5172),(#5173,#5174),(#5175,
#5176),(#5177,#5178),(#5179,#5180),(#5181,#5182),(#5183,#5184),(#5185,#5186),
(#5187,#5188)),.UNSPECIFIED.,.F.,.F.,.F.,(4,3,3,3,3,3,3,3,3,3,3,3,3,3,3,
3,3,3,3,3,3,4),(2,2),(0.,0.204906646997945,0.48914143736791,0.822258291377054,
0.951215356200694,1.3466799089798,1.96755994575408,2.20920324862164,2.53936273972559,
2.81864986136628,2.91920016844807,2.9939928638619,3.16933586635751,3.44479805702235,
3.48999878977563,3.61434551561867,3.783892974215,3.89863341679596,3.96127263777582,
4.08650558327639,4.17346066617288,4.35193976412744),(0.,1.5),
 .UNSPECIFIED.);
#52=B_SPLINE_SURFACE_WITH_KNOTS('',3,1,((#5189,#5190),(#5191,#5192),(#5193,
#5194),(#5195,#5196),(#5197,#5198),(#5199,#5200),(#5201,#5202),(#5203,#5204),
(#5205,#5206),(#5207,#5208),(#5209,#5210),(#5211,#5212),(#5213,#5214),(#5215,
#5216),(#5217,#5218),(#5219,#5220),(#5221,#5222),(#5223,#5224),(#5225,#5226),
(#5227,#5228),(#5229,#5230),(#5231,#5232),(#5233,#5234),(#5235,#5236),(#5237,
#5238),(#5239,#5240),(#5241,#5242),(#5243,#5244),(#5245,#5246),(#5247,#5248),
(#5249,#5250),(#5251,#5252),(#5253,#5254),(#5255,#5256),(#5257,#5258),(#5259,
#5260),(#5261,#5262),(#5263,#5264),(#5265,#5266),(#5267,#5268),(#5269,#5270),
(#5271,#5272),(#5273,#5274),(#5275,#5276),(#5277,#5278),(#5279,#5280),(#5281,
#5282),(#5283,#5284),(#5285,#5286),(#5287,#5288)),.UNSPECIFIED.,.F.,.F.,
 .F.,(4,2,2,2,2,2,2,2,2,2,2,2,2,2,2,2,2,2,2,2,2,2,2,2,4),(2,2),(0.,0.290181525822329,
0.858537761626814,2.12478458946015,3.16189039780306,4.18825874572322,5.36442020221753,
7.10418935435051,8.1917831253804,8.97610690859091,9.83338703121365,11.3392566461156,
13.9323970323121,16.3182645339519,17.2195252540804,18.2218820446028,18.8677608650184,
20.2878315766876,23.4581603750679,25.4911189317523,27.832337142976,30.4351905291311,
31.7037874640291,32.3695971767277,32.9188977416376),(0.,1.5),
 .UNSPECIFIED.);
#53=B_SPLINE_SURFACE_WITH_KNOTS('',3,3,((#5314,#5315,#5316,#5317,#5318,
#5319,#5320,#5321,#5322,#5323,#5324),(#5325,#5326,#5327,#5328,#5329,#5330,
#5331,#5332,#5333,#5334,#5335),(#5336,#5337,#5338,#5339,#5340,#5341,#5342,
#5343,#5344,#5345,#5346),(#5347,#5348,#5349,#5350,#5351,#5352,#5353,#5354,
#5355,#5356,#5357),(#5358,#5359,#5360,#5361,#5362,#5363,#5364,#5365,#5366,
#5367,#5368),(#5369,#5370,#5371,#5372,#5373,#5374,#5375,#5376,#5377,#5378,
#5379),(#5380,#5381,#5382,#5383,#5384,#5385,#5386,#5387,#5388,#5389,#5390),
(#5391,#5392,#5393,#5394,#5395,#5396,#5397,#5398,#5399,#5400,#5401),(#5402,
#5403,#5404,#5405,#5406,#5407,#5408,#5409,#5410,#5411,#5412),(#5413,#5414,
#5415,#5416,#5417,#5418,#5419,#5420,#5421,#5422,#5423),(#5424,#5425,#5426,
#5427,#5428,#5429,#5430,#5431,#5432,#5433,#5434),(#5435,#5436,#5437,#5438,
#5439,#5440,#5441,#5442,#5443,#5444,#5445),(#5446,#5447,#5448,#5449,#5450,
#5451,#5452,#5453,#5454,#5455,#5456),(#5457,#5458,#5459,#5460,#5461,#5462,
#5463,#5464,#5465,#5466,#5467),(#5468,#5469,#5470,#5471,#5472,#5473,#5474,
#5475,#5476,#5477,#5478),(#5479,#5480,#5481,#5482,#5483,#5484,#5485,#5486,
#5487,#5488,#5489),(#5490,#5491,#5492,#5493,#5494,#5495,#5496,#5497,#5498,
#5499,#5500),(#5501,#5502,#5503,#5504,#5505,#5506,#5507,#5508,#5509,#5510,
#5511),(#5512,#5513,#5514,#5515,#5516,#5517,#5518,#5519,#5520,#5521,#5522),
(#5523,#5524,#5525,#5526,#5527,#5528,#5529,#5530,#5531,#5532,#5533),(#5534,
#5535,#5536,#5537,#5538,#5539,#5540,#5541,#5542,#5543,#5544),(#5545,#5546,
#5547,#5548,#5549,#5550,#5551,#5552,#5553,#5554,#5555),(#5556,#5557,#5558,
#5559,#5560,#5561,#5562,#5563,#5564,#5565,#5566)),.UNSPECIFIED.,.F.,.F.,
 .F.,(4,2,1,1,1,1,1,1,1,1,1,1,1,1,1,1,1,2,4),(4,2,1,1,1,2,4),(0.,0.125,
0.25,0.5,1.,2.,3.,4.,5.,6.,7.,8.,9.,10.,11.,11.5,11.75,11.875,12.),(0.,
0.125,0.25,0.5,0.75,0.875,1.),.UNSPECIFIED.);
#54=B_SPLINE_SURFACE_WITH_KNOTS('',3,1,((#5727,#5728),(#5729,#5730),(#5731,
#5732),(#5733,#5734),(#5735,#5736),(#5737,#5738),(#5739,#5740),(#5741,#5742),
(#5743,#5744),(#5745,#5746),(#5747,#5748),(#5749,#5750),(#5751,#5752),(#5753,
#5754),(#5755,#5756),(#5757,#5758),(#5759,#5760),(#5761,#5762),(#5763,#5764),
(#5765,#5766),(#5767,#5768),(#5769,#5770),(#5771,#5772),(#5773,#5774),(#5775,
#5776),(#5777,#5778),(#5779,#5780),(#5781,#5782),(#5783,#5784),(#5785,#5786),
(#5787,#5788),(#5789,#5790),(#5791,#5792),(#5793,#5794),(#5795,#5796),(#5797,
#5798),(#5799,#5800),(#5801,#5802),(#5803,#5804),(#5805,#5806),(#5807,#5808),
(#5809,#5810),(#5811,#5812),(#5813,#5814),(#5815,#5816),(#5817,#5818),(#5819,
#5820),(#5821,#5822),(#5823,#5824),(#5825,#5826)),.UNSPECIFIED.,.F.,.F.,
 .F.,(4,2,2,2,2,2,2,2,2,2,2,2,2,2,2,2,2,2,2,2,2,2,2,2,4),(2,2),(0.,0.290181525822329,
0.858537761626814,2.12478458946015,3.16189039780306,4.18825874572322,5.36442020221753,
7.10418935435051,8.1917831253804,8.97610690859091,9.83338703121365,11.3392566461156,
13.9323970323121,16.3182645339519,17.2195252540804,18.2218820446028,18.8677608650184,
20.2878315766876,23.4581603750679,25.4911189317523,27.832337142976,30.4351905291311,
31.7037874640291,32.3695971767277,32.9188977416376),(0.,1.5),
 .UNSPECIFIED.);
#55=B_SPLINE_SURFACE_WITH_KNOTS('',3,3,((#5834,#5835,#5836,#5837,#5838,
#5839,#5840,#5841,#5842,#5843,#5844,#5845,#5846),(#5847,#5848,#5849,#5850,
#5851,#5852,#5853,#5854,#5855,#5856,#5857,#5858,#5859),(#5860,#5861,#5862,
#5863,#5864,#5865,#5866,#5867,#5868,#5869,#5870,#5871,#5872),(#5873,#5874,
#5875,#5876,#5877,#5878,#5879,#5880,#5881,#5882,#5883,#5884,#5885),(#5886,
#5887,#5888,#5889,#5890,#5891,#5892,#5893,#5894,#5895,#5896,#5897,#5898),
(#5899,#5900,#5901,#5902,#5903,#5904,#5905,#5906,#5907,#5908,#5909,#5910,
#5911),(#5912,#5913,#5914,#5915,#5916,#5917,#5918,#5919,#5920,#5921,#5922,
#5923,#5924),(#5925,#5926,#5927,#5928,#5929,#5930,#5931,#5932,#5933,#5934,
#5935,#5936,#5937),(#5938,#5939,#5940,#5941,#5942,#5943,#5944,#5945,#5946,
#5947,#5948,#5949,#5950),(#5951,#5952,#5953,#5954,#5955,#5956,#5957,#5958,
#5959,#5960,#5961,#5962,#5963),(#5964,#5965,#5966,#5967,#5968,#5969,#5970,
#5971,#5972,#5973,#5974,#5975,#5976),(#5977,#5978,#5979,#5980,#5981,#5982,
#5983,#5984,#5985,#5986,#5987,#5988,#5989),(#5990,#5991,#5992,#5993,#5994,
#5995,#5996,#5997,#5998,#5999,#6000,#6001,#6002),(#6003,#6004,#6005,#6006,
#6007,#6008,#6009,#6010,#6011,#6012,#6013,#6014,#6015),(#6016,#6017,#6018,
#6019,#6020,#6021,#6022,#6023,#6024,#6025,#6026,#6027,#6028),(#6029,#6030,
#6031,#6032,#6033,#6034,#6035,#6036,#6037,#6038,#6039,#6040,#6041),(#6042,
#6043,#6044,#6045,#6046,#6047,#6048,#6049,#6050,#6051,#6052,#6053,#6054),
(#6055,#6056,#6057,#6058,#6059,#6060,#6061,#6062,#6063,#6064,#6065,#6066,
#6067)),.UNSPECIFIED.,.F.,.F.,.F.,(4,2,2,1,1,1,1,1,1,2,2,4),(4,2,2,1,2,
2,4),(0.,0.125,0.25,0.5,1.,2.,3.,4.,4.5,4.75,4.875,5.),(0.,0.125,0.25,0.5,
0.75,0.875,1.),.UNSPECIFIED.);
#56=B_SPLINE_SURFACE_WITH_KNOTS('',3,3,((#6101,#6102,#6103,#6104,#6105,
#6106,#6107,#6108,#6109,#6110,#6111,#6112,#6113),(#6114,#6115,#6116,#6117,
#6118,#6119,#6120,#6121,#6122,#6123,#6124,#6125,#6126),(#6127,#6128,#6129,
#6130,#6131,#6132,#6133,#6134,#6135,#6136,#6137,#6138,#6139),(#6140,#6141,
#6142,#6143,#6144,#6145,#6146,#6147,#6148,#6149,#6150,#6151,#6152),(#6153,
#6154,#6155,#6156,#6157,#6158,#6159,#6160,#6161,#6162,#6163,#6164,#6165),
(#6166,#6167,#6168,#6169,#6170,#6171,#6172,#6173,#6174,#6175,#6176,#6177,
#6178),(#6179,#6180,#6181,#6182,#6183,#6184,#6185,#6186,#6187,#6188,#6189,
#6190,#6191),(#6192,#6193,#6194,#6195,#6196,#6197,#6198,#6199,#6200,#6201,
#6202,#6203,#6204),(#6205,#6206,#6207,#6208,#6209,#6210,#6211,#6212,#6213,
#6214,#6215,#6216,#6217),(#6218,#6219,#6220,#6221,#6222,#6223,#6224,#6225,
#6226,#6227,#6228,#6229,#6230),(#6231,#6232,#6233,#6234,#6235,#6236,#6237,
#6238,#6239,#6240,#6241,#6242,#6243),(#6244,#6245,#6246,#6247,#6248,#6249,
#6250,#6251,#6252,#6253,#6254,#6255,#6256),(#6257,#6258,#6259,#6260,#6261,
#6262,#6263,#6264,#6265,#6266,#6267,#6268,#6269)),.UNSPECIFIED.,.F.,.F.,
 .F.,(4,2,2,1,2,2,4),(4,2,2,1,2,2,4),(0.,0.125,0.25,0.5,0.75,0.875,1.),
(0.,0.125,0.25,0.5,0.75,0.875,1.),.UNSPECIFIED.);
#57=B_SPLINE_SURFACE_WITH_KNOTS('',3,3,((#6285,#6286,#6287,#6288,#6289,
#6290,#6291,#6292,#6293,#6294,#6295,#6296,#6297),(#6298,#6299,#6300,#6301,
#6302,#6303,#6304,#6305,#6306,#6307,#6308,#6309,#6310),(#6311,#6312,#6313,
#6314,#6315,#6316,#6317,#6318,#6319,#6320,#6321,#6322,#6323),(#6324,#6325,
#6326,#6327,#6328,#6329,#6330,#6331,#6332,#6333,#6334,#6335,#6336),(#6337,
#6338,#6339,#6340,#6341,#6342,#6343,#6344,#6345,#6346,#6347,#6348,#6349),
(#6350,#6351,#6352,#6353,#6354,#6355,#6356,#6357,#6358,#6359,#6360,#6361,
#6362),(#6363,#6364,#6365,#6366,#6367,#6368,#6369,#6370,#6371,#6372,#6373,
#6374,#6375),(#6376,#6377,#6378,#6379,#6380,#6381,#6382,#6383,#6384,#6385,
#6386,#6387,#6388),(#6389,#6390,#6391,#6392,#6393,#6394,#6395,#6396,#6397,
#6398,#6399,#6400,#6401),(#6402,#6403,#6404,#6405,#6406,#6407,#6408,#6409,
#6410,#6411,#6412,#6413,#6414),(#6415,#6416,#6417,#6418,#6419,#6420,#6421,
#6422,#6423,#6424,#6425,#6426,#6427)),.UNSPECIFIED.,.F.,.F.,.F.,(4,1,1,
1,2,2,4),(4,2,2,1,2,2,4),(0.,0.5,1.5,2.,2.25,2.375,2.5),(0.,0.125,0.25,
0.5,0.75,0.875,1.),.UNSPECIFIED.);
#58=B_SPLINE_SURFACE_WITH_KNOTS('',3,3,((#6440,#6441,#6442,#6443,#6444,
#6445,#6446,#6447,#6448,#6449,#6450),(#6451,#6452,#6453,#6454,#6455,#6456,
#6457,#6458,#6459,#6460,#6461),(#6462,#6463,#6464,#6465,#6466,#6467,#6468,
#6469,#6470,#6471,#6472),(#6473,#6474,#6475,#6476,#6477,#6478,#6479,#6480,
#6481,#6482,#6483),(#6484,#6485,#6486,#6487,#6488,#6489,#6490,#6491,#6492,
#6493,#6494),(#6495,#6496,#6497,#6498,#6499,#6500,#6501,#6502,#6503,#6504,
#6505),(#6506,#6507,#6508,#6509,#6510,#6511,#6512,#6513,#6514,#6515,#6516),
(#6517,#6518,#6519,#6520,#6521,#6522,#6523,#6524,#6525,#6526,#6527),(#6528,
#6529,#6530,#6531,#6532,#6533,#6534,#6535,#6536,#6537,#6538)),
 .UNSPECIFIED.,.F.,.F.,.F.,(4,2,2,1,4),(4,1,1,1,2,2,4),(0.,0.125,0.25,0.375,
0.5),(0.,0.5,1.,1.125,1.25,1.375,1.5),.UNSPECIFIED.);
#59=B_SPLINE_SURFACE_WITH_KNOTS('',3,3,((#6583,#6584,#6585,#6586,#6587,
#6588,#6589,#6590,#6591,#6592,#6593),(#6594,#6595,#6596,#6597,#6598,#6599,
#6600,#6601,#6602,#6603,#6604),(#6605,#6606,#6607,#6608,#6609,#6610,#6611,
#6612,#6613,#6614,#6615),(#6616,#6617,#6618,#6619,#6620,#6621,#6622,#6623,
#6624,#6625,#6626),(#6627,#6628,#6629,#6630,#6631,#6632,#6633,#6634,#6635,
#6636,#6637),(#6638,#6639,#6640,#6641,#6642,#6643,#6644,#6645,#6646,#6647,
#6648),(#6649,#6650,#6651,#6652,#6653,#6654,#6655,#6656,#6657,#6658,#6659),
(#6660,#6661,#6662,#6663,#6664,#6665,#6666,#6667,#6668,#6669,#6670),(#6671,
#6672,#6673,#6674,#6675,#6676,#6677,#6678,#6679,#6680,#6681)),
 .UNSPECIFIED.,.F.,.F.,.F.,(4,2,2,1,4),(4,2,2,1,1,1,4),(0.,0.125,0.25,0.375,
0.5),(0.,0.125,0.25,0.375,0.5,1.,1.5),.UNSPECIFIED.);
#60=B_SPLINE_SURFACE_WITH_KNOTS('',3,3,((#6726,#6727,#6728,#6729,#6730,
#6731,#6732,#6733,#6734,#6735),(#6736,#6737,#6738,#6739,#6740,#6741,#6742,
#6743,#6744,#6745),(#6746,#6747,#6748,#6749,#6750,#6751,#6752,#6753,#6754,
#6755),(#6756,#6757,#6758,#6759,#6760,#6761,#6762,#6763,#6764,#6765),(#6766,
#6767,#6768,#6769,#6770,#6771,#6772,#6773,#6774,#6775),(#6776,#6777,#6778,
#6779,#6780,#6781,#6782,#6783,#6784,#6785),(#6786,#6787,#6788,#6789,#6790,
#6791,#6792,#6793,#6794,#6795),(#6796,#6797,#6798,#6799,#6800,#6801,#6802,
#6803,#6804,#6805),(#6806,#6807,#6808,#6809,#6810,#6811,#6812,#6813,#6814,
#6815),(#6816,#6817,#6818,#6819,#6820,#6821,#6822,#6823,#6824,#6825)),
 .UNSPECIFIED.,.F.,.F.,.F.,(4,2,2,2,4),(4,2,2,2,4),(0.,0.125,0.25,0.375,
0.5),(0.,0.125,0.25,0.375,0.5),.UNSPECIFIED.);
#61=B_SPLINE_SURFACE_WITH_KNOTS('',3,3,((#6856,#6857,#6858,#6859,#6860,
#6861,#6862,#6863,#6864,#6865),(#6866,#6867,#6868,#6869,#6870,#6871,#6872,
#6873,#6874,#6875),(#6876,#6877,#6878,#6879,#6880,#6881,#6882,#6883,#6884,
#6885),(#6886,#6887,#6888,#6889,#6890,#6891,#6892,#6893,#6894,#6895),(#6896,
#6897,#6898,#6899,#6900,#6901,#6902,#6903,#6904,#6905),(#6906,#6907,#6908,
#6909,#6910,#6911,#6912,#6913,#6914,#6915),(#6916,#6917,#6918,#6919,#6920,
#6921,#6922,#6923,#6924,#6925),(#6926,#6927,#6928,#6929,#6930,#6931,#6932,
#6933,#6934,#6935),(#6936,#6937,#6938,#6939,#6940,#6941,#6942,#6943,#6944,
#6945),(#6946,#6947,#6948,#6949,#6950,#6951,#6952,#6953,#6954,#6955)),
 .UNSPECIFIED.,.F.,.F.,.F.,(4,2,2,2,4),(4,2,2,2,4),(0.,0.125,0.25,0.375,
0.5),(0.,0.125,0.25,0.375,0.5),.UNSPECIFIED.);
#62=B_SPLINE_SURFACE_WITH_KNOTS('',3,3,((#6986,#6987,#6988,#6989,#6990,
#6991,#6992,#6993,#6994,#6995,#6996,#6997,#6998,#6999,#7000,#7001),(#7002,
#7003,#7004,#7005,#7006,#7007,#7008,#7009,#7010,#7011,#7012,#7013,#7014,
#7015,#7016,#7017),(#7018,#7019,#7020,#7021,#7022,#7023,#7024,#7025,#7026,
#7027,#7028,#7029,#7030,#7031,#7032,#7033),(#7034,#7035,#7036,#7037,#7038,
#7039,#7040,#7041,#7042,#7043,#7044,#7045,#7046,#7047,#7048,#7049),(#7050,
#7051,#7052,#7053,#7054,#7055,#7056,#7057,#7058,#7059,#7060,#7061,#7062,
#7063,#7064,#7065),(#7066,#7067,#7068,#7069,#7070,#7071,#7072,#7073,#7074,
#7075,#7076,#7077,#7078,#7079,#7080,#7081),(#7082,#7083,#7084,#7085,#7086,
#7087,#7088,#7089,#7090,#7091,#7092,#7093,#7094,#7095,#7096,#7097),(#7098,
#7099,#7100,#7101,#7102,#7103,#7104,#7105,#7106,#7107,#7108,#7109,#7110,
#7111,#7112,#7113),(#7114,#7115,#7116,#7117,#7118,#7119,#7120,#7121,#7122,
#7123,#7124,#7125,#7126,#7127,#7128,#7129),(#7130,#7131,#7132,#7133,#7134,
#7135,#7136,#7137,#7138,#7139,#7140,#7141,#7142,#7143,#7144,#7145),(#7146,
#7147,#7148,#7149,#7150,#7151,#7152,#7153,#7154,#7155,#7156,#7157,#7158,
#7159,#7160,#7161),(#7162,#7163,#7164,#7165,#7166,#7167,#7168,#7169,#7170,
#7171,#7172,#7173,#7174,#7175,#7176,#7177),(#7178,#7179,#7180,#7181,#7182,
#7183,#7184,#7185,#7186,#7187,#7188,#7189,#7190,#7191,#7192,#7193),(#7194,
#7195,#7196,#7197,#7198,#7199,#7200,#7201,#7202,#7203,#7204,#7205,#7206,
#7207,#7208,#7209),(#7210,#7211,#7212,#7213,#7214,#7215,#7216,#7217,#7218,
#7219,#7220,#7221,#7222,#7223,#7224,#7225)),.UNSPECIFIED.,.F.,.F.,.F.,(4,
2,2,1,1,1,2,2,4),(4,2,2,1,1,1,1,2,2,4),(0.,0.125,0.25,0.5,1.,1.5,1.75,1.875,
2.),(0.,0.125,0.25,0.5,1.,1.5,1.625,1.75,1.875,2.),.UNSPECIFIED.);
#63=B_SPLINE_SURFACE_WITH_KNOTS('',3,3,((#7278,#7279,#7280,#7281,#7282,
#7283,#7284,#7285,#7286,#7287,#7288,#7289,#7290,#7291,#7292,#7293),(#7294,
#7295,#7296,#7297,#7298,#7299,#7300,#7301,#7302,#7303,#7304,#7305,#7306,
#7307,#7308,#7309),(#7310,#7311,#7312,#7313,#7314,#7315,#7316,#7317,#7318,
#7319,#7320,#7321,#7322,#7323,#7324,#7325),(#7326,#7327,#7328,#7329,#7330,
#7331,#7332,#7333,#7334,#7335,#7336,#7337,#7338,#7339,#7340,#7341),(#7342,
#7343,#7344,#7345,#7346,#7347,#7348,#7349,#7350,#7351,#7352,#7353,#7354,
#7355,#7356,#7357),(#7358,#7359,#7360,#7361,#7362,#7363,#7364,#7365,#7366,
#7367,#7368,#7369,#7370,#7371,#7372,#7373),(#7374,#7375,#7376,#7377,#7378,
#7379,#7380,#7381,#7382,#7383,#7384,#7385,#7386,#7387,#7388,#7389),(#7390,
#7391,#7392,#7393,#7394,#7395,#7396,#7397,#7398,#7399,#7400,#7401,#7402,
#7403,#7404,#7405),(#7406,#7407,#7408,#7409,#7410,#7411,#7412,#7413,#7414,
#7415,#7416,#7417,#7418,#7419,#7420,#7421),(#7422,#7423,#7424,#7425,#7426,
#7427,#7428,#7429,#7430,#7431,#7432,#7433,#7434,#7435,#7436,#7437),(#7438,
#7439,#7440,#7441,#7442,#7443,#7444,#7445,#7446,#7447,#7448,#7449,#7450,
#7451,#7452,#7453),(#7454,#7455,#7456,#7457,#7458,#7459,#7460,#7461,#7462,
#7463,#7464,#7465,#7466,#7467,#7468,#7469),(#7470,#7471,#7472,#7473,#7474,
#7475,#7476,#7477,#7478,#7479,#7480,#7481,#7482,#7483,#7484,#7485),(#7486,
#7487,#7488,#7489,#7490,#7491,#7492,#7493,#7494,#7495,#7496,#7497,#7498,
#7499,#7500,#7501),(#7502,#7503,#7504,#7505,#7506,#7507,#7508,#7509,#7510,
#7511,#7512,#7513,#7514,#7515,#7516,#7517)),.UNSPECIFIED.,.F.,.F.,.F.,(4,
2,2,1,1,1,2,2,4),(4,2,2,1,1,1,1,2,2,4),(0.,0.125,0.25,0.5,1.,1.5,1.75,1.875,
2.),(0.,0.125,0.25,0.375,0.5,1.,1.5,1.75,1.875,2.),.UNSPECIFIED.);
#64=B_SPLINE_SURFACE_WITH_KNOTS('',3,3,((#7570,#7571,#7572,#7573,#7574,
#7575,#7576,#7577,#7578,#7579,#7580,#7581,#7582,#7583,#7584),(#7585,#7586,
#7587,#7588,#7589,#7590,#7591,#7592,#7593,#7594,#7595,#7596,#7597,#7598,
#7599),(#7600,#7601,#7602,#7603,#7604,#7605,#7606,#7607,#7608,#7609,#7610,
#7611,#7612,#7613,#7614),(#7615,#7616,#7617,#7618,#7619,#7620,#7621,#7622,
#7623,#7624,#7625,#7626,#7627,#7628,#7629),(#7630,#7631,#7632,#7633,#7634,
#7635,#7636,#7637,#7638,#7639,#7640,#7641,#7642,#7643,#7644),(#7645,#7646,
#7647,#7648,#7649,#7650,#7651,#7652,#7653,#7654,#7655,#7656,#7657,#7658,
#7659),(#7660,#7661,#7662,#7663,#7664,#7665,#7666,#7667,#7668,#7669,#7670,
#7671,#7672,#7673,#7674),(#7675,#7676,#7677,#7678,#7679,#7680,#7681,#7682,
#7683,#7684,#7685,#7686,#7687,#7688,#7689),(#7690,#7691,#7692,#7693,#7694,
#7695,#7696,#7697,#7698,#7699,#7700,#7701,#7702,#7703,#7704),(#7705,#7706,
#7707,#7708,#7709,#7710,#7711,#7712,#7713,#7714,#7715,#7716,#7717,#7718,
#7719),(#7720,#7721,#7722,#7723,#7724,#7725,#7726,#7727,#7728,#7729,#7730,
#7731,#7732,#7733,#7734),(#7735,#7736,#7737,#7738,#7739,#7740,#7741,#7742,
#7743,#7744,#7745,#7746,#7747,#7748,#7749),(#7750,#7751,#7752,#7753,#7754,
#7755,#7756,#7757,#7758,#7759,#7760,#7761,#7762,#7763,#7764),(#7765,#7766,
#7767,#7768,#7769,#7770,#7771,#7772,#7773,#7774,#7775,#7776,#7777,#7778,
#7779),(#7780,#7781,#7782,#7783,#7784,#7785,#7786,#7787,#7788,#7789,#7790,
#7791,#7792,#7793,#7794),(#7795,#7796,#7797,#7798,#7799,#7800,#7801,#7802,
#7803,#7804,#7805,#7806,#7807,#7808,#7809),(#7810,#7811,#7812,#7813,#7814,
#7815,#7816,#7817,#7818,#7819,#7820,#7821,#7822,#7823,#7824)),
 .UNSPECIFIED.,.F.,.F.,.F.,(4,2,2,1,1,1,1,1,2,2,4),(4,2,2,1,1,1,2,2,4),
(0.,0.125,0.25,0.5,1.,2.,3.,3.5,3.75,3.875,4.),(0.,0.125,0.25,0.5,1.,1.5,
1.75,1.875,2.),.UNSPECIFIED.);
#65=B_SPLINE_SURFACE_WITH_KNOTS('',3,3,((#7876,#7877,#7878,#7879,#7880,
#7881,#7882,#7883,#7884,#7885,#7886,#7887,#7888,#7889,#7890),(#7891,#7892,
#7893,#7894,#7895,#7896,#7897,#7898,#7899,#7900,#7901,#7902,#7903,#7904,
#7905),(#7906,#7907,#7908,#7909,#7910,#7911,#7912,#7913,#7914,#7915,#7916,
#7917,#7918,#7919,#7920),(#7921,#7922,#7923,#7924,#7925,#7926,#7927,#7928,
#7929,#7930,#7931,#7932,#7933,#7934,#7935),(#7936,#7937,#7938,#7939,#7940,
#7941,#7942,#7943,#7944,#7945,#7946,#7947,#7948,#7949,#7950),(#7951,#7952,
#7953,#7954,#7955,#7956,#7957,#7958,#7959,#7960,#7961,#7962,#7963,#7964,
#7965),(#7966,#7967,#7968,#7969,#7970,#7971,#7972,#7973,#7974,#7975,#7976,
#7977,#7978,#7979,#7980),(#7981,#7982,#7983,#7984,#7985,#7986,#7987,#7988,
#7989,#7990,#7991,#7992,#7993,#7994,#7995),(#7996,#7997,#7998,#7999,#8000,
#8001,#8002,#8003,#8004,#8005,#8006,#8007,#8008,#8009,#8010),(#8011,#8012,
#8013,#8014,#8015,#8016,#8017,#8018,#8019,#8020,#8021,#8022,#8023,#8024,
#8025),(#8026,#8027,#8028,#8029,#8030,#8031,#8032,#8033,#8034,#8035,#8036,
#8037,#8038,#8039,#8040),(#8041,#8042,#8043,#8044,#8045,#8046,#8047,#8048,
#8049,#8050,#8051,#8052,#8053,#8054,#8055),(#8056,#8057,#8058,#8059,#8060,
#8061,#8062,#8063,#8064,#8065,#8066,#8067,#8068,#8069,#8070),(#8071,#8072,
#8073,#8074,#8075,#8076,#8077,#8078,#8079,#8080,#8081,#8082,#8083,#8084,
#8085),(#8086,#8087,#8088,#8089,#8090,#8091,#8092,#8093,#8094,#8095,#8096,
#8097,#8098,#8099,#8100),(#8101,#8102,#8103,#8104,#8105,#8106,#8107,#8108,
#8109,#8110,#8111,#8112,#8113,#8114,#8115),(#8116,#8117,#8118,#8119,#8120,
#8121,#8122,#8123,#8124,#8125,#8126,#8127,#8128,#8129,#8130)),
 .UNSPECIFIED.,.F.,.F.,.F.,(4,2,2,1,1,1,1,1,2,2,4),(4,2,2,1,1,1,2,2,4),
(0.,0.125,0.25,0.5,1.,2.,3.,3.5,3.75,3.875,4.),(0.,0.125,0.25,0.5,1.,1.5,
1.75,1.875,2.),.UNSPECIFIED.);
#66=B_SPLINE_SURFACE_WITH_KNOTS('',3,3,((#8182,#8183,#8184,#8185,#8186,
#8187,#8188,#8189,#8190,#8191,#8192,#8193,#8194,#8195,#8196,#8197,#8198,
#8199,#8200,#8201,#8202),(#8203,#8204,#8205,#8206,#8207,#8208,#8209,#8210,
#8211,#8212,#8213,#8214,#8215,#8216,#8217,#8218,#8219,#8220,#8221,#8222,
#8223),(#8224,#8225,#8226,#8227,#8228,#8229,#8230,#8231,#8232,#8233,#8234,
#8235,#8236,#8237,#8238,#8239,#8240,#8241,#8242,#8243,#8244),(#8245,#8246,
#8247,#8248,#8249,#8250,#8251,#8252,#8253,#8254,#8255,#8256,#8257,#8258,
#8259,#8260,#8261,#8262,#8263,#8264,#8265),(#8266,#8267,#8268,#8269,#8270,
#8271,#8272,#8273,#8274,#8275,#8276,#8277,#8278,#8279,#8280,#8281,#8282,
#8283,#8284,#8285,#8286),(#8287,#8288,#8289,#8290,#8291,#8292,#8293,#8294,
#8295,#8296,#8297,#8298,#8299,#8300,#8301,#8302,#8303,#8304,#8305,#8306,
#8307),(#8308,#8309,#8310,#8311,#8312,#8313,#8314,#8315,#8316,#8317,#8318,
#8319,#8320,#8321,#8322,#8323,#8324,#8325,#8326,#8327,#8328),(#8329,#8330,
#8331,#8332,#8333,#8334,#8335,#8336,#8337,#8338,#8339,#8340,#8341,#8342,
#8343,#8344,#8345,#8346,#8347,#8348,#8349),(#8350,#8351,#8352,#8353,#8354,
#8355,#8356,#8357,#8358,#8359,#8360,#8361,#8362,#8363,#8364,#8365,#8366,
#8367,#8368,#8369,#8370),(#8371,#8372,#8373,#8374,#8375,#8376,#8377,#8378,
#8379,#8380,#8381,#8382,#8383,#8384,#8385,#8386,#8387,#8388,#8389,#8390,
#8391),(#8392,#8393,#8394,#8395,#8396,#8397,#8398,#8399,#8400,#8401,#8402,
#8403,#8404,#8405,#8406,#8407,#8408,#8409,#8410,#8411,#8412),(#8413,#8414,
#8415,#8416,#8417,#8418,#8419,#8420,#8421,#8422,#8423,#8424,#8425,#8426,
#8427,#8428,#8429,#8430,#8431,#8432,#8433)),.UNSPECIFIED.,.F.,.F.,.F.,(4,
2,2,1,1,1,1,4),(4,2,2,1,1,1,1,1,1,1,1,1,2,2,4),(0.,0.125,0.25,0.5,1.,2.,
3.,4.),(0.,0.125,0.25,0.5,1.,2.,3.,4.,5.,6.,7.,7.5,7.75,7.875,8.),
 .UNSPECIFIED.);
#67=B_SPLINE_SURFACE_WITH_KNOTS('',3,3,((#8476,#8477,#8478,#8479,#8480,
#8481,#8482,#8483,#8484,#8485,#8486,#8487,#8488),(#8489,#8490,#8491,#8492,
#8493,#8494,#8495,#8496,#8497,#8498,#8499,#8500,#8501),(#8502,#8503,#8504,
#8505,#8506,#8507,#8508,#8509,#8510,#8511,#8512,#8513,#8514),(#8515,#8516,
#8517,#8518,#8519,#8520,#8521,#8522,#8523,#8524,#8525,#8526,#8527),(#8528,
#8529,#8530,#8531,#8532,#8533,#8534,#8535,#8536,#8537,#8538,#8539,#8540),
(#8541,#8542,#8543,#8544,#8545,#8546,#8547,#8548,#8549,#8550,#8551,#8552,
#8553),(#8554,#8555,#8556,#8557,#8558,#8559,#8560,#8561,#8562,#8563,#8564,
#8565,#8566),(#8567,#8568,#8569,#8570,#8571,#8572,#8573,#8574,#8575,#8576,
#8577,#8578,#8579),(#8580,#8581,#8582,#8583,#8584,#8585,#8586,#8587,#8588,
#8589,#8590,#8591,#8592),(#8593,#8594,#8595,#8596,#8597,#8598,#8599,#8600,
#8601,#8602,#8603,#8604,#8605),(#8606,#8607,#8608,#8609,#8610,#8611,#8612,
#8613,#8614,#8615,#8616,#8617,#8618)),.UNSPECIFIED.,.F.,.F.,.F.,(4,2,2,
1,1,1,4),(4,2,2,1,2,2,4),(0.,0.125,0.25,0.5,1.,2.,2.5),(0.,0.125,0.25,0.5,
0.75,0.875,1.),.UNSPECIFIED.);
#68=B_SPLINE_SURFACE_WITH_KNOTS('',3,3,((#8643,#8644,#8645,#8646,#8647,
#8648,#8649,#8650,#8651,#8652,#8653,#8654,#8655),(#8656,#8657,#8658,#8659,
#8660,#8661,#8662,#8663,#8664,#8665,#8666,#8667,#8668),(#8669,#8670,#8671,
#8672,#8673,#8674,#8675,#8676,#8677,#8678,#8679,#8680,#8681),(#8682,#8683,
#8684,#8685,#8686,#8687,#8688,#8689,#8690,#8691,#8692,#8693,#8694),(#8695,
#8696,#8697,#8698,#8699,#8700,#8701,#8702,#8703,#8704,#8705,#8706,#8707),
(#8708,#8709,#8710,#8711,#8712,#8713,#8714,#8715,#8716,#8717,#8718,#8719,
#8720),(#8721,#8722,#8723,#8724,#8725,#8726,#8727,#8728,#8729,#8730,#8731,
#8732,#8733),(#8734,#8735,#8736,#8737,#8738,#8739,#8740,#8741,#8742,#8743,
#8744,#8745,#8746),(#8747,#8748,#8749,#8750,#8751,#8752,#8753,#8754,#8755,
#8756,#8757,#8758,#8759),(#8760,#8761,#8762,#8763,#8764,#8765,#8766,#8767,
#8768,#8769,#8770,#8771,#8772),(#8773,#8774,#8775,#8776,#8777,#8778,#8779,
#8780,#8781,#8782,#8783,#8784,#8785),(#8786,#8787,#8788,#8789,#8790,#8791,
#8792,#8793,#8794,#8795,#8796,#8797,#8798),(#8799,#8800,#8801,#8802,#8803,
#8804,#8805,#8806,#8807,#8808,#8809,#8810,#8811)),.UNSPECIFIED.,.F.,.F.,
 .F.,(4,2,2,1,2,2,4),(4,2,2,1,2,2,4),(0.,0.125,0.25,0.5,0.75,0.875,1.),
(0.,0.125,0.25,0.5,0.75,0.875,1.),.UNSPECIFIED.);
#69=B_SPLINE_SURFACE_WITH_KNOTS('',3,3,((#8823,#8824,#8825,#8826,#8827,
#8828,#8829,#8830,#8831,#8832,#8833,#8834,#8835),(#8836,#8837,#8838,#8839,
#8840,#8841,#8842,#8843,#8844,#8845,#8846,#8847,#8848),(#8849,#8850,#8851,
#8852,#8853,#8854,#8855,#8856,#8857,#8858,#8859,#8860,#8861),(#8862,#8863,
#8864,#8865,#8866,#8867,#8868,#8869,#8870,#8871,#8872,#8873,#8874),(#8875,
#8876,#8877,#8878,#8879,#8880,#8881,#8882,#8883,#8884,#8885,#8886,#8887),
(#8888,#8889,#8890,#8891,#8892,#8893,#8894,#8895,#8896,#8897,#8898,#8899,
#8900),(#8901,#8902,#8903,#8904,#8905,#8906,#8907,#8908,#8909,#8910,#8911,
#8912,#8913),(#8914,#8915,#8916,#8917,#8918,#8919,#8920,#8921,#8922,#8923,
#8924,#8925,#8926),(#8927,#8928,#8929,#8930,#8931,#8932,#8933,#8934,#8935,
#8936,#8937,#8938,#8939),(#8940,#8941,#8942,#8943,#8944,#8945,#8946,#8947,
#8948,#8949,#8950,#8951,#8952),(#8953,#8954,#8955,#8956,#8957,#8958,#8959,
#8960,#8961,#8962,#8963,#8964,#8965),(#8966,#8967,#8968,#8969,#8970,#8971,
#8972,#8973,#8974,#8975,#8976,#8977,#8978),(#8979,#8980,#8981,#8982,#8983,
#8984,#8985,#8986,#8987,#8988,#8989,#8990,#8991),(#8992,#8993,#8994,#8995,
#8996,#8997,#8998,#8999,#9000,#9001,#9002,#9003,#9004),(#9005,#9006,#9007,
#9008,#9009,#9010,#9011,#9012,#9013,#9014,#9015,#9016,#9017),(#9018,#9019,
#9020,#9021,#9022,#9023,#9024,#9025,#9026,#9027,#9028,#9029,#9030),(#9031,
#9032,#9033,#9034,#9035,#9036,#9037,#9038,#9039,#9040,#9041,#9042,#9043),
(#9044,#9045,#9046,#9047,#9048,#9049,#9050,#9051,#9052,#9053,#9054,#9055,
#9056)),.UNSPECIFIED.,.F.,.F.,.F.,(4,2,2,1,1,1,1,1,1,2,2,4),(4,2,2,1,2,
2,4),(0.,0.125,0.25,0.5,1.,2.,3.,4.,4.5,4.75,4.875,5.),(0.,0.125,0.25,0.5,
0.75,0.875,1.),.UNSPECIFIED.);
#70=B_SPLINE_SURFACE_WITH_KNOTS('',3,3,((#9093,#9094,#9095,#9096,#9097,
#9098,#9099,#9100,#9101,#9102,#9103),(#9104,#9105,#9106,#9107,#9108,#9109,
#9110,#9111,#9112,#9113,#9114),(#9115,#9116,#9117,#9118,#9119,#9120,#9121,
#9122,#9123,#9124,#9125),(#9126,#9127,#9128,#9129,#9130,#9131,#9132,#9133,
#9134,#9135,#9136),(#9137,#9138,#9139,#9140,#9141,#9142,#9143,#9144,#9145,
#9146,#9147),(#9148,#9149,#9150,#9151,#9152,#9153,#9154,#9155,#9156,#9157,
#9158),(#9159,#9160,#9161,#9162,#9163,#9164,#9165,#9166,#9167,#9168,#9169),
(#9170,#9171,#9172,#9173,#9174,#9175,#9176,#9177,#9178,#9179,#9180),(#9181,
#9182,#9183,#9184,#9185,#9186,#9187,#9188,#9189,#9190,#9191),(#9192,#9193,
#9194,#9195,#9196,#9197,#9198,#9199,#9200,#9201,#9202),(#9203,#9204,#9205,
#9206,#9207,#9208,#9209,#9210,#9211,#9212,#9213),(#9214,#9215,#9216,#9217,
#9218,#9219,#9220,#9221,#9222,#9223,#9224),(#9225,#9226,#9227,#9228,#9229,
#9230,#9231,#9232,#9233,#9234,#9235),(#9236,#9237,#9238,#9239,#9240,#9241,
#9242,#9243,#9244,#9245,#9246),(#9247,#9248,#9249,#9250,#9251,#9252,#9253,
#9254,#9255,#9256,#9257),(#9258,#9259,#9260,#9261,#9262,#9263,#9264,#9265,
#9266,#9267,#9268),(#9269,#9270,#9271,#9272,#9273,#9274,#9275,#9276,#9277,
#9278,#9279),(#9280,#9281,#9282,#9283,#9284,#9285,#9286,#9287,#9288,#9289,
#9290),(#9291,#9292,#9293,#9294,#9295,#9296,#9297,#9298,#9299,#9300,#9301),
(#9302,#9303,#9304,#9305,#9306,#9307,#9308,#9309,#9310,#9311,#9312),(#9313,
#9314,#9315,#9316,#9317,#9318,#9319,#9320,#9321,#9322,#9323),(#9324,#9325,
#9326,#9327,#9328,#9329,#9330,#9331,#9332,#9333,#9334),(#9335,#9336,#9337,
#9338,#9339,#9340,#9341,#9342,#9343,#9344,#9345)),.UNSPECIFIED.,.F.,.F.,
 .F.,(4,2,1,1,1,1,1,1,1,1,1,1,1,1,1,1,1,2,4),(4,2,1,1,1,2,4),(0.,0.125,
0.25,0.5,1.,2.,3.,4.,5.,6.,7.,8.,9.,10.,11.,11.5,11.75,11.875,12.),(0.,
0.125,0.25,0.5,0.75,0.875,1.),.UNSPECIFIED.);
#71=B_SPLINE_SURFACE_WITH_KNOTS('',3,3,((#9412,#9413,#9414,#9415,#9416,
#9417,#9418,#9419,#9420,#9421,#9422,#9423,#9424),(#9425,#9426,#9427,#9428,
#9429,#9430,#9431,#9432,#9433,#9434,#9435,#9436,#9437),(#9438,#9439,#9440,
#9441,#9442,#9443,#9444,#9445,#9446,#9447,#9448,#9449,#9450),(#9451,#9452,
#9453,#9454,#9455,#9456,#9457,#9458,#9459,#9460,#9461,#9462,#9463),(#9464,
#9465,#9466,#9467,#9468,#9469,#9470,#9471,#9472,#9473,#9474,#9475,#9476),
(#9477,#9478,#9479,#9480,#9481,#9482,#9483,#9484,#9485,#9486,#9487,#9488,
#9489),(#9490,#9491,#9492,#9493,#9494,#9495,#9496,#9497,#9498,#9499,#9500,
#9501,#9502),(#9503,#9504,#9505,#9506,#9507,#9508,#9509,#9510,#9511,#9512,
#9513,#9514,#9515),(#9516,#9517,#9518,#9519,#9520,#9521,#9522,#9523,#9524,
#9525,#9526,#9527,#9528),(#9529,#9530,#9531,#9532,#9533,#9534,#9535,#9536,
#9537,#9538,#9539,#9540,#9541),(#9542,#9543,#9544,#9545,#9546,#9547,#9548,
#9549,#9550,#9551,#9552,#9553,#9554),(#9555,#9556,#9557,#9558,#9559,#9560,
#9561,#9562,#9563,#9564,#9565,#9566,#9567),(#9568,#9569,#9570,#9571,#9572,
#9573,#9574,#9575,#9576,#9577,#9578,#9579,#9580),(#9581,#9582,#9583,#9584,
#9585,#9586,#9587,#9588,#9589,#9590,#9591,#9592,#9593),(#9594,#9595,#9596,
#9597,#9598,#9599,#9600,#9601,#9602,#9603,#9604,#9605,#9606),(#9607,#9608,
#9609,#9610,#9611,#9612,#9613,#9614,#9615,#9616,#9617,#9618,#9619),(#9620,
#9621,#9622,#9623,#9624,#9625,#9626,#9627,#9628,#9629,#9630,#9631,#9632),
(#9633,#9634,#9635,#9636,#9637,#9638,#9639,#9640,#9641,#9642,#9643,#9644,
#9645)),.UNSPECIFIED.,.F.,.F.,.F.,(4,2,2,1,1,1,1,1,1,2,2,4),(4,2,2,1,2,
2,4),(0.,0.125,0.25,0.5,1.,2.,3.,4.,4.5,4.75,4.875,5.),(0.,0.125,0.25,0.5,
0.75,0.875,1.),.UNSPECIFIED.);
#72=B_SPLINE_SURFACE_WITH_KNOTS('',3,3,((#9675,#9676,#9677,#9678,#9679,
#9680,#9681,#9682,#9683,#9684,#9685,#9686),(#9687,#9688,#9689,#9690,#9691,
#9692,#9693,#9694,#9695,#9696,#9697,#9698),(#9699,#9700,#9701,#9702,#9703,
#9704,#9705,#9706,#9707,#9708,#9709,#9710),(#9711,#9712,#9713,#9714,#9715,
#9716,#9717,#9718,#9719,#9720,#9721,#9722),(#9723,#9724,#9725,#9726,#9727,
#9728,#9729,#9730,#9731,#9732,#9733,#9734),(#9735,#9736,#9737,#9738,#9739,
#9740,#9741,#9742,#9743,#9744,#9745,#9746),(#9747,#9748,#9749,#9750,#9751,
#9752,#9753,#9754,#9755,#9756,#9757,#9758),(#9759,#9760,#9761,#9762,#9763,
#9764,#9765,#9766,#9767,#9768,#9769,#9770),(#9771,#9772,#9773,#9774,#9775,
#9776,#9777,#9778,#9779,#9780,#9781,#9782)),.UNSPECIFIED.,.F.,.F.,.F.,(4,
1,2,2,4),(4,2,2,1,1,1,1,4),(0.,0.125,0.25,0.375,0.5),(0.,0.125,0.25,0.375,
0.5,1.,1.5,2.5),.UNSPECIFIED.);
#73=B_SPLINE_SURFACE_WITH_KNOTS('',3,3,((#9796,#9797,#9798,#9799,#9800,
#9801,#9802,#9803,#9804,#9805,#9806,#9807,#9808,#9809,#9810,#9811,#9812,
#9813,#9814,#9815,#9816),(#9817,#9818,#9819,#9820,#9821,#9822,#9823,#9824,
#9825,#9826,#9827,#9828,#9829,#9830,#9831,#9832,#9833,#9834,#9835,#9836,
#9837),(#9838,#9839,#9840,#9841,#9842,#9843,#9844,#9845,#9846,#9847,#9848,
#9849,#9850,#9851,#9852,#9853,#9854,#9855,#9856,#9857,#9858),(#9859,#9860,
#9861,#9862,#9863,#9864,#9865,#9866,#9867,#9868,#9869,#9870,#9871,#9872,
#9873,#9874,#9875,#9876,#9877,#9878,#9879),(#9880,#9881,#9882,#9883,#9884,
#9885,#9886,#9887,#9888,#9889,#9890,#9891,#9892,#9893,#9894,#9895,#9896,
#9897,#9898,#9899,#9900),(#9901,#9902,#9903,#9904,#9905,#9906,#9907,#9908,
#9909,#9910,#9911,#9912,#9913,#9914,#9915,#9916,#9917,#9918,#9919,#9920,
#9921),(#9922,#9923,#9924,#9925,#9926,#9927,#9928,#9929,#9930,#9931,#9932,
#9933,#9934,#9935,#9936,#9937,#9938,#9939,#9940,#9941,#9942),(#9943,#9944,
#9945,#9946,#9947,#9948,#9949,#9950,#9951,#9952,#9953,#9954,#9955,#9956,
#9957,#9958,#9959,#9960,#9961,#9962,#9963),(#9964,#9965,#9966,#9967,#9968,
#9969,#9970,#9971,#9972,#9973,#9974,#9975,#9976,#9977,#9978,#9979,#9980,
#9981,#9982,#9983,#9984),(#9985,#9986,#9987,#9988,#9989,#9990,#9991,#9992,
#9993,#9994,#9995,#9996,#9997,#9998,#9999,#10000,#10001,#10002,#10003,#10004,
#10005),(#10006,#10007,#10008,#10009,#10010,#10011,#10012,#10013,#10014,
#10015,#10016,#10017,#10018,#10019,#10020,#10021,#10022,#10023,#10024,#10025,
#10026),(#10027,#10028,#10029,#10030,#10031,#10032,#10033,#10034,#10035,
#10036,#10037,#10038,#10039,#10040,#10041,#10042,#10043,#10044,#10045,#10046,
#10047)),.UNSPECIFIED.,.F.,.F.,.F.,(4,1,1,1,1,2,2,4),(4,2,2,1,1,1,1,1,1,
1,1,1,2,2,4),(0.,1.,2.,2.5,2.625,2.75,2.875,3.),(0.,0.125,0.25,0.5,1.,2.,
3.,4.,5.,6.,7.,7.5,7.75,7.875,8.),.UNSPECIFIED.);
#74=B_SPLINE_SURFACE_WITH_KNOTS('',3,3,((#10116,#10117,#10118,#10119,#10120,
#10121,#10122,#10123,#10124,#10125,#10126,#10127),(#10128,#10129,#10130,
#10131,#10132,#10133,#10134,#10135,#10136,#10137,#10138,#10139),(#10140,
#10141,#10142,#10143,#10144,#10145,#10146,#10147,#10148,#10149,#10150,#10151),
(#10152,#10153,#10154,#10155,#10156,#10157,#10158,#10159,#10160,#10161,
#10162,#10163),(#10164,#10165,#10166,#10167,#10168,#10169,#10170,#10171,
#10172,#10173,#10174,#10175),(#10176,#10177,#10178,#10179,#10180,#10181,
#10182,#10183,#10184,#10185,#10186,#10187),(#10188,#10189,#10190,#10191,
#10192,#10193,#10194,#10195,#10196,#10197,#10198,#10199),(#10200,#10201,
#10202,#10203,#10204,#10205,#10206,#10207,#10208,#10209,#10210,#10211),
(#10212,#10213,#10214,#10215,#10216,#10217,#10218,#10219,#10220,#10221,
#10222,#10223)),.UNSPECIFIED.,.F.,.F.,.F.,(4,1,2,2,4),(4,1,1,1,1,2,2,4),
(0.,0.125,0.25,0.375,0.5),(0.,1.,1.5,2.,2.125,2.25,2.375,2.5),
 .UNSPECIFIED.);
#75=B_SPLINE_SURFACE_WITH_KNOTS('',3,3,((#10235,#10236,#10237,#10238,#10239,
#10240,#10241,#10242,#10243,#10244,#10245,#10246,#10247),(#10248,#10249,
#10250,#10251,#10252,#10253,#10254,#10255,#10256,#10257,#10258,#10259,#10260),
(#10261,#10262,#10263,#10264,#10265,#10266,#10267,#10268,#10269,#10270,
#10271,#10272,#10273),(#10274,#10275,#10276,#10277,#10278,#10279,#10280,
#10281,#10282,#10283,#10284,#10285,#10286),(#10287,#10288,#10289,#10290,
#10291,#10292,#10293,#10294,#10295,#10296,#10297,#10298,#10299),(#10300,
#10301,#10302,#10303,#10304,#10305,#10306,#10307,#10308,#10309,#10310,#10311,
#10312),(#10313,#10314,#10315,#10316,#10317,#10318,#10319,#10320,#10321,
#10322,#10323,#10324,#10325),(#10326,#10327,#10328,#10329,#10330,#10331,
#10332,#10333,#10334,#10335,#10336,#10337,#10338),(#10339,#10340,#10341,
#10342,#10343,#10344,#10345,#10346,#10347,#10348,#10349,#10350,#10351),
(#10352,#10353,#10354,#10355,#10356,#10357,#10358,#10359,#10360,#10361,
#10362,#10363,#10364),(#10365,#10366,#10367,#10368,#10369,#10370,#10371,
#10372,#10373,#10374,#10375,#10376,#10377)),.UNSPECIFIED.,.F.,.F.,.F.,(4,
1,1,1,2,2,4),(4,2,2,1,2,2,4),(0.,0.5,1.5,2.,2.25,2.375,2.5),(0.,0.125,0.25,
0.5,0.75,0.875,1.),.UNSPECIFIED.);
#76=B_SPLINE_SURFACE_WITH_KNOTS('',3,3,((#10399,#10400,#10401,#10402,#10403,
#10404,#10405,#10406,#10407,#10408,#10409,#10410,#10411),(#10412,#10413,
#10414,#10415,#10416,#10417,#10418,#10419,#10420,#10421,#10422,#10423,#10424),
(#10425,#10426,#10427,#10428,#10429,#10430,#10431,#10432,#10433,#10434,
#10435,#10436,#10437),(#10438,#10439,#10440,#10441,#10442,#10443,#10444,
#10445,#10446,#10447,#10448,#10449,#10450),(#10451,#10452,#10453,#10454,
#10455,#10456,#10457,#10458,#10459,#10460,#10461,#10462,#10463),(#10464,
#10465,#10466,#10467,#10468,#10469,#10470,#10471,#10472,#10473,#10474,#10475,
#10476),(#10477,#10478,#10479,#10480,#10481,#10482,#10483,#10484,#10485,
#10486,#10487,#10488,#10489),(#10490,#10491,#10492,#10493,#10494,#10495,
#10496,#10497,#10498,#10499,#10500,#10501,#10502),(#10503,#10504,#10505,
#10506,#10507,#10508,#10509,#10510,#10511,#10512,#10513,#10514,#10515),
(#10516,#10517,#10518,#10519,#10520,#10521,#10522,#10523,#10524,#10525,
#10526,#10527,#10528),(#10529,#10530,#10531,#10532,#10533,#10534,#10535,
#10536,#10537,#10538,#10539,#10540,#10541),(#10542,#10543,#10544,#10545,
#10546,#10547,#10548,#10549,#10550,#10551,#10552,#10553,#10554),(#10555,
#10556,#10557,#10558,#10559,#10560,#10561,#10562,#10563,#10564,#10565,#10566,
#10567)),.UNSPECIFIED.,.F.,.F.,.F.,(4,2,2,1,2,2,4),(4,2,2,1,2,2,4),(0.,
0.125,0.25,0.5,0.75,0.875,1.),(0.,0.125,0.25,0.5,0.75,0.875,1.),
 .UNSPECIFIED.);
#77=FACE_OUTER_BOUND('',#132,.T.);
#78=FACE_OUTER_BOUND('',#133,.T.);
#79=FACE_OUTER_BOUND('',#134,.T.);
#80=FACE_OUTER_BOUND('',#135,.T.);
#81=FACE_OUTER_BOUND('',#136,.T.);
#82=FACE_OUTER_BOUND('',#137,.T.);
#83=FACE_OUTER_BOUND('',#140,.T.);
#84=FACE_OUTER_BOUND('',#141,.T.);
#85=FACE_OUTER_BOUND('',#142,.T.);
#86=FACE_OUTER_BOUND('',#143,.T.);
#87=FACE_OUTER_BOUND('',#144,.T.);
#88=FACE_OUTER_BOUND('',#145,.T.);
#89=FACE_OUTER_BOUND('',#146,.T.);
#90=FACE_OUTER_BOUND('',#147,.T.);
#91=FACE_OUTER_BOUND('',#148,.T.);
#92=FACE_OUTER_BOUND('',#151,.T.);
#93=FACE_OUTER_BOUND('',#153,.T.);
#94=FACE_OUTER_BOUND('',#154,.T.);
#95=FACE_OUTER_BOUND('',#155,.T.);
#96=FACE_OUTER_BOUND('',#156,.T.);
#97=FACE_OUTER_BOUND('',#157,.T.);
#98=FACE_OUTER_BOUND('',#158,.T.);
#99=FACE_OUTER_BOUND('',#159,.T.);
#100=FACE_OUTER_BOUND('',#160,.T.);
#101=FACE_OUTER_BOUND('',#161,.T.);
#102=FACE_OUTER_BOUND('',#162,.T.);
#103=FACE_OUTER_BOUND('',#163,.T.);
#104=FACE_OUTER_BOUND('',#164,.T.);
#105=FACE_OUTER_BOUND('',#165,.T.);
#106=FACE_OUTER_BOUND('',#166,.T.);
#107=FACE_OUTER_BOUND('',#167,.T.);
#108=FACE_OUTER_BOUND('',#169,.T.);
#109=FACE_OUTER_BOUND('',#170,.T.);
#110=FACE_OUTER_BOUND('',#171,.T.);
#111=FACE_OUTER_BOUND('',#172,.T.);
#112=FACE_OUTER_BOUND('',#173,.T.);
#113=FACE_OUTER_BOUND('',#174,.T.);
#114=FACE_OUTER_BOUND('',#175,.T.);
#115=FACE_OUTER_BOUND('',#176,.T.);
#116=FACE_OUTER_BOUND('',#177,.T.);
#117=FACE_OUTER_BOUND('',#178,.T.);
#118=FACE_OUTER_BOUND('',#179,.T.);
#119=FACE_OUTER_BOUND('',#182,.T.);
#120=FACE_OUTER_BOUND('',#185,.T.);
#121=FACE_OUTER_BOUND('',#186,.T.);
#122=FACE_OUTER_BOUND('',#187,.T.);
#123=FACE_OUTER_BOUND('',#188,.T.);
#124=FACE_OUTER_BOUND('',#189,.T.);
#125=FACE_OUTER_BOUND('',#190,.T.);
#126=FACE_OUTER_BOUND('',#191,.T.);
#127=FACE_OUTER_BOUND('',#192,.T.);
#128=FACE_OUTER_BOUND('',#193,.T.);
#129=FACE_OUTER_BOUND('',#194,.T.);
#130=FACE_OUTER_BOUND('',#195,.T.);
#131=FACE_OUTER_BOUND('',#196,.T.);
#132=EDGE_LOOP('',(#601,#602,#603,#604,#605,#606));
#133=EDGE_LOOP('',(#607,#608,#609,#610,#611,#612));
#134=EDGE_LOOP('',(#613,#614,#615,#616,#617,#618));
#135=EDGE_LOOP('',(#619,#620,#621,#622,#623,#624,#625));
#136=EDGE_LOOP('',(#626,#627,#628,#629,#630,#631,#632));
#137=EDGE_LOOP('',(#633,#634,#635,#636,#637,#638));
#138=EDGE_LOOP('',(#639,#640));
#139=EDGE_LOOP('',(#641,#642));
#140=EDGE_LOOP('',(#643,#644,#645,#646,#647));
#141=EDGE_LOOP('',(#648,#649,#650,#651));
#142=EDGE_LOOP('',(#652,#653,#654,#655,#656));
#143=EDGE_LOOP('',(#657,#658,#659,#660));
#144=EDGE_LOOP('',(#661,#662,#663,#664));
#145=EDGE_LOOP('',(#665,#666,#667,#668));
#146=EDGE_LOOP('',(#669,#670,#671,#672,#673,#674));
#147=EDGE_LOOP('',(#675,#676,#677,#678,#679,#680));
#148=EDGE_LOOP('',(#681,#682,#683,#684));
#149=EDGE_LOOP('',(#685,#686));
#150=EDGE_LOOP('',(#687,#688));
#151=EDGE_LOOP('',(#689,#690,#691,#692,#693,#694));
#152=EDGE_LOOP('',(#695,#696));
#153=EDGE_LOOP('',(#697,#698,#699,#700,#701));
#154=EDGE_LOOP('',(#702,#703,#704,#705));
#155=EDGE_LOOP('',(#706,#707,#708,#709,#710));
#156=EDGE_LOOP('',(#711,#712));
#157=EDGE_LOOP('',(#713,#714));
#158=EDGE_LOOP('',(#715,#716));
#159=EDGE_LOOP('',(#717,#718,#719));
#160=EDGE_LOOP('',(#720,#721));
#161=EDGE_LOOP('',(#722,#723,#724));
#162=EDGE_LOOP('',(#725,#726,#727));
#163=EDGE_LOOP('',(#728,#729,#730));
#164=EDGE_LOOP('',(#731,#732));
#165=EDGE_LOOP('',(#733,#734));
#166=EDGE_LOOP('',(#735,#736,#737,#738,#739));
#167=EDGE_LOOP('',(#740,#741,#742,#743,#744,#745,#746,#747,#748,#749,#750,
#751,#752,#753,#754,#755));
#168=EDGE_LOOP('',(#756,#757));
#169=EDGE_LOOP('',(#758,#759,#760,#761,#762));
#170=EDGE_LOOP('',(#763,#764,#765,#766,#767));
#171=EDGE_LOOP('',(#768,#769,#770,#771));
#172=EDGE_LOOP('',(#772,#773,#774,#775,#776));
#173=EDGE_LOOP('',(#777,#778,#779,#780));
#174=EDGE_LOOP('',(#781,#782,#783,#784));
#175=EDGE_LOOP('',(#785,#786,#787,#788));
#176=EDGE_LOOP('',(#789,#790,#791,#792));
#177=EDGE_LOOP('',(#793,#794,#795,#796,#797,#798));
#178=EDGE_LOOP('',(#799,#800,#801,#802,#803,#804));
#179=EDGE_LOOP('',(#805,#806,#807,#808));
#180=EDGE_LOOP('',(#809,#810));
#181=EDGE_LOOP('',(#811,#812));
#182=EDGE_LOOP('',(#813,#814,#815,#816));
#183=EDGE_LOOP('',(#817,#818));
#184=EDGE_LOOP('',(#819,#820));
#185=EDGE_LOOP('',(#821,#822,#823,#824));
#186=EDGE_LOOP('',(#825,#826,#827,#828,#829));
#187=EDGE_LOOP('',(#830,#831,#832,#833));
#188=EDGE_LOOP('',(#834,#835,#836,#837,#838));
#189=EDGE_LOOP('',(#839,#840,#841,#842,#843,#844));
#190=EDGE_LOOP('',(#845,#846,#847,#848,#849));
#191=EDGE_LOOP('',(#850,#851,#852,#853,#854));
#192=EDGE_LOOP('',(#855,#856,#857,#858,#859,#860));
#193=EDGE_LOOP('',(#861,#862,#863,#864,#865));
#194=EDGE_LOOP('',(#866,#867,#868,#869,#870));
#195=EDGE_LOOP('',(#871,#872,#873,#874));
#196=EDGE_LOOP('',(#875,#876,#877,#878,#879,#880,#881,#882,#883,#884,#885,
#886,#887,#888));
#197=EDGE_LOOP('',(#889,#890,#891,#892,#893,#894,#895,#896,#897,#898));
#198=LINE('',#1049,#204);
#199=LINE('',#1145,#205);
#200=LINE('',#1239,#206);
#201=LINE('',#1326,#207);
#202=LINE('',#4898,#208);
#203=LINE('',#4932,#209);
#204=VECTOR('',#974,1.6);
#205=VECTOR('',#977,1.6);
#206=VECTOR('',#980,1.6);
#207=VECTOR('',#983,1.6);
#208=VECTOR('',#994,10.);
#209=VECTOR('',#995,10.);
#210=B_SPLINE_CURVE_WITH_KNOTS('',3,(#1002,#1003,#1004,#1005,#1006,#1007,
#1008,#1009),.UNSPECIFIED.,.F.,.F.,(4,2,2,4),(-1.09683026139113,-1.04664068165016,
-0.992121827227493,-0.966180792603651),.UNSPECIFIED.);
#211=B_SPLINE_CURVE_WITH_KNOTS('',3,(#1010,#1011,#1012,#1013,#1014,#1015,
#1016,#1017,#1018,#1019,#1020,#1021,#1022,#1023,#1024,#1025,#1026,#1027,
#1028,#1029,#1030,#1031,#1032,#1033,#1034,#1035,#1036,#1037,#1038,#1039,
#1040,#1041,#1042,#1043,#1044,#1045,#1046,#1047),.UNSPECIFIED.,.F.,.F.,
(4,2,2,2,2,2,2,2,2,2,2,2,2,2,2,2,2,2,4),(-0.966180792603651,-0.910502922002548,
-0.866281452437492,-0.83416826346261,-0.802948504521178,-0.762750064235039,
-0.706788445373036,-0.646980860907246,-0.576674510037683,-0.497040049321777,
-0.411181101698176,-0.35344494421946,-0.314860428956934,-0.281186583288961,
-0.243663789561664,-0.192916121433319,-0.136964378371082,-0.0747785048801629,
0.),.UNSPECIFIED.);
#212=B_SPLINE_CURVE_WITH_KNOTS('',3,(#1051,#1052,#1053,#1054,#1055,#1056,
#1057,#1058,#1059,#1060,#1061,#1062,#1063,#1064,#1065,#1066,#1067,#1068,
#1069,#1070,#1071,#1072,#1073,#1074,#1075,#1076,#1077,#1078,#1079,#1080,
#1081,#1082),.UNSPECIFIED.,.F.,.F.,(4,2,2,2,2,2,2,2,2,2,2,2,2,2,2,4),(-1.10325893487757,
-1.09200056662967,-1.05950118733383,-1.02671518241915,-0.983862191186474,
-0.913563543219759,-0.826606319366165,-0.749562130520647,-0.68898762343779,
-0.638430748778805,-0.584260144662336,-0.546469319699269,-0.51772960864355,
-0.488590274787298,-0.448647573813262,-0.375025289922484),.UNSPECIFIED.);
#213=B_SPLINE_CURVE_WITH_KNOTS('',3,(#1083,#1084,#1085,#1086,#1087,#1088,
#1089,#1090,#1091,#1092,#1093,#1094,#1095,#1096,#1097,#1098),
 .UNSPECIFIED.,.F.,.F.,(4,2,2,2,2,2,2,4),(-0.375025289922484,-0.373415048163921,
-0.282800614741191,-0.208522545611649,-0.148652681257781,-0.0964010055913589,
-0.046862380830418,0.),.UNSPECIFIED.);
#214=B_SPLINE_CURVE_WITH_KNOTS('',3,(#1102,#1103,#1104,#1105,#1106,#1107),
 .UNSPECIFIED.,.F.,.F.,(4,2,4),(-1.01298038690608,-0.979233188979202,-0.965834088630564),
 .UNSPECIFIED.);
#215=B_SPLINE_CURVE_WITH_KNOTS('',3,(#1108,#1109,#1110,#1111,#1112,#1113,
#1114,#1115,#1116,#1117,#1118,#1119,#1120,#1121,#1122,#1123,#1124,#1125,
#1126,#1127,#1128,#1129,#1130,#1131,#1132,#1133,#1134,#1135,#1136,#1137,
#1138,#1139,#1140,#1141,#1142,#1143),.UNSPECIFIED.,.F.,.F.,(4,2,2,2,2,2,
2,2,2,2,2,2,2,2,2,2,2,4),(-0.965834088630564,-0.927444991793541,-0.869200555291132,
-0.805742534922679,-0.742961060135876,-0.680820878603031,-0.619917090985044,
-0.555445744617308,-0.503540946318706,-0.458696046384998,-0.412509103883878,
-0.357260635938095,-0.293620330167948,-0.230555195957722,-0.170091052443017,
-0.110967003926958,-0.0509585113765859,0.),.UNSPECIFIED.);
#216=B_SPLINE_CURVE_WITH_KNOTS('',3,(#1147,#1148,#1149,#1150,#1151,#1152,
#1153,#1154,#1155,#1156,#1157,#1158,#1159,#1160,#1161,#1162,#1163,#1164,
#1165,#1166,#1167,#1168,#1169,#1170,#1171,#1172,#1173,#1174,#1175,#1176,
#1177,#1178,#1179,#1180,#1181,#1182,#1183,#1184,#1185,#1186),
 .UNSPECIFIED.,.F.,.F.,(4,2,2,2,2,2,2,2,2,2,2,2,2,2,2,2,2,2,2,4),(-1.01063269609013,
-0.986368024821247,-0.923204558959353,-0.859914125921499,-0.796678708350892,
-0.736195514177243,-0.677907601253765,-0.617928143085616,-0.583340430487733,
-0.555725570551606,-0.525991183545571,-0.482169956420136,-0.420283599236277,
-0.356144443089979,-0.295425003499479,-0.23763011681672,-0.174056056180753,
-0.122411730776256,-0.0818322490310453,-0.0704989021053071),
 .UNSPECIFIED.);
#217=B_SPLINE_CURVE_WITH_KNOTS('',3,(#1187,#1188,#1189,#1190,#1191,#1192),
 .UNSPECIFIED.,.F.,.F.,(4,2,4),(-0.0704989021053071,-0.0435057771013888,
0.),.UNSPECIFIED.);
#218=B_SPLINE_CURVE_WITH_KNOTS('',3,(#1196,#1197,#1198,#1199,#1200,#1201),
 .UNSPECIFIED.,.F.,.F.,(4,2,4),(-1.0138839489709,-0.985637266737236,-0.961313351429913),
 .UNSPECIFIED.);
#219=B_SPLINE_CURVE_WITH_KNOTS('',3,(#1202,#1203,#1204,#1205,#1206,#1207,
#1208,#1209,#1210,#1211,#1212,#1213,#1214,#1215,#1216,#1217,#1218,#1219,
#1220,#1221,#1222,#1223,#1224,#1225,#1226,#1227,#1228,#1229,#1230,#1231,
#1232,#1233,#1234,#1235,#1236,#1237),.UNSPECIFIED.,.F.,.F.,(4,2,2,2,2,2,
2,2,2,2,2,2,2,2,2,2,2,4),(-0.961313351429913,-0.939514953466563,-0.892170217206923,
-0.835687774478915,-0.771774444528764,-0.708752560983566,-0.647585097649107,
-0.586906379430687,-0.522277598897242,-0.464155029918423,-0.413562625847479,
-0.364594084282983,-0.310173767221868,-0.247030557253064,-0.183885964862768,
-0.122147795632146,-0.0622575393460776,0.),.UNSPECIFIED.);
#220=B_SPLINE_CURVE_WITH_KNOTS('',3,(#1241,#1242,#1243,#1244,#1245,#1246,
#1247,#1248,#1249,#1250,#1251,#1252,#1253,#1254,#1255,#1256,#1257,#1258,
#1259,#1260,#1261,#1262,#1263,#1264,#1265,#1266,#1267,#1268,#1269,#1270,
#1271,#1272,#1273,#1274,#1275,#1276,#1277,#1278),.UNSPECIFIED.,.F.,.F.,
(4,2,2,2,2,2,2,2,2,2,2,2,2,2,2,2,2,2,4),(-1.00848585857141,-0.972255802910797,
-0.909295916964422,-0.845473828333159,-0.78448230889546,-0.725593716042662,
-0.66194383274061,-0.609726186122704,-0.56523633018713,-0.521104212573857,
-0.47075089874329,-0.408906014528443,-0.345685621688093,-0.281607092981906,
-0.220852512718168,-0.163322925600234,-0.108699505539837,-0.0713750361844048,
-0.0485926703801004),.UNSPECIFIED.);
#221=B_SPLINE_CURVE_WITH_KNOTS('',3,(#1279,#1280,#1281,#1282,#1283,#1284),
 .UNSPECIFIED.,.F.,.F.,(4,2,4),(-0.0485926703801004,-0.0382667968955674,
0.),.UNSPECIFIED.);
#222=B_SPLINE_CURVE_WITH_KNOTS('',3,(#1288,#1289,#1290,#1291,#1292,#1293,
#1294,#1295,#1296,#1297,#1298,#1299,#1300,#1301,#1302,#1303,#1304,#1305,
#1306,#1307,#1308,#1309,#1310,#1311,#1312,#1313,#1314,#1315),
 .UNSPECIFIED.,.F.,.F.,(4,2,2,2,2,2,2,2,2,2,2,2,2,4),(-0.684376433910054,
-0.642902867086172,-0.600023766586652,-0.551186493450619,-0.498904687159337,
-0.463778173275261,-0.431901273144265,-0.393683601196507,-0.332814296987009,
-0.249294302086306,-0.172905627848601,-0.108661886868487,-0.0523396889619832,
0.),.UNSPECIFIED.);
#223=B_SPLINE_CURVE_WITH_KNOTS('',3,(#1317,#1318,#1319,#1320,#1321,#1322,
#1323,#1324),.UNSPECIFIED.,.F.,.F.,(4,2,2,4),(-0.17921301779378,-0.153107853235784,
-0.0700830072532324,0.),.UNSPECIFIED.);
#224=B_SPLINE_CURVE_WITH_KNOTS('',3,(#1328,#1329,#1330,#1331,#1332,#1333,
#1334,#1335,#1336,#1337,#1338,#1339,#1340,#1341,#1342,#1343,#1344,#1345,
#1346,#1347,#1348,#1349,#1350,#1351,#1352,#1353,#1354,#1355,#1356,#1357,
#1358,#1359,#1360,#1361,#1362,#1363,#1364,#1365),.UNSPECIFIED.,.F.,.F.,
(4,2,2,2,2,2,2,2,2,2,2,2,2,2,2,2,2,2,4),(-1.0830496296836,-1.06151849564261,
-1.02324526271326,-0.971423987465457,-0.913394387897382,-0.852207526440908,
-0.78367576878161,-0.705383883577073,-0.631539498029928,-0.570907170714416,
-0.535079059155681,-0.505695791575941,-0.473472966106597,-0.427653237544499,
-0.373755354994064,-0.310737712988825,-0.234159890774742,-0.160943959347516,
-0.113267591375287),.UNSPECIFIED.);
#225=B_SPLINE_CURVE_WITH_KNOTS('',3,(#1366,#1367,#1368,#1369,#1370,#1371,
#1372,#1373),.UNSPECIFIED.,.F.,.F.,(4,2,2,4),(-0.113267591375287,-0.0825515643335919,
-0.0356236721288825,0.),.UNSPECIFIED.);
#226=B_SPLINE_CURVE_WITH_KNOTS('',3,(#1374,#1375,#1376,#1377,#1378,#1379,
#1380,#1381,#1382,#1383,#1384,#1385,#1386,#1387,#1388,#1389,#1390,#1391),
 .UNSPECIFIED.,.F.,.F.,(4,2,2,2,2,2,2,2,4),(-0.3987074889006,-0.384157141979108,
-0.371329123464874,-0.358571858823486,-0.34468724068629,-0.32590208988358,
-0.286540391472521,-0.223676835718038,-0.17921301779378),.UNSPECIFIED.);
#227=B_SPLINE_CURVE_WITH_KNOTS('',3,(#1645,#1646,#1647,#1648,#1649,#1650,
#1651,#1652,#1653,#1654),.UNSPECIFIED.,.F.,.F.,(4,2,2,1,1,4),(0.,0.125,
0.25,0.5,1.,1.87273545221143),.UNSPECIFIED.);
#228=B_SPLINE_CURVE_WITH_KNOTS('',3,(#1656,#1657,#1658,#1659,#1660,#1661,
#1662,#1663,#1664,#1665,#1666,#1667,#1668,#1669,#1670,#1671,#1672,#1673,
#1674,#1675,#1676),.UNSPECIFIED.,.F.,.F.,(4,2,2,1,1,1,1,1,1,1,1,1,2,2,4),
(0.,0.125,0.25,0.5,1.,2.,3.,4.,5.,6.,7.,7.5,7.75,7.875,8.),
 .UNSPECIFIED.);
#229=B_SPLINE_CURVE_WITH_KNOTS('',3,(#1678,#1679,#1680,#1681,#1682,#1683,
#1684,#1685,#1686,#1687,#1688,#1689,#1690,#1691,#1692,#1693,#1694),
 .UNSPECIFIED.,.F.,.F.,(4,2,2,1,1,1,1,1,2,2,4),(-4.,-3.875,-3.75,-3.5,-3.,
-2.,-1.,-0.5,-0.25,-0.125,0.),.UNSPECIFIED.);
#230=B_SPLINE_CURVE_WITH_KNOTS('',3,(#1696,#1697,#1698,#1699,#1700,#1701,
#1702,#1703,#1704,#1705,#1706,#1707,#1708,#1709,#1710,#1711,#1712,#1713,
#1714,#1715,#1716),.UNSPECIFIED.,.F.,.F.,(4,2,2,1,1,1,1,1,1,1,1,1,2,2,4),
(0.,0.125,0.25,0.5,1.,2.,3.,4.,5.,6.,7.,7.5,7.75,7.875,8.),
 .UNSPECIFIED.);
#231=B_SPLINE_CURVE_WITH_KNOTS('',3,(#1717,#1718,#1719,#1720,#1721,#1722,
#1723,#1724,#1725,#1726),.UNSPECIFIED.,.F.,.F.,(4,1,1,2,2,4),(2.15989088674391,
3.,3.5,3.75,3.875,4.),.UNSPECIFIED.);
#232=B_SPLINE_CURVE_WITH_KNOTS('',3,(#1981,#1982,#1983,#1984,#1985,#1986,
#1987,#1988,#1989,#1990,#1991,#1992,#1993,#1994,#1995,#1996,#1997,#1998,
#1999,#2000,#2001,#2002,#2003,#2004,#2005,#2006),.UNSPECIFIED.,.F.,.F.,
(4,2,2,2,2,2,2,2,2,2,2,2,4),(-9.86671267657407,-9.18166803669403,-8.54643723651748,
-7.16575443452553,-6.18318509168381,-5.21904005984442,-4.19292316899193,
-3.49621442284841,-2.93354397698553,-2.36255253530091,-1.1313020803796,
-0.573541962698741,0.),.UNSPECIFIED.);
#233=B_SPLINE_CURVE_WITH_KNOTS('',3,(#2008,#2009,#2010,#2011,#2012,#2013),
 .UNSPECIFIED.,.F.,.F.,(4,1,1,4),(0.424396258260325,1.,2.,2.5),
 .UNSPECIFIED.);
#234=B_SPLINE_CURVE_WITH_KNOTS('',3,(#2014,#2015,#2016,#2017,#2018,#2019,
#2020,#2021,#2022),.UNSPECIFIED.,.F.,.F.,(4,1,2,2,4),(2.5,2.625,2.75,2.875,
3.),.UNSPECIFIED.);
#235=B_SPLINE_CURVE_WITH_KNOTS('',3,(#2024,#2025,#2026,#2027,#2028,#2029,
#2030,#2031,#2032),.UNSPECIFIED.,.F.,.F.,(4,2,2,1,4),(-3.,-2.875,-2.75,
-2.625,-2.5),.UNSPECIFIED.);
#236=B_SPLINE_CURVE_WITH_KNOTS('',3,(#2033,#2034,#2035,#2036,#2037,#2038),
 .UNSPECIFIED.,.F.,.F.,(4,1,1,4),(-2.5,-2.,-1.,-0.424396258260325),
 .UNSPECIFIED.);
#237=B_SPLINE_CURVE_WITH_KNOTS('',3,(#2041,#2042,#2043,#2044,#2045,#2046,
#2047,#2048,#2049,#2050),.UNSPECIFIED.,.F.,.F.,(4,2,2,2,4),(-0.606323391970929,
-0.4302391841357,-0.32014841049096,-0.197155304761807,0.),.UNSPECIFIED.);
#238=B_SPLINE_CURVE_WITH_KNOTS('',3,(#2051,#2052,#2053,#2054),
 .UNSPECIFIED.,.F.,.F.,(4,4),(-0.698380803050365,-0.2646402804305),
 .UNSPECIFIED.);
#239=B_SPLINE_CURVE_WITH_KNOTS('',3,(#2057,#2058,#2059,#2060,#2061,#2062,
#2063,#2064,#2065,#2066,#2067,#2068,#2069,#2070),.UNSPECIFIED.,.F.,.F.,
(4,2,2,2,2,2,4),(-1.69066511652375,-1.14703681638089,-0.923924062168358,
-0.770547013512149,-0.620610356346391,-0.428961166479401,0.),
 .UNSPECIFIED.);
#240=B_SPLINE_CURVE_WITH_KNOTS('',3,(#2071,#2072,#2073,#2074,#2075,#2076),
 .UNSPECIFIED.,.F.,.F.,(4,2,4),(-2.28109086550903,-2.24683531999558,-2.1806692650294),
 .UNSPECIFIED.);
#241=B_SPLINE_CURVE_WITH_KNOTS('',3,(#2186,#2187,#2188,#2189,#2190,#2191),
 .UNSPECIFIED.,.F.,.F.,(4,2,4),(-0.498557424362646,-0.238334299989276,0.),
 .UNSPECIFIED.);
#242=B_SPLINE_CURVE_WITH_KNOTS('',3,(#2193,#2194,#2195,#2196),
 .UNSPECIFIED.,.F.,.F.,(4,4),(0.432778948407244,1.),.UNSPECIFIED.);
#243=B_SPLINE_CURVE_WITH_KNOTS('',3,(#2198,#2199,#2200,#2201,#2202,#2203,
#2204,#2205,#2206,#2207,#2208),.UNSPECIFIED.,.F.,.F.,(4,1,1,1,2,2,4),(1.,
1.5,2.,2.125,2.25,2.375,2.5),.UNSPECIFIED.);
#244=B_SPLINE_CURVE_WITH_KNOTS('',3,(#2209,#2210,#2211,#2212,#2213,#2214,
#2215,#2216,#2217),.UNSPECIFIED.,.F.,.F.,(4,2,2,1,4),(-0.5,-0.375,-0.25,
-0.125,0.),.UNSPECIFIED.);
#245=B_SPLINE_CURVE_WITH_KNOTS('',3,(#2318,#2319,#2320,#2321,#2322,#2323,
#2324,#2325,#2326),.UNSPECIFIED.,.F.,.F.,(4,2,2,1,4),(0.,0.125,0.25,0.375,
0.5),.UNSPECIFIED.);
#246=B_SPLINE_CURVE_WITH_KNOTS('',3,(#2328,#2329,#2330,#2331,#2332,#2333,
#2334,#2335,#2336,#2337,#2338),.UNSPECIFIED.,.F.,.F.,(4,1,1,1,2,2,4),(0.,
0.5,1.,1.125,1.25,1.375,1.5),.UNSPECIFIED.);
#247=B_SPLINE_CURVE_WITH_KNOTS('',3,(#2339,#2340,#2341,#2342,#2343,#2344,
#2345,#2346,#2347),.UNSPECIFIED.,.F.,.F.,(4,1,2,2,4),(-0.5,-0.375,-0.25,
-0.125,0.),.UNSPECIFIED.);
#248=B_SPLINE_CURVE_WITH_KNOTS('',3,(#2457,#2458,#2459,#2460,#2461,#2462),
 .UNSPECIFIED.,.F.,.F.,(4,2,4),(-0.497983929851448,-0.259908620020267,0.),
 .UNSPECIFIED.);
#249=B_SPLINE_CURVE_WITH_KNOTS('',3,(#2464,#2465,#2466,#2467,#2468,#2469,
#2470,#2471,#2472),.UNSPECIFIED.,.F.,.F.,(4,1,2,2,4),(0.,0.125,0.25,0.375,
0.5),.UNSPECIFIED.);
#250=B_SPLINE_CURVE_WITH_KNOTS('',3,(#2474,#2475,#2476,#2477,#2478,#2479,
#2480,#2481,#2482,#2483,#2484),.UNSPECIFIED.,.F.,.F.,(4,2,2,1,1,1,4),(0.,
0.125,0.25,0.375,0.5,1.,1.5),.UNSPECIFIED.);
#251=B_SPLINE_CURVE_WITH_KNOTS('',3,(#2485,#2486,#2487,#2488),
 .UNSPECIFIED.,.F.,.F.,(4,4),(1.5,2.06722105159276),.UNSPECIFIED.);
#252=B_SPLINE_CURVE_WITH_KNOTS('',3,(#2589,#2590,#2591,#2592,#2593,#2594,
#2595,#2596,#2597),.UNSPECIFIED.,.F.,.F.,(4,2,2,1,4),(0.,0.125,0.25,0.375,
0.5),.UNSPECIFIED.);
#253=B_SPLINE_CURVE_WITH_KNOTS('',3,(#2599,#2600,#2601,#2602,#2603,#2604,
#2605,#2606,#2607,#2608,#2609),.UNSPECIFIED.,.F.,.F.,(4,2,2,1,1,1,4),(0.,
0.125,0.25,0.375,0.5,1.,1.5),.UNSPECIFIED.);
#254=B_SPLINE_CURVE_WITH_KNOTS('',3,(#2610,#2611,#2612,#2613,#2614,#2615,
#2616,#2617,#2618),.UNSPECIFIED.,.F.,.F.,(4,1,2,2,4),(-0.5,-0.375,-0.25,
-0.125,0.),.UNSPECIFIED.);
#255=B_SPLINE_CURVE_WITH_KNOTS('',3,(#2719,#2720,#2721,#2722,#2723,#2724,
#2725,#2726,#2727,#2728),.UNSPECIFIED.,.F.,.F.,(4,2,2,2,4),(-0.5,-0.375,
-0.25,-0.125,0.),.UNSPECIFIED.);
#256=B_SPLINE_CURVE_WITH_KNOTS('',3,(#2829,#2830,#2831,#2832,#2833,#2834,
#2835,#2836,#2837,#2838),.UNSPECIFIED.,.F.,.F.,(4,2,2,2,4),(0.,0.125,0.25,
0.375,0.5),.UNSPECIFIED.);
#257=B_SPLINE_CURVE_WITH_KNOTS('',3,(#3080,#3081,#3082,#3083,#3084,#3085,
#3086,#3087,#3088,#3089,#3090,#3091,#3092,#3093,#3094),.UNSPECIFIED.,.F.,
 .F.,(4,2,2,1,1,1,2,2,4),(0.,0.125,0.25,0.5,1.,1.5,1.75,1.875,2.),
 .UNSPECIFIED.);
#258=B_SPLINE_CURVE_WITH_KNOTS('',3,(#3096,#3097,#3098,#3099,#3100,#3101,
#3102,#3103,#3104),.UNSPECIFIED.,.F.,.F.,(4,2,2,1,4),(0.,0.125,0.25,0.5,
1.),.UNSPECIFIED.);
#259=B_SPLINE_CURVE_WITH_KNOTS('',3,(#3106,#3107,#3108,#3109,#3110,#3111,
#3112,#3113,#3114,#3115),.UNSPECIFIED.,.F.,.F.,(4,1,1,2,2,4),(1.,1.5,1.625,
1.75,1.875,2.),.UNSPECIFIED.);
#260=B_SPLINE_CURVE_WITH_KNOTS('',3,(#3116,#3117,#3118,#3119,#3120,#3121,
#3122,#3123,#3124,#3125,#3126,#3127,#3128,#3129,#3130),.UNSPECIFIED.,.F.,
 .F.,(4,2,2,1,1,1,2,2,4),(-2.,-1.875,-1.75,-1.5,-1.,-0.5,-0.25,-0.125,0.),
 .UNSPECIFIED.);
#261=B_SPLINE_CURVE_WITH_KNOTS('',3,(#3372,#3373,#3374,#3375,#3376,#3377,
#3378,#3379,#3380,#3381,#3382,#3383,#3384,#3385,#3386),.UNSPECIFIED.,.F.,
 .F.,(4,2,2,1,1,1,2,2,4),(0.,0.125,0.25,0.5,1.,1.5,1.75,1.875,2.),
 .UNSPECIFIED.);
#262=B_SPLINE_CURVE_WITH_KNOTS('',3,(#3388,#3389,#3390,#3391,#3392,#3393,
#3394,#3395,#3396,#3397),.UNSPECIFIED.,.F.,.F.,(4,2,2,1,1,4),(0.,0.125,
0.25,0.375,0.5,1.),.UNSPECIFIED.);
#263=B_SPLINE_CURVE_WITH_KNOTS('',3,(#3399,#3400,#3401,#3402,#3403,#3404,
#3405,#3406,#3407),.UNSPECIFIED.,.F.,.F.,(4,1,2,2,4),(1.,1.5,1.75,1.875,
2.),.UNSPECIFIED.);
#264=B_SPLINE_CURVE_WITH_KNOTS('',3,(#3408,#3409,#3410,#3411,#3412,#3413,
#3414,#3415,#3416,#3417,#3418,#3419,#3420,#3421,#3422),.UNSPECIFIED.,.F.,
 .F.,(4,2,2,1,1,1,2,2,4),(-2.,-1.875,-1.75,-1.5,-1.,-0.5,-0.25,-0.125,0.),
 .UNSPECIFIED.);
#265=B_SPLINE_CURVE_WITH_KNOTS('',3,(#3679,#3680,#3681,#3682,#3683,#3684,
#3685,#3686,#3687,#3688,#3689,#3690,#3691,#3692,#3693,#3694,#3695),
 .UNSPECIFIED.,.F.,.F.,(4,2,2,1,1,1,1,1,2,2,4),(0.,0.125,0.25,0.5,1.,2.,
3.,3.5,3.75,3.875,4.),.UNSPECIFIED.);
#266=B_SPLINE_CURVE_WITH_KNOTS('',3,(#3696,#3697,#3698,#3699,#3700,#3701,
#3702,#3703,#3704,#3705,#3706,#3707,#3708,#3709,#3710),.UNSPECIFIED.,.F.,
 .F.,(4,2,2,1,1,1,2,2,4),(0.,0.125,0.25,0.5,1.,1.5,1.75,1.875,2.),
 .UNSPECIFIED.);
#267=B_SPLINE_CURVE_WITH_KNOTS('',3,(#3967,#3968,#3969,#3970,#3971,#3972,
#3973,#3974,#3975,#3976,#3977,#3978,#3979,#3980,#3981),.UNSPECIFIED.,.F.,
 .F.,(4,2,2,1,1,1,2,2,4),(0.,0.125,0.25,0.5,1.,1.5,1.75,1.875,2.),
 .UNSPECIFIED.);
#268=B_SPLINE_CURVE_WITH_KNOTS('',3,(#3982,#3983,#3984,#3985,#3986,#3987,
#3988,#3989,#3990,#3991,#3992,#3993,#3994,#3995,#3996,#3997,#3998),
 .UNSPECIFIED.,.F.,.F.,(4,2,2,1,1,1,1,1,2,2,4),(-4.,-3.875,-3.75,-3.5,-3.,
-2.,-1.,-0.5,-0.25,-0.125,0.),.UNSPECIFIED.);
#269=B_SPLINE_CURVE_WITH_KNOTS('',3,(#4143,#4144,#4145,#4146,#4147,#4148,
#4149,#4150,#4151,#4152,#4153,#4154,#4155,#4156),.UNSPECIFIED.,.F.,.F.,
(4,2,2,2,2,2,4),(-1.86089448698161,-1.55626145024401,-1.22669272981077,
-1.0189202943637,-0.647370540774706,-0.22438941798175,0.),.UNSPECIFIED.);
#270=B_SPLINE_CURVE_WITH_KNOTS('',3,(#4157,#4158,#4159,#4160,#4161,#4162,
#4163,#4164),.UNSPECIFIED.,.F.,.F.,(4,2,2,4),(-1.,-0.875,-0.75,-0.551190154500279),
 .UNSPECIFIED.);
#271=B_SPLINE_CURVE_WITH_KNOTS('',3,(#4335,#4336,#4337,#4338,#4339,#4340),
 .UNSPECIFIED.,.F.,.F.,(4,2,4),(-1.98528434503872,-0.971111544835747,0.),
 .UNSPECIFIED.);
#272=B_SPLINE_CURVE_WITH_KNOTS('',3,(#4341,#4342,#4343,#4344,#4345,#4346,
#4347,#4348),.UNSPECIFIED.,.F.,.F.,(4,2,2,4),(-1.,-0.875,-0.75,-0.677965440760386),
 .UNSPECIFIED.);
#273=B_SPLINE_CURVE_WITH_KNOTS('',3,(#4584,#4585,#4586,#4587,#4588,#4589,
#4590,#4591,#4592,#4593,#4594,#4595,#4596,#4597,#4598,#4599,#4600,#4601,
#4602,#4603,#4604,#4605,#4606,#4607),.UNSPECIFIED.,.F.,.F.,(4,2,2,2,2,2,
2,2,2,2,2,4),(-5.10096493640737,-4.88607950228448,-4.67509665918385,-4.40671530690768,
-3.5746660427494,-3.32232234912816,-2.86767585756956,-2.48272335213692,
-1.88023659022031,-1.22264092167227,-0.675980190432732,0.),
 .UNSPECIFIED.);
#274=B_SPLINE_CURVE_WITH_KNOTS('',3,(#4608,#4609,#4610,#4611,#4612,#4613,
#4614,#4615,#4616,#4617,#4618),.UNSPECIFIED.,.F.,.F.,(4,2,2,1,2,4),(-1.,
-0.875,-0.75,-0.5,-0.25,-0.145494556030805),.UNSPECIFIED.);
#275=B_SPLINE_CURVE_WITH_KNOTS('',3,(#4620,#4621,#4622,#4623,#4624,#4625,
#4626,#4627,#4628,#4629),.UNSPECIFIED.,.F.,.F.,(4,3,3,4),(3.93235379424403,
3.96127477472888,4.08650565123243,4.09061884926951),.UNSPECIFIED.);
#276=B_SPLINE_CURVE_WITH_KNOTS('',3,(#4732,#4733,#4734,#4735,#4736,#4737,
#4738,#4739,#4740,#4741,#4742,#4743,#4744,#4745,#4746,#4747,#4748,#4749),
 .UNSPECIFIED.,.F.,.F.,(4,2,2,2,2,2,2,2,4),(0.,0.534696067048461,0.649027715410654,
0.730541585066453,0.821357166156332,0.95083364775958,1.10190650232733,1.31552491533919,
1.44907104575251),.UNSPECIFIED.);
#277=B_SPLINE_CURVE_WITH_KNOTS('',3,(#4750,#4751,#4752,#4753,#4754,#4755,
#4756,#4757,#4758,#4759),.UNSPECIFIED.,.F.,.F.,(4,3,3,4),(10.1509026999408,
11.3392566461156,13.9323970323121,15.9246752798039),.UNSPECIFIED.);
#278=B_SPLINE_CURVE_WITH_KNOTS('',3,(#4761,#4762,#4763,#4764,#4765,#4766,
#4767,#4768,#4769,#4770,#4771,#4772,#4773),.UNSPECIFIED.,.F.,.F.,(4,3,3,
3,4),(0.650248244561627,0.822258291377054,0.951215356200694,1.3466799089798,
1.54319734185399),.UNSPECIFIED.);
#279=B_SPLINE_CURVE_WITH_KNOTS('',3,(#4777,#4778,#4779,#4780,#4781,#4782,
#4783,#4784),.UNSPECIFIED.,.F.,.F.,(4,2,2,4),(-3.86306880179413,-3.02507988380733,
-1.76686956635536,-0.124334771705174),.UNSPECIFIED.);
#280=B_SPLINE_CURVE_WITH_KNOTS('',3,(#4786,#4787,#4788,#4789,#4790,#4791,
#4792,#4793,#4794,#4795,#4796,#4797,#4798,#4799,#4800,#4801),
 .UNSPECIFIED.,.F.,.F.,(4,3,3,3,3,4),(25.9474529331692,27.832337142976,
30.4351905291311,31.7037874640291,32.3695971767277,32.9188977416376),
 .UNSPECIFIED.);
#281=B_SPLINE_CURVE_WITH_KNOTS('',3,(#4802,#4803,#4804,#4805),
 .UNSPECIFIED.,.F.,.F.,(4,4),(0.,0.316661779634292),.UNSPECIFIED.);
#282=B_SPLINE_CURVE_WITH_KNOTS('',3,(#4807,#4808,#4809,#4810,#4811,#4812,
#4813,#4814,#4815,#4816,#4817,#4818,#4819,#4820,#4821,#4822,#4823,#4824,
#4825,#4826),.UNSPECIFIED.,.F.,.F.,(4,2,2,2,2,2,2,2,2,4),(-7.98545351604332,
-7.91796727223,-7.77437049769289,-7.32521763361381,-7.14212635799495,-6.98729680893019,
-6.74910789441931,-6.4037542806303,-6.20693109124089,-6.09593113552612),
 .UNSPECIFIED.);
#283=B_SPLINE_CURVE_WITH_KNOTS('',3,(#4830,#4831,#4832,#4833,#4834,#4835,
#4836,#4837,#4838,#4839),.UNSPECIFIED.,.F.,.F.,(4,2,2,2,4),(-11.36839192419,
-10.8718922470712,-10.47979243024,-9.87725600310629,-9.56426486978651),
 .UNSPECIFIED.);
#284=B_SPLINE_CURVE_WITH_KNOTS('',3,(#4841,#4842,#4843,#4844,#4845,#4846,
#4847),.UNSPECIFIED.,.F.,.F.,(4,3,4),(3.07371570638388,3.21385075240514,
3.61834035867326),.UNSPECIFIED.);
#285=B_SPLINE_CURVE_WITH_KNOTS('',3,(#4848,#4849,#4850,#4851,#4852,#4853,
#4854,#4855,#4856,#4857,#4858,#4859,#4860),.UNSPECIFIED.,.F.,.F.,(4,3,3,
3,4),(0.,0.290181525822329,0.858537761626814,2.12478458946015,2.81328903902106),
 .UNSPECIFIED.);
#286=B_SPLINE_CURVE_WITH_KNOTS('',3,(#4894,#4895,#4896,#4897),
 .UNSPECIFIED.,.F.,.F.,(4,4),(0.,0.527487969974577),.UNSPECIFIED.);
#287=B_SPLINE_CURVE_WITH_KNOTS('',3,(#4928,#4929,#4930,#4931),
 .UNSPECIFIED.,.F.,.F.,(4,4),(0.,1.15617283551119),.UNSPECIFIED.);
#288=B_SPLINE_CURVE_WITH_KNOTS('',3,(#5291,#5292,#5293,#5294,#5295,#5296,
#5297,#5298,#5299,#5300,#5301,#5302,#5303),.UNSPECIFIED.,.F.,.F.,(4,3,3,
3,4),(-0.877841589440989,-0.875215710565776,-0.776949018971306,-0.589717109640885,
-0.262521688964736),.UNSPECIFIED.);
#289=B_SPLINE_CURVE_WITH_KNOTS('',3,(#5304,#5305,#5306,#5307),
 .UNSPECIFIED.,.F.,.F.,(4,4),(0.,0.328841404630306),.UNSPECIFIED.);
#290=B_SPLINE_CURVE_WITH_KNOTS('',3,(#5308,#5309,#5310,#5311,#5312,#5313),
 .UNSPECIFIED.,.F.,.F.,(4,2,4),(13.0699936176067,13.9496200721371,20.4448328752712),
 .UNSPECIFIED.);
#291=B_SPLINE_CURVE_WITH_KNOTS('',3,(#5569,#5570,#5571,#5572,#5573,#5574,
#5575,#5576),.UNSPECIFIED.,.F.,.F.,(4,2,2,4),(-0.928813395718214,-0.916290845323148,
-0.493375083320785,0.),.UNSPECIFIED.);
#292=B_SPLINE_CURVE_WITH_KNOTS('',3,(#5577,#5578,#5579,#5580,#5581,#5582,
#5583,#5584,#5585,#5586,#5587,#5588,#5589,#5590,#5591,#5592,#5593,#5594,
#5595,#5596,#5597,#5598,#5599,#5600,#5601,#5602,#5603,#5604,#5605,#5606,
#5607,#5608,#5609,#5610,#5611,#5612,#5613,#5614,#5615,#5616,#5617,#5618,
#5619,#5620,#5621,#5622),.UNSPECIFIED.,.F.,.F.,(4,3,3,3,3,3,3,3,3,3,3,3,
3,3,3,4),(1.65932942539194,1.67751406089619,1.69328898012454,1.70705298428493,
1.71992336235192,1.72081698844532,1.72770164311407,1.73420064586894,1.73984465371094,
1.74956138055219,1.75760724764188,1.76455120010154,1.77106098100804,1.77725396735809,
1.78307521094742,1.78538305748053),.UNSPECIFIED.);
#293=B_SPLINE_CURVE_WITH_KNOTS('',3,(#5624,#5625,#5626,#5627,#5628,#5629,
#5630,#5631,#5632,#5633,#5634,#5635,#5636,#5637,#5638,#5639,#5640,#5641,
#5642,#5643,#5644,#5645,#5646,#5647,#5648,#5649,#5650,#5651,#5652,#5653,
#5654,#5655,#5656,#5657,#5658,#5659,#5660,#5661,#5662,#5663,#5664,#5665,
#5666,#5667,#5668,#5669),.UNSPECIFIED.,.F.,.F.,(4,3,3,3,3,3,3,3,3,3,3,3,
3,3,3,4),(0.,0.0894992757960863,0.175137463724002,0.256510107348927,0.322277577705925,
0.399731576289,0.458018872691699,0.499349025186598,0.528193533818123,0.556396037413772,
0.608000311820708,0.660225196855226,0.67490755602891,0.715882711814376,
0.755020941167161,0.78852937091067),.UNSPECIFIED.);
#294=B_SPLINE_CURVE_WITH_KNOTS('',3,(#5670,#5671,#5672,#5673,#5674,#5675,
#5676,#5677,#5678,#5679,#5680,#5681,#5682,#5683,#5684,#5685,#5686,#5687,
#5688,#5689,#5690,#5691,#5692,#5693,#5694,#5695,#5696,#5697,#5698,#5699,
#5700,#5701,#5702,#5703,#5704,#5705),.UNSPECIFIED.,.F.,.F.,(4,2,2,2,2,2,
2,2,2,2,2,2,2,2,2,2,2,4),(-3.52298064455111,-3.52240197515403,-3.36491288679841,
-3.25917160529786,-3.22975985153654,-3.11259000443263,-3.04395661483303,
-3.00191627378083,-2.93275887896403,-2.79905437879862,-2.71143770461241,
-2.53923519082837,-2.44831100078867,-2.40600040977822,-2.35200820903072,
-2.12284324814555,-1.85908473522533,-1.66533566876452),.UNSPECIFIED.);
#295=B_SPLINE_CURVE_WITH_KNOTS('',3,(#5706,#5707,#5708,#5709,#5710,#5711,
#5712,#5713,#5714,#5715),.UNSPECIFIED.,.F.,.F.,(4,2,2,2,4),(-4.20579170040335,
-4.15532015677692,-4.02767118509667,-3.94145962927317,-3.8710701416374),
 .UNSPECIFIED.);
#296=B_SPLINE_CURVE_WITH_KNOTS('',3,(#5716,#5717,#5718,#5719,#5720,#5721,
#5722,#5723,#5724,#5725,#5726),.UNSPECIFIED.,.F.,.F.,(4,2,1,2,2,4),(0.145494556030805,
0.25,0.5,0.75,0.875,1.),.UNSPECIFIED.);
#297=B_SPLINE_CURVE_WITH_KNOTS('',3,(#5827,#5828,#5829,#5830,#5831,#5832,
#5833),.UNSPECIFIED.,.F.,.F.,(4,3,4),(-3.13937335290567,-1.30493973554175,
-0.773589577126868),.UNSPECIFIED.);
#298=B_SPLINE_CURVE_WITH_KNOTS('',3,(#6069,#6070,#6071,#6072,#6073,#6074,
#6075,#6076,#6077,#6078,#6079,#6080,#6081,#6082,#6083,#6084,#6085,#6086,
#6087,#6088,#6089,#6090,#6091,#6092),.UNSPECIFIED.,.F.,.F.,(4,2,2,2,2,2,
2,2,2,2,2,4),(-7.97351468670599,-7.57212858207477,-7.25128076632131,-6.77942110522972,
-6.19642597152242,-5.53098350362118,-4.34625723762221,-3.1812621111307,
-2.05330142710339,-1.41872907488498,-0.7620103925359,0.),.UNSPECIFIED.);
#299=B_SPLINE_CURVE_WITH_KNOTS('',3,(#6093,#6094,#6095,#6096,#6097,#6098,
#6099,#6100),.UNSPECIFIED.,.F.,.F.,(4,2,2,4),(0.677965440760386,0.75,0.875,
1.),.UNSPECIFIED.);
#300=B_SPLINE_CURVE_WITH_KNOTS('',3,(#6271,#6272,#6273,#6274,#6275,#6276),
 .UNSPECIFIED.,.F.,.F.,(4,2,4),(-1.20534654263842,-0.58685982149376,0.),
 .UNSPECIFIED.);
#301=B_SPLINE_CURVE_WITH_KNOTS('',3,(#6277,#6278,#6279,#6280,#6281,#6282,
#6283,#6284),.UNSPECIFIED.,.F.,.F.,(4,2,2,4),(0.551190154500278,0.75,0.875,
1.),.UNSPECIFIED.);
#302=B_SPLINE_CURVE_WITH_KNOTS('',3,(#6428,#6429,#6430,#6431,#6432,#6433,
#6434,#6435,#6436,#6437,#6438,#6439),.UNSPECIFIED.,.F.,.F.,(4,2,2,2,2,4),
(-6.36062611318916,-5.35793611799286,-4.45753347712223,-2.72371668581038,
-0.692458263078791,0.),.UNSPECIFIED.);
#303=B_SPLINE_CURVE_WITH_KNOTS('',3,(#6541,#6542,#6543,#6544,#6545,#6546,
#6547,#6548,#6549),.UNSPECIFIED.,.F.,.F.,(4,2,2,1,4),(0.,0.125,0.25,0.375,
0.5),.UNSPECIFIED.);
#304=B_SPLINE_CURVE_WITH_KNOTS('',3,(#6551,#6552,#6553,#6554,#6555,#6556,
#6557,#6558,#6559,#6560,#6561),.UNSPECIFIED.,.F.,.F.,(4,1,1,1,2,2,4),(1.,
1.5,2.,2.125,2.25,2.375,2.5),.UNSPECIFIED.);
#305=B_SPLINE_CURVE_WITH_KNOTS('',3,(#6563,#6564,#6565,#6566,#6567,#6568,
#6569,#6570,#6571),.UNSPECIFIED.,.F.,.F.,(4,1,2,2,4),(-0.5,-0.375,-0.25,
-0.125,0.),.UNSPECIFIED.);
#306=B_SPLINE_CURVE_WITH_KNOTS('',3,(#6572,#6573,#6574,#6575,#6576,#6577,
#6578,#6579,#6580,#6581,#6582),.UNSPECIFIED.,.F.,.F.,(4,1,1,1,2,2,4),(0.,
0.5,1.,1.125,1.25,1.375,1.5),.UNSPECIFIED.);
#307=B_SPLINE_CURVE_WITH_KNOTS('',3,(#6684,#6685,#6686,#6687,#6688,#6689,
#6690,#6691,#6692),.UNSPECIFIED.,.F.,.F.,(4,2,2,1,4),(0.,0.125,0.25,0.375,
0.5),.UNSPECIFIED.);
#308=B_SPLINE_CURVE_WITH_KNOTS('',3,(#6694,#6695,#6696,#6697,#6698,#6699,
#6700,#6701,#6702,#6703,#6704),.UNSPECIFIED.,.F.,.F.,(4,2,2,1,1,1,4),(0.,
0.125,0.25,0.375,0.5,1.,1.5),.UNSPECIFIED.);
#309=B_SPLINE_CURVE_WITH_KNOTS('',3,(#6706,#6707,#6708,#6709,#6710,#6711,
#6712,#6713,#6714),.UNSPECIFIED.,.F.,.F.,(4,1,2,2,4),(-0.5,-0.375,-0.25,
-0.125,0.),.UNSPECIFIED.);
#310=B_SPLINE_CURVE_WITH_KNOTS('',3,(#6715,#6716,#6717,#6718,#6719,#6720,
#6721,#6722,#6723,#6724,#6725),.UNSPECIFIED.,.F.,.F.,(4,2,2,1,1,1,4),(0.,
0.125,0.25,0.375,0.5,1.,1.5),.UNSPECIFIED.);
#311=B_SPLINE_CURVE_WITH_KNOTS('',3,(#6828,#6829,#6830,#6831,#6832,#6833,
#6834,#6835,#6836),.UNSPECIFIED.,.F.,.F.,(4,1,2,2,4),(2.5,2.625,2.75,2.875,
3.),.UNSPECIFIED.);
#312=B_SPLINE_CURVE_WITH_KNOTS('',3,(#6837,#6838,#6839,#6840,#6841,#6842,
#6843,#6844,#6845,#6846),.UNSPECIFIED.,.F.,.F.,(4,2,2,2,4),(-0.5,-0.375,
-0.25,-0.125,0.),.UNSPECIFIED.);
#313=B_SPLINE_CURVE_WITH_KNOTS('',3,(#6847,#6848,#6849,#6850,#6851,#6852,
#6853,#6854,#6855),.UNSPECIFIED.,.F.,.F.,(4,2,2,1,4),(-0.5,-0.375,-0.25,
-0.125,0.),.UNSPECIFIED.);
#314=B_SPLINE_CURVE_WITH_KNOTS('',3,(#6957,#6958,#6959,#6960,#6961,#6962,
#6963,#6964,#6965,#6966),.UNSPECIFIED.,.F.,.F.,(4,2,2,2,4),(0.,0.125,0.25,
0.375,0.5),.UNSPECIFIED.);
#315=B_SPLINE_CURVE_WITH_KNOTS('',3,(#6968,#6969,#6970,#6971,#6972,#6973,
#6974,#6975,#6976),.UNSPECIFIED.,.F.,.F.,(4,2,2,1,4),(-3.,-2.875,-2.75,
-2.625,-2.5),.UNSPECIFIED.);
#316=B_SPLINE_CURVE_WITH_KNOTS('',3,(#6977,#6978,#6979,#6980,#6981,#6982,
#6983,#6984,#6985),.UNSPECIFIED.,.F.,.F.,(4,1,2,2,4),(0.,0.125,0.25,0.375,
0.5),.UNSPECIFIED.);
#317=B_SPLINE_CURVE_WITH_KNOTS('',3,(#7227,#7228,#7229,#7230,#7231,#7232,
#7233,#7234,#7235,#7236,#7237,#7238,#7239,#7240,#7241),.UNSPECIFIED.,.F.,
 .F.,(4,2,2,1,1,1,2,2,4),(0.,0.125,0.25,0.5,1.,1.5,1.75,1.875,2.),
 .UNSPECIFIED.);
#318=B_SPLINE_CURVE_WITH_KNOTS('',3,(#7243,#7244,#7245,#7246,#7247,#7248,
#7249,#7250,#7251,#7252,#7253,#7254,#7255,#7256,#7257),.UNSPECIFIED.,.F.,
 .F.,(4,2,2,1,1,1,2,2,4),(-2.,-1.875,-1.75,-1.5,-1.,-0.5,-0.25,-0.125,0.),
 .UNSPECIFIED.);
#319=B_SPLINE_CURVE_WITH_KNOTS('',3,(#7259,#7260,#7261,#7262,#7263,#7264,
#7265,#7266,#7267,#7268),.UNSPECIFIED.,.F.,.F.,(4,1,1,2,2,4),(1.,1.5,1.625,
1.75,1.875,2.),.UNSPECIFIED.);
#320=B_SPLINE_CURVE_WITH_KNOTS('',3,(#7269,#7270,#7271,#7272,#7273,#7274,
#7275,#7276,#7277),.UNSPECIFIED.,.F.,.F.,(4,2,2,1,4),(0.,0.125,0.25,0.5,
1.),.UNSPECIFIED.);
#321=B_SPLINE_CURVE_WITH_KNOTS('',3,(#7519,#7520,#7521,#7522,#7523,#7524,
#7525,#7526,#7527,#7528,#7529,#7530,#7531,#7532,#7533),.UNSPECIFIED.,.F.,
 .F.,(4,2,2,1,1,1,2,2,4),(0.,0.125,0.25,0.5,1.,1.5,1.75,1.875,2.),
 .UNSPECIFIED.);
#322=B_SPLINE_CURVE_WITH_KNOTS('',3,(#7535,#7536,#7537,#7538,#7539,#7540,
#7541,#7542,#7543,#7544,#7545,#7546,#7547,#7548,#7549),.UNSPECIFIED.,.F.,
 .F.,(4,2,2,1,1,1,2,2,4),(-2.,-1.875,-1.75,-1.5,-1.,-0.5,-0.25,-0.125,0.),
 .UNSPECIFIED.);
#323=B_SPLINE_CURVE_WITH_KNOTS('',3,(#7551,#7552,#7553,#7554,#7555,#7556,
#7557,#7558,#7559),.UNSPECIFIED.,.F.,.F.,(4,1,2,2,4),(1.,1.5,1.75,1.875,
2.),.UNSPECIFIED.);
#324=B_SPLINE_CURVE_WITH_KNOTS('',3,(#7560,#7561,#7562,#7563,#7564,#7565,
#7566,#7567,#7568,#7569),.UNSPECIFIED.,.F.,.F.,(4,2,2,1,1,4),(0.,0.125,
0.25,0.375,0.5,1.),.UNSPECIFIED.);
#325=B_SPLINE_CURVE_WITH_KNOTS('',3,(#7826,#7827,#7828,#7829,#7830,#7831,
#7832,#7833,#7834,#7835,#7836,#7837,#7838,#7839,#7840,#7841,#7842),
 .UNSPECIFIED.,.F.,.F.,(4,2,2,1,1,1,1,1,2,2,4),(0.,0.125,0.25,0.5,1.,2.,
3.,3.5,3.75,3.875,4.),.UNSPECIFIED.);
#326=B_SPLINE_CURVE_WITH_KNOTS('',3,(#7844,#7845,#7846,#7847,#7848,#7849,
#7850,#7851,#7852,#7853,#7854,#7855,#7856,#7857,#7858,#7859,#7860),
 .UNSPECIFIED.,.F.,.F.,(4,2,2,1,1,1,1,1,2,2,4),(-4.,-3.875,-3.75,-3.5,-3.,
-2.,-1.,-0.5,-0.25,-0.125,0.),.UNSPECIFIED.);
#327=B_SPLINE_CURVE_WITH_KNOTS('',3,(#7861,#7862,#7863,#7864,#7865,#7866,
#7867,#7868,#7869,#7870,#7871,#7872,#7873,#7874,#7875),.UNSPECIFIED.,.F.,
 .F.,(4,2,2,1,1,1,2,2,4),(0.,0.125,0.25,0.5,1.,1.5,1.75,1.875,2.),
 .UNSPECIFIED.);
#328=B_SPLINE_CURVE_WITH_KNOTS('',3,(#8132,#8133,#8134,#8135,#8136,#8137,
#8138,#8139,#8140,#8141,#8142,#8143,#8144,#8145,#8146,#8147,#8148),
 .UNSPECIFIED.,.F.,.F.,(4,2,2,1,1,1,1,1,2,2,4),(0.,0.125,0.25,0.5,1.,2.,
3.,3.5,3.75,3.875,4.),.UNSPECIFIED.);
#329=B_SPLINE_CURVE_WITH_KNOTS('',3,(#8150,#8151,#8152,#8153,#8154,#8155,
#8156,#8157,#8158,#8159,#8160,#8161,#8162,#8163,#8164,#8165,#8166),
 .UNSPECIFIED.,.F.,.F.,(4,2,2,1,1,1,1,1,2,2,4),(-4.,-3.875,-3.75,-3.5,-3.,
-2.,-1.,-0.5,-0.25,-0.125,0.),.UNSPECIFIED.);
#330=B_SPLINE_CURVE_WITH_KNOTS('',3,(#8167,#8168,#8169,#8170,#8171,#8172,
#8173,#8174,#8175,#8176,#8177,#8178,#8179,#8180,#8181),.UNSPECIFIED.,.F.,
 .F.,(4,2,2,1,1,1,2,2,4),(0.,0.125,0.25,0.5,1.,1.5,1.75,1.875,2.),
 .UNSPECIFIED.);
#331=B_SPLINE_CURVE_WITH_KNOTS('',3,(#8434,#8435,#8436,#8437,#8438,#8439,
#8440,#8441,#8442,#8443,#8444,#8445,#8446,#8447,#8448,#8449,#8450,#8451,
#8452,#8453,#8454),.UNSPECIFIED.,.F.,.F.,(4,2,2,1,1,1,1,1,1,1,1,1,2,2,4),
(0.,0.125,0.25,0.5,1.,2.,3.,4.,5.,6.,7.,7.5,7.75,7.875,8.),
 .UNSPECIFIED.);
#332=B_SPLINE_CURVE_WITH_KNOTS('',3,(#8455,#8456,#8457,#8458,#8459,#8460,
#8461,#8462,#8463,#8464,#8465,#8466,#8467,#8468,#8469,#8470,#8471,#8472,
#8473,#8474,#8475),.UNSPECIFIED.,.F.,.F.,(4,2,2,1,1,1,1,1,1,1,1,1,2,2,4),
(0.,0.125,0.25,0.5,1.,2.,3.,4.,5.,6.,7.,7.5,7.75,7.875,8.),
 .UNSPECIFIED.);
#333=B_SPLINE_CURVE_WITH_KNOTS('',3,(#8621,#8622,#8623,#8624,#8625,#8626,
#8627,#8628,#8629,#8630,#8631,#8632),.UNSPECIFIED.,.F.,.F.,(4,2,2,2,2,4),
(-2.39917351347943,-2.03972802513068,-1.69630523202017,-1.02703886106614,
-0.353809635007302,0.),.UNSPECIFIED.);
#334=B_SPLINE_CURVE_WITH_KNOTS('',3,(#8633,#8634,#8635,#8636,#8637,#8638),
 .UNSPECIFIED.,.F.,.F.,(4,2,4),(-1.,-0.875,-0.776480714954048),
 .UNSPECIFIED.);
#335=B_SPLINE_CURVE_WITH_KNOTS('',3,(#8639,#8640,#8641,#8642),
 .UNSPECIFIED.,.F.,.F.,(4,4),(1.5,1.89945737857324),.UNSPECIFIED.);
#336=B_SPLINE_CURVE_WITH_KNOTS('',3,(#8813,#8814,#8815,#8816,#8817,#8818),
 .UNSPECIFIED.,.F.,.F.,(4,2,4),(-0.715375149533594,-0.251940996969065,0.),
 .UNSPECIFIED.);
#337=B_SPLINE_CURVE_WITH_KNOTS('',3,(#8819,#8820,#8821,#8822),
 .UNSPECIFIED.,.F.,.F.,(4,4),(-1.,-0.881497085540511),.UNSPECIFIED.);
#338=B_SPLINE_CURVE_WITH_KNOTS('',3,(#9058,#9059,#9060,#9061,#9062,#9063,
#9064,#9065,#9066,#9067,#9068,#9069,#9070,#9071,#9072,#9073,#9074,#9075,
#9076,#9077,#9078,#9079,#9080,#9081,#9082,#9083),.UNSPECIFIED.,.F.,.F.,
(4,2,2,2,2,2,2,2,2,2,2,2,4),(-14.6934391081304,-14.0260845698467,-13.4181624992401,
-12.5233574647863,-11.2909181966071,-9.77232538115892,-6.11909154280299,
-4.28254234751835,-2.56166708056065,-1.60580670404507,-1.05013354363147,
-0.586969659497196,0.),.UNSPECIFIED.);
#339=B_SPLINE_CURVE_WITH_KNOTS('',3,(#9084,#9085,#9086,#9087,#9088,#9089,
#9090,#9091,#9092),.UNSPECIFIED.,.F.,.F.,(4,2,2,1,4),(-1.,-0.875,-0.75,
-0.5,-0.322816884060952),.UNSPECIFIED.);
#340=B_SPLINE_CURVE_WITH_KNOTS('',3,(#9347,#9348,#9349,#9350,#9351,#9352,
#9353,#9354,#9355,#9356,#9357,#9358,#9359,#9360,#9361,#9362,#9363,#9364,
#9365,#9366,#9367,#9368,#9369,#9370,#9371,#9372,#9373,#9374,#9375,#9376,
#9377,#9378,#9379,#9380,#9381,#9382,#9383,#9384,#9385,#9386,#9387,#9388,
#9389,#9390,#9391,#9392,#9393,#9394,#9395,#9396,#9397,#9398,#9399,#9400,
#9401,#9402),.UNSPECIFIED.,.F.,.F.,(4,2,2,2,2,2,2,2,2,2,2,2,2,2,2,2,2,2,
2,2,2,2,2,2,2,2,2,4),(-11.353445213898,-10.7374874312462,-10.1493047261037,
-9.86182548694809,-9.30595348562209,-8.87889501765358,-8.24798560822497,
-7.69211493535203,-7.29951538729354,-6.94531110965152,-6.78864721290681,
-6.60949759806649,-6.25038951854097,-5.77333661384349,-5.45151457313795,
-5.1633970506462,-4.54716377822641,-4.23678542117663,-4.06311157311854,
-3.94094176674608,-3.76047398960045,-3.57487599188935,-3.08916432972103,
-2.40467320455088,-1.66920948285384,-1.07706807284581,-0.734619890861346,
0.),.UNSPECIFIED.);
#341=B_SPLINE_CURVE_WITH_KNOTS('',3,(#9403,#9404,#9405,#9406,#9407,#9408,
#9409,#9410,#9411),.UNSPECIFIED.,.F.,.F.,(4,1,2,2,4),(0.322816884060952,
0.5,0.75,0.875,1.),.UNSPECIFIED.);
#342=B_SPLINE_CURVE_WITH_KNOTS('',3,(#9647,#9648,#9649,#9650,#9651,#9652,
#9653,#9654,#9655,#9656,#9657,#9658,#9659,#9660,#9661,#9662,#9663,#9664,
#9665,#9666,#9667,#9668,#9669,#9670),.UNSPECIFIED.,.F.,.F.,(4,2,2,2,2,2,
2,2,2,2,2,4),(-4.53661227352628,-4.41498044025388,-4.3055386894157,-4.15784528821529,
-3.98312537677277,-3.18536017200216,-2.68641516104808,-2.2709003758981,
-1.67790780598803,-1.09444934050814,-0.613645289553945,0.),
 .UNSPECIFIED.);
#343=B_SPLINE_CURVE_WITH_KNOTS('',3,(#9671,#9672,#9673,#9674),
 .UNSPECIFIED.,.F.,.F.,(4,4),(0.88149708554051,1.),.UNSPECIFIED.);
#344=B_SPLINE_CURVE_WITH_KNOTS('',3,(#9784,#9785,#9786,#9787,#9788,#9789),
 .UNSPECIFIED.,.F.,.F.,(4,2,4),(-0.435014981573309,-0.207931925196016,0.),
 .UNSPECIFIED.);
#345=B_SPLINE_CURVE_WITH_KNOTS('',3,(#9790,#9791,#9792,#9793,#9794,#9795),
 .UNSPECIFIED.,.F.,.F.,(4,1,1,4),(-2.5,-2.,-1.,-0.581251205265226),
 .UNSPECIFIED.);
#346=B_SPLINE_CURVE_WITH_KNOTS('',3,(#10049,#10050,#10051,#10052,#10053,
#10054,#10055,#10056,#10057,#10058,#10059,#10060,#10061,#10062,#10063,#10064,
#10065,#10066,#10067,#10068,#10069,#10070,#10071,#10072,#10073,#10074,#10075,
#10076,#10077,#10078,#10079,#10080,#10081,#10082,#10083,#10084,#10085,#10086,
#10087,#10088,#10089,#10090,#10091,#10092,#10093,#10094,#10095,#10096,#10097,
#10098,#10099,#10100,#10101,#10102,#10103,#10104,#10105,#10106,#10107,#10108,
#10109),.UNSPECIFIED.,.F.,.F.,(4,3,3,3,3,3,3,3,3,3,3,3,3,3,3,3,3,3,3,3,
4),(-6.41719626667325,-5.87416109513381,-5.64875366479343,-5.25268219902002,
-5.00757563248893,-4.75629068449368,-4.48914811142152,-4.28069956643343,
-3.80608149611366,-3.64187020394536,-3.52750343568224,-3.35634827201975,
-3.13420588470067,-2.91206349738159,-2.63440546748102,-2.31182304371666,
-1.91536691822605,-1.24134598543432,-0.83336470114247,-0.460203823959022,
0.),.UNSPECIFIED.);
#347=B_SPLINE_CURVE_WITH_KNOTS('',3,(#10110,#10111,#10112,#10113,#10114,
#10115),.UNSPECIFIED.,.F.,.F.,(4,1,1,4),(0.581251205265226,1.,2.,2.5),
 .UNSPECIFIED.);
#348=B_SPLINE_CURVE_WITH_KNOTS('',3,(#10225,#10226,#10227,#10228,#10229,
#10230),.UNSPECIFIED.,.F.,.F.,(4,2,4),(-0.434462690217817,-0.226757885805197,
0.),.UNSPECIFIED.);
#349=B_SPLINE_CURVE_WITH_KNOTS('',3,(#10231,#10232,#10233,#10234),
 .UNSPECIFIED.,.F.,.F.,(4,4),(0.600542621426761,1.),.UNSPECIFIED.);
#350=B_SPLINE_CURVE_WITH_KNOTS('',3,(#10379,#10380,#10381,#10382,#10383,
#10384,#10385,#10386,#10387,#10388,#10389,#10390,#10391,#10392),
 .UNSPECIFIED.,.F.,.F.,(4,2,2,2,2,2,4),(-1.11826837902144,-1.01373211871859,
-0.924017849767717,-0.640038435242597,-0.46748858626803,-0.188996890666994,
0.),.UNSPECIFIED.);
#351=B_SPLINE_CURVE_WITH_KNOTS('',3,(#10393,#10394,#10395,#10396,#10397,
#10398),.UNSPECIFIED.,.F.,.F.,(4,2,4),(0.776480714954049,0.875,1.),
 .UNSPECIFIED.);
#352=B_SPLINE_CURVE_WITH_KNOTS('',3,(#10568,#10569,#10570,#10571,#10572,
#10573),.UNSPECIFIED.,.F.,.F.,(4,2,4),(-1.88236066232506,-0.814015480349812,
0.),.UNSPECIFIED.);
#353=VERTEX_POINT('',#1000);
#354=VERTEX_POINT('',#1001);
#355=VERTEX_POINT('',#1048);
#356=VERTEX_POINT('',#1050);
#357=VERTEX_POINT('',#1100);
#358=VERTEX_POINT('',#1101);
#359=VERTEX_POINT('',#1144);
#360=VERTEX_POINT('',#1146);
#361=VERTEX_POINT('',#1194);
#362=VERTEX_POINT('',#1195);
#363=VERTEX_POINT('',#1238);
#364=VERTEX_POINT('',#1240);
#365=VERTEX_POINT('',#1286);
#366=VERTEX_POINT('',#1287);
#367=VERTEX_POINT('',#1316);
#368=VERTEX_POINT('',#1325);
#369=VERTEX_POINT('',#1327);
#370=VERTEX_POINT('',#1644);
#371=VERTEX_POINT('',#1655);
#372=VERTEX_POINT('',#1677);
#373=VERTEX_POINT('',#1695);
#374=VERTEX_POINT('',#1979);
#375=VERTEX_POINT('',#1980);
#376=VERTEX_POINT('',#2007);
#377=VERTEX_POINT('',#2023);
#378=VERTEX_POINT('',#2039);
#379=VERTEX_POINT('',#2040);
#380=VERTEX_POINT('',#2055);
#381=VERTEX_POINT('',#2056);
#382=VERTEX_POINT('',#2185);
#383=VERTEX_POINT('',#2192);
#384=VERTEX_POINT('',#2197);
#385=VERTEX_POINT('',#2317);
#386=VERTEX_POINT('',#2327);
#387=VERTEX_POINT('',#2456);
#388=VERTEX_POINT('',#2463);
#389=VERTEX_POINT('',#2473);
#390=VERTEX_POINT('',#2588);
#391=VERTEX_POINT('',#2598);
#392=VERTEX_POINT('',#3079);
#393=VERTEX_POINT('',#3095);
#394=VERTEX_POINT('',#3105);
#395=VERTEX_POINT('',#3371);
#396=VERTEX_POINT('',#3387);
#397=VERTEX_POINT('',#3398);
#398=VERTEX_POINT('',#3678);
#399=VERTEX_POINT('',#3966);
#400=VERTEX_POINT('',#4142);
#401=VERTEX_POINT('',#4334);
#402=VERTEX_POINT('',#4583);
#403=VERTEX_POINT('',#4730);
#404=VERTEX_POINT('',#4731);
#405=VERTEX_POINT('',#4775);
#406=VERTEX_POINT('',#4776);
#407=VERTEX_POINT('',#4785);
#408=VERTEX_POINT('',#4828);
#409=VERTEX_POINT('',#4829);
#410=VERTEX_POINT('',#4840);
#411=VERTEX_POINT('',#4893);
#412=VERTEX_POINT('',#4927);
#413=VERTEX_POINT('',#5289);
#414=VERTEX_POINT('',#5290);
#415=VERTEX_POINT('',#5567);
#416=VERTEX_POINT('',#5568);
#417=VERTEX_POINT('',#5623);
#418=VERTEX_POINT('',#6068);
#419=VERTEX_POINT('',#6270);
#420=VERTEX_POINT('',#6539);
#421=VERTEX_POINT('',#6540);
#422=VERTEX_POINT('',#6550);
#423=VERTEX_POINT('',#6562);
#424=VERTEX_POINT('',#6682);
#425=VERTEX_POINT('',#6683);
#426=VERTEX_POINT('',#6693);
#427=VERTEX_POINT('',#6705);
#428=VERTEX_POINT('',#6826);
#429=VERTEX_POINT('',#6827);
#430=VERTEX_POINT('',#6956);
#431=VERTEX_POINT('',#6967);
#432=VERTEX_POINT('',#7226);
#433=VERTEX_POINT('',#7242);
#434=VERTEX_POINT('',#7258);
#435=VERTEX_POINT('',#7518);
#436=VERTEX_POINT('',#7534);
#437=VERTEX_POINT('',#7550);
#438=VERTEX_POINT('',#7825);
#439=VERTEX_POINT('',#7843);
#440=VERTEX_POINT('',#8131);
#441=VERTEX_POINT('',#8149);
#442=VERTEX_POINT('',#8619);
#443=VERTEX_POINT('',#8620);
#444=VERTEX_POINT('',#8812);
#445=VERTEX_POINT('',#9057);
#446=VERTEX_POINT('',#9346);
#447=VERTEX_POINT('',#9646);
#448=VERTEX_POINT('',#9783);
#449=VERTEX_POINT('',#10048);
#450=VERTEX_POINT('',#10224);
#451=VERTEX_POINT('',#10378);
#452=EDGE_CURVE('',#353,#354,#210,.T.);
#453=EDGE_CURVE('',#354,#353,#211,.T.);
#454=EDGE_CURVE('',#354,#355,#198,.T.);
#455=EDGE_CURVE('',#356,#355,#212,.T.);
#456=EDGE_CURVE('',#355,#356,#213,.T.);
#457=EDGE_CURVE('',#357,#358,#214,.T.);
#458=EDGE_CURVE('',#358,#357,#215,.T.);
#459=EDGE_CURVE('',#358,#359,#199,.T.);
#460=EDGE_CURVE('',#360,#359,#216,.T.);
#461=EDGE_CURVE('',#359,#360,#217,.T.);
#462=EDGE_CURVE('',#361,#362,#218,.T.);
#463=EDGE_CURVE('',#362,#361,#219,.T.);
#464=EDGE_CURVE('',#362,#363,#200,.T.);
#465=EDGE_CURVE('',#364,#363,#220,.T.);
#466=EDGE_CURVE('',#363,#364,#221,.T.);
#467=EDGE_CURVE('',#365,#366,#222,.T.);
#468=EDGE_CURVE('',#367,#365,#223,.T.);
#469=EDGE_CURVE('',#367,#368,#201,.T.);
#470=EDGE_CURVE('',#369,#368,#224,.T.);
#471=EDGE_CURVE('',#368,#369,#225,.T.);
#472=EDGE_CURVE('',#366,#367,#226,.T.);
#473=EDGE_CURVE('',#370,#365,#227,.T.);
#474=EDGE_CURVE('',#371,#370,#228,.T.);
#475=EDGE_CURVE('',#372,#371,#229,.T.);
#476=EDGE_CURVE('',#372,#373,#230,.T.);
#477=EDGE_CURVE('',#366,#373,#231,.T.);
#478=EDGE_CURVE('',#374,#375,#232,.T.);
#479=EDGE_CURVE('',#374,#376,#233,.T.);
#480=EDGE_CURVE('',#376,#371,#234,.T.);
#481=EDGE_CURVE('',#370,#377,#235,.T.);
#482=EDGE_CURVE('',#377,#375,#236,.T.);
#483=EDGE_CURVE('',#378,#379,#237,.T.);
#484=EDGE_CURVE('',#379,#378,#238,.T.);
#485=EDGE_CURVE('',#380,#381,#239,.T.);
#486=EDGE_CURVE('',#381,#380,#240,.T.);
#487=EDGE_CURVE('',#382,#374,#241,.T.);
#488=EDGE_CURVE('',#382,#383,#242,.T.);
#489=EDGE_CURVE('',#383,#384,#243,.T.);
#490=EDGE_CURVE('',#384,#376,#244,.T.);
#491=EDGE_CURVE('',#383,#385,#245,.T.);
#492=EDGE_CURVE('',#385,#386,#246,.T.);
#493=EDGE_CURVE('',#386,#384,#247,.T.);
#494=EDGE_CURVE('',#375,#387,#248,.T.);
#495=EDGE_CURVE('',#377,#388,#249,.T.);
#496=EDGE_CURVE('',#388,#389,#250,.T.);
#497=EDGE_CURVE('',#389,#387,#251,.T.);
#498=EDGE_CURVE('',#388,#390,#252,.T.);
#499=EDGE_CURVE('',#390,#391,#253,.T.);
#500=EDGE_CURVE('',#391,#389,#254,.T.);
#501=EDGE_CURVE('',#386,#371,#255,.T.);
#502=EDGE_CURVE('',#370,#390,#256,.T.);
#503=EDGE_CURVE('',#385,#392,#257,.T.);
#504=EDGE_CURVE('',#392,#393,#258,.T.);
#505=EDGE_CURVE('',#393,#394,#259,.T.);
#506=EDGE_CURVE('',#394,#371,#260,.T.);
#507=EDGE_CURVE('',#370,#395,#261,.T.);
#508=EDGE_CURVE('',#395,#396,#262,.T.);
#509=EDGE_CURVE('',#396,#397,#263,.T.);
#510=EDGE_CURVE('',#397,#391,#264,.T.);
#511=EDGE_CURVE('',#394,#398,#265,.T.);
#512=EDGE_CURVE('',#398,#372,#266,.T.);
#513=EDGE_CURVE('',#373,#399,#267,.T.);
#514=EDGE_CURVE('',#399,#395,#268,.T.);
#515=EDGE_CURVE('',#387,#400,#269,.T.);
#516=EDGE_CURVE('',#397,#400,#270,.T.);
#517=EDGE_CURVE('',#400,#401,#271,.T.);
#518=EDGE_CURVE('',#396,#401,#272,.T.);
#519=EDGE_CURVE('',#401,#402,#273,.T.);
#520=EDGE_CURVE('',#399,#402,#274,.T.);
#521=EDGE_CURVE('',#379,#378,#275,.T.);
#522=EDGE_CURVE('',#403,#404,#276,.T.);
#523=EDGE_CURVE('',#404,#403,#277,.T.);
#524=EDGE_CURVE('',#381,#380,#278,.T.);
#525=EDGE_CURVE('',#405,#406,#279,.T.);
#526=EDGE_CURVE('',#405,#407,#280,.T.);
#527=EDGE_CURVE('',#407,#406,#281,.T.);
#528=EDGE_CURVE('',#404,#403,#282,.T.);
#529=EDGE_CURVE('',#408,#409,#283,.T.);
#530=EDGE_CURVE('',#408,#410,#284,.T.);
#531=EDGE_CURVE('',#410,#409,#285,.T.);
#532=EDGE_CURVE('',#411,#408,#286,.T.);
#533=EDGE_CURVE('',#411,#410,#202,.T.);
#534=EDGE_CURVE('',#406,#412,#287,.T.);
#535=EDGE_CURVE('',#412,#407,#203,.T.);
#536=EDGE_CURVE('',#413,#414,#288,.T.);
#537=EDGE_CURVE('',#412,#413,#289,.T.);
#538=EDGE_CURVE('',#414,#405,#290,.T.);
#539=EDGE_CURVE('',#415,#416,#291,.T.);
#540=EDGE_CURVE('',#415,#411,#292,.T.);
#541=EDGE_CURVE('',#409,#417,#293,.T.);
#542=EDGE_CURVE('',#414,#417,#294,.T.);
#543=EDGE_CURVE('',#402,#413,#295,.T.);
#544=EDGE_CURVE('',#416,#398,#296,.T.);
#545=EDGE_CURVE('',#417,#415,#297,.T.);
#546=EDGE_CURVE('',#416,#418,#298,.T.);
#547=EDGE_CURVE('',#418,#393,#299,.T.);
#548=EDGE_CURVE('',#418,#419,#300,.T.);
#549=EDGE_CURVE('',#419,#392,#301,.T.);
#550=EDGE_CURVE('',#419,#382,#302,.T.);
#551=EDGE_CURVE('',#420,#421,#303,.T.);
#552=EDGE_CURVE('',#420,#422,#304,.T.);
#553=EDGE_CURVE('',#423,#422,#305,.T.);
#554=EDGE_CURVE('',#421,#423,#306,.T.);
#555=EDGE_CURVE('',#424,#425,#307,.T.);
#556=EDGE_CURVE('',#424,#426,#308,.T.);
#557=EDGE_CURVE('',#427,#426,#309,.T.);
#558=EDGE_CURVE('',#425,#427,#310,.T.);
#559=EDGE_CURVE('',#428,#429,#311,.T.);
#560=EDGE_CURVE('',#423,#429,#312,.T.);
#561=EDGE_CURVE('',#422,#428,#313,.T.);
#562=EDGE_CURVE('',#430,#425,#314,.T.);
#563=EDGE_CURVE('',#430,#431,#315,.T.);
#564=EDGE_CURVE('',#431,#424,#316,.T.);
#565=EDGE_CURVE('',#421,#432,#317,.T.);
#566=EDGE_CURVE('',#433,#429,#318,.T.);
#567=EDGE_CURVE('',#434,#433,#319,.T.);
#568=EDGE_CURVE('',#432,#434,#320,.T.);
#569=EDGE_CURVE('',#430,#435,#321,.T.);
#570=EDGE_CURVE('',#436,#427,#322,.T.);
#571=EDGE_CURVE('',#437,#436,#323,.T.);
#572=EDGE_CURVE('',#435,#437,#324,.T.);
#573=EDGE_CURVE('',#433,#438,#325,.T.);
#574=EDGE_CURVE('',#439,#429,#326,.T.);
#575=EDGE_CURVE('',#438,#439,#327,.T.);
#576=EDGE_CURVE('',#430,#440,#328,.T.);
#577=EDGE_CURVE('',#441,#435,#329,.T.);
#578=EDGE_CURVE('',#440,#441,#330,.T.);
#579=EDGE_CURVE('',#429,#430,#331,.T.);
#580=EDGE_CURVE('',#439,#440,#332,.T.);
#581=EDGE_CURVE('',#442,#443,#333,.T.);
#582=EDGE_CURVE('',#436,#442,#334,.T.);
#583=EDGE_CURVE('',#426,#443,#335,.T.);
#584=EDGE_CURVE('',#444,#442,#336,.T.);
#585=EDGE_CURVE('',#437,#444,#337,.T.);
#586=EDGE_CURVE('',#445,#444,#338,.T.);
#587=EDGE_CURVE('',#441,#445,#339,.T.);
#588=EDGE_CURVE('',#446,#445,#340,.T.);
#589=EDGE_CURVE('',#446,#438,#341,.T.);
#590=EDGE_CURVE('',#447,#446,#342,.T.);
#591=EDGE_CURVE('',#447,#434,#343,.T.);
#592=EDGE_CURVE('',#443,#448,#344,.T.);
#593=EDGE_CURVE('',#431,#448,#345,.T.);
#594=EDGE_CURVE('',#448,#449,#346,.T.);
#595=EDGE_CURVE('',#449,#428,#347,.T.);
#596=EDGE_CURVE('',#449,#450,#348,.T.);
#597=EDGE_CURVE('',#450,#420,#349,.T.);
#598=EDGE_CURVE('',#450,#451,#350,.T.);
#599=EDGE_CURVE('',#451,#432,#351,.T.);
#600=EDGE_CURVE('',#451,#447,#352,.T.);
#601=ORIENTED_EDGE('',*,*,#452,.F.);
#602=ORIENTED_EDGE('',*,*,#453,.F.);
#603=ORIENTED_EDGE('',*,*,#454,.T.);
#604=ORIENTED_EDGE('',*,*,#455,.F.);
#605=ORIENTED_EDGE('',*,*,#456,.F.);
#606=ORIENTED_EDGE('',*,*,#454,.F.);
#607=ORIENTED_EDGE('',*,*,#457,.F.);
#608=ORIENTED_EDGE('',*,*,#458,.F.);
#609=ORIENTED_EDGE('',*,*,#459,.T.);
#610=ORIENTED_EDGE('',*,*,#460,.F.);
#611=ORIENTED_EDGE('',*,*,#461,.F.);
#612=ORIENTED_EDGE('',*,*,#459,.F.);
#613=ORIENTED_EDGE('',*,*,#462,.F.);
#614=ORIENTED_EDGE('',*,*,#463,.F.);
#615=ORIENTED_EDGE('',*,*,#464,.T.);
#616=ORIENTED_EDGE('',*,*,#465,.F.);
#617=ORIENTED_EDGE('',*,*,#466,.F.);
#618=ORIENTED_EDGE('',*,*,#464,.F.);
#619=ORIENTED_EDGE('',*,*,#467,.F.);
#620=ORIENTED_EDGE('',*,*,#468,.F.);
#621=ORIENTED_EDGE('',*,*,#469,.T.);
#622=ORIENTED_EDGE('',*,*,#470,.F.);
#623=ORIENTED_EDGE('',*,*,#471,.F.);
#624=ORIENTED_EDGE('',*,*,#469,.F.);
#625=ORIENTED_EDGE('',*,*,#472,.F.);
#626=ORIENTED_EDGE('',*,*,#472,.T.);
#627=ORIENTED_EDGE('',*,*,#468,.T.);
#628=ORIENTED_EDGE('',*,*,#473,.F.);
#629=ORIENTED_EDGE('',*,*,#474,.F.);
#630=ORIENTED_EDGE('',*,*,#475,.F.);
#631=ORIENTED_EDGE('',*,*,#476,.T.);
#632=ORIENTED_EDGE('',*,*,#477,.F.);
#633=ORIENTED_EDGE('',*,*,#478,.F.);
#634=ORIENTED_EDGE('',*,*,#479,.T.);
#635=ORIENTED_EDGE('',*,*,#480,.T.);
#636=ORIENTED_EDGE('',*,*,#474,.T.);
#637=ORIENTED_EDGE('',*,*,#481,.T.);
#638=ORIENTED_EDGE('',*,*,#482,.T.);
#639=ORIENTED_EDGE('',*,*,#483,.T.);
#640=ORIENTED_EDGE('',*,*,#484,.T.);
#641=ORIENTED_EDGE('',*,*,#485,.T.);
#642=ORIENTED_EDGE('',*,*,#486,.T.);
#643=ORIENTED_EDGE('',*,*,#487,.F.);
#644=ORIENTED_EDGE('',*,*,#488,.T.);
#645=ORIENTED_EDGE('',*,*,#489,.T.);
#646=ORIENTED_EDGE('',*,*,#490,.T.);
#647=ORIENTED_EDGE('',*,*,#479,.F.);
#648=ORIENTED_EDGE('',*,*,#491,.T.);
#649=ORIENTED_EDGE('',*,*,#492,.T.);
#650=ORIENTED_EDGE('',*,*,#493,.T.);
#651=ORIENTED_EDGE('',*,*,#489,.F.);
#652=ORIENTED_EDGE('',*,*,#494,.F.);
#653=ORIENTED_EDGE('',*,*,#482,.F.);
#654=ORIENTED_EDGE('',*,*,#495,.T.);
#655=ORIENTED_EDGE('',*,*,#496,.T.);
#656=ORIENTED_EDGE('',*,*,#497,.T.);
#657=ORIENTED_EDGE('',*,*,#498,.T.);
#658=ORIENTED_EDGE('',*,*,#499,.T.);
#659=ORIENTED_EDGE('',*,*,#500,.T.);
#660=ORIENTED_EDGE('',*,*,#496,.F.);
#661=ORIENTED_EDGE('',*,*,#480,.F.);
#662=ORIENTED_EDGE('',*,*,#490,.F.);
#663=ORIENTED_EDGE('',*,*,#493,.F.);
#664=ORIENTED_EDGE('',*,*,#501,.T.);
#665=ORIENTED_EDGE('',*,*,#502,.T.);
#666=ORIENTED_EDGE('',*,*,#498,.F.);
#667=ORIENTED_EDGE('',*,*,#495,.F.);
#668=ORIENTED_EDGE('',*,*,#481,.F.);
#669=ORIENTED_EDGE('',*,*,#503,.T.);
#670=ORIENTED_EDGE('',*,*,#504,.T.);
#671=ORIENTED_EDGE('',*,*,#505,.T.);
#672=ORIENTED_EDGE('',*,*,#506,.T.);
#673=ORIENTED_EDGE('',*,*,#501,.F.);
#674=ORIENTED_EDGE('',*,*,#492,.F.);
#675=ORIENTED_EDGE('',*,*,#507,.T.);
#676=ORIENTED_EDGE('',*,*,#508,.T.);
#677=ORIENTED_EDGE('',*,*,#509,.T.);
#678=ORIENTED_EDGE('',*,*,#510,.T.);
#679=ORIENTED_EDGE('',*,*,#499,.F.);
#680=ORIENTED_EDGE('',*,*,#502,.F.);
#681=ORIENTED_EDGE('',*,*,#511,.T.);
#682=ORIENTED_EDGE('',*,*,#512,.T.);
#683=ORIENTED_EDGE('',*,*,#475,.T.);
#684=ORIENTED_EDGE('',*,*,#506,.F.);
#685=ORIENTED_EDGE('',*,*,#452,.T.);
#686=ORIENTED_EDGE('',*,*,#453,.T.);
#687=ORIENTED_EDGE('',*,*,#462,.T.);
#688=ORIENTED_EDGE('',*,*,#463,.T.);
#689=ORIENTED_EDGE('',*,*,#467,.T.);
#690=ORIENTED_EDGE('',*,*,#477,.T.);
#691=ORIENTED_EDGE('',*,*,#513,.T.);
#692=ORIENTED_EDGE('',*,*,#514,.T.);
#693=ORIENTED_EDGE('',*,*,#507,.F.);
#694=ORIENTED_EDGE('',*,*,#473,.T.);
#695=ORIENTED_EDGE('',*,*,#457,.T.);
#696=ORIENTED_EDGE('',*,*,#458,.T.);
#697=ORIENTED_EDGE('',*,*,#515,.F.);
#698=ORIENTED_EDGE('',*,*,#497,.F.);
#699=ORIENTED_EDGE('',*,*,#500,.F.);
#700=ORIENTED_EDGE('',*,*,#510,.F.);
#701=ORIENTED_EDGE('',*,*,#516,.T.);
#702=ORIENTED_EDGE('',*,*,#517,.F.);
#703=ORIENTED_EDGE('',*,*,#516,.F.);
#704=ORIENTED_EDGE('',*,*,#509,.F.);
#705=ORIENTED_EDGE('',*,*,#518,.T.);
#706=ORIENTED_EDGE('',*,*,#519,.F.);
#707=ORIENTED_EDGE('',*,*,#518,.F.);
#708=ORIENTED_EDGE('',*,*,#508,.F.);
#709=ORIENTED_EDGE('',*,*,#514,.F.);
#710=ORIENTED_EDGE('',*,*,#520,.T.);
#711=ORIENTED_EDGE('',*,*,#484,.F.);
#712=ORIENTED_EDGE('',*,*,#521,.T.);
#713=ORIENTED_EDGE('',*,*,#522,.F.);
#714=ORIENTED_EDGE('',*,*,#523,.F.);
#715=ORIENTED_EDGE('',*,*,#486,.F.);
#716=ORIENTED_EDGE('',*,*,#524,.T.);
#717=ORIENTED_EDGE('',*,*,#525,.F.);
#718=ORIENTED_EDGE('',*,*,#526,.T.);
#719=ORIENTED_EDGE('',*,*,#527,.T.);
#720=ORIENTED_EDGE('',*,*,#528,.F.);
#721=ORIENTED_EDGE('',*,*,#523,.T.);
#722=ORIENTED_EDGE('',*,*,#529,.F.);
#723=ORIENTED_EDGE('',*,*,#530,.T.);
#724=ORIENTED_EDGE('',*,*,#531,.T.);
#725=ORIENTED_EDGE('',*,*,#532,.F.);
#726=ORIENTED_EDGE('',*,*,#533,.T.);
#727=ORIENTED_EDGE('',*,*,#530,.F.);
#728=ORIENTED_EDGE('',*,*,#534,.F.);
#729=ORIENTED_EDGE('',*,*,#527,.F.);
#730=ORIENTED_EDGE('',*,*,#535,.F.);
#731=ORIENTED_EDGE('',*,*,#483,.F.);
#732=ORIENTED_EDGE('',*,*,#521,.F.);
#733=ORIENTED_EDGE('',*,*,#485,.F.);
#734=ORIENTED_EDGE('',*,*,#524,.F.);
#735=ORIENTED_EDGE('',*,*,#536,.F.);
#736=ORIENTED_EDGE('',*,*,#537,.F.);
#737=ORIENTED_EDGE('',*,*,#535,.T.);
#738=ORIENTED_EDGE('',*,*,#526,.F.);
#739=ORIENTED_EDGE('',*,*,#538,.F.);
#740=ORIENTED_EDGE('',*,*,#539,.F.);
#741=ORIENTED_EDGE('',*,*,#540,.T.);
#742=ORIENTED_EDGE('',*,*,#532,.T.);
#743=ORIENTED_EDGE('',*,*,#529,.T.);
#744=ORIENTED_EDGE('',*,*,#541,.T.);
#745=ORIENTED_EDGE('',*,*,#542,.F.);
#746=ORIENTED_EDGE('',*,*,#538,.T.);
#747=ORIENTED_EDGE('',*,*,#525,.T.);
#748=ORIENTED_EDGE('',*,*,#534,.T.);
#749=ORIENTED_EDGE('',*,*,#537,.T.);
#750=ORIENTED_EDGE('',*,*,#543,.F.);
#751=ORIENTED_EDGE('',*,*,#520,.F.);
#752=ORIENTED_EDGE('',*,*,#513,.F.);
#753=ORIENTED_EDGE('',*,*,#476,.F.);
#754=ORIENTED_EDGE('',*,*,#512,.F.);
#755=ORIENTED_EDGE('',*,*,#544,.F.);
#756=ORIENTED_EDGE('',*,*,#522,.T.);
#757=ORIENTED_EDGE('',*,*,#528,.T.);
#758=ORIENTED_EDGE('',*,*,#545,.F.);
#759=ORIENTED_EDGE('',*,*,#541,.F.);
#760=ORIENTED_EDGE('',*,*,#531,.F.);
#761=ORIENTED_EDGE('',*,*,#533,.F.);
#762=ORIENTED_EDGE('',*,*,#540,.F.);
#763=ORIENTED_EDGE('',*,*,#546,.F.);
#764=ORIENTED_EDGE('',*,*,#544,.T.);
#765=ORIENTED_EDGE('',*,*,#511,.F.);
#766=ORIENTED_EDGE('',*,*,#505,.F.);
#767=ORIENTED_EDGE('',*,*,#547,.F.);
#768=ORIENTED_EDGE('',*,*,#548,.F.);
#769=ORIENTED_EDGE('',*,*,#547,.T.);
#770=ORIENTED_EDGE('',*,*,#504,.F.);
#771=ORIENTED_EDGE('',*,*,#549,.F.);
#772=ORIENTED_EDGE('',*,*,#550,.F.);
#773=ORIENTED_EDGE('',*,*,#549,.T.);
#774=ORIENTED_EDGE('',*,*,#503,.F.);
#775=ORIENTED_EDGE('',*,*,#491,.F.);
#776=ORIENTED_EDGE('',*,*,#488,.F.);
#777=ORIENTED_EDGE('',*,*,#551,.F.);
#778=ORIENTED_EDGE('',*,*,#552,.T.);
#779=ORIENTED_EDGE('',*,*,#553,.F.);
#780=ORIENTED_EDGE('',*,*,#554,.F.);
#781=ORIENTED_EDGE('',*,*,#555,.F.);
#782=ORIENTED_EDGE('',*,*,#556,.T.);
#783=ORIENTED_EDGE('',*,*,#557,.F.);
#784=ORIENTED_EDGE('',*,*,#558,.F.);
#785=ORIENTED_EDGE('',*,*,#559,.T.);
#786=ORIENTED_EDGE('',*,*,#560,.F.);
#787=ORIENTED_EDGE('',*,*,#553,.T.);
#788=ORIENTED_EDGE('',*,*,#561,.T.);
#789=ORIENTED_EDGE('',*,*,#562,.F.);
#790=ORIENTED_EDGE('',*,*,#563,.T.);
#791=ORIENTED_EDGE('',*,*,#564,.T.);
#792=ORIENTED_EDGE('',*,*,#555,.T.);
#793=ORIENTED_EDGE('',*,*,#565,.F.);
#794=ORIENTED_EDGE('',*,*,#554,.T.);
#795=ORIENTED_EDGE('',*,*,#560,.T.);
#796=ORIENTED_EDGE('',*,*,#566,.F.);
#797=ORIENTED_EDGE('',*,*,#567,.F.);
#798=ORIENTED_EDGE('',*,*,#568,.F.);
#799=ORIENTED_EDGE('',*,*,#569,.F.);
#800=ORIENTED_EDGE('',*,*,#562,.T.);
#801=ORIENTED_EDGE('',*,*,#558,.T.);
#802=ORIENTED_EDGE('',*,*,#570,.F.);
#803=ORIENTED_EDGE('',*,*,#571,.F.);
#804=ORIENTED_EDGE('',*,*,#572,.F.);
#805=ORIENTED_EDGE('',*,*,#573,.F.);
#806=ORIENTED_EDGE('',*,*,#566,.T.);
#807=ORIENTED_EDGE('',*,*,#574,.F.);
#808=ORIENTED_EDGE('',*,*,#575,.F.);
#809=ORIENTED_EDGE('',*,*,#455,.T.);
#810=ORIENTED_EDGE('',*,*,#456,.T.);
#811=ORIENTED_EDGE('',*,*,#465,.T.);
#812=ORIENTED_EDGE('',*,*,#466,.T.);
#813=ORIENTED_EDGE('',*,*,#576,.F.);
#814=ORIENTED_EDGE('',*,*,#569,.T.);
#815=ORIENTED_EDGE('',*,*,#577,.F.);
#816=ORIENTED_EDGE('',*,*,#578,.F.);
#817=ORIENTED_EDGE('',*,*,#460,.T.);
#818=ORIENTED_EDGE('',*,*,#461,.T.);
#819=ORIENTED_EDGE('',*,*,#470,.T.);
#820=ORIENTED_EDGE('',*,*,#471,.T.);
#821=ORIENTED_EDGE('',*,*,#574,.T.);
#822=ORIENTED_EDGE('',*,*,#579,.T.);
#823=ORIENTED_EDGE('',*,*,#576,.T.);
#824=ORIENTED_EDGE('',*,*,#580,.F.);
#825=ORIENTED_EDGE('',*,*,#581,.F.);
#826=ORIENTED_EDGE('',*,*,#582,.F.);
#827=ORIENTED_EDGE('',*,*,#570,.T.);
#828=ORIENTED_EDGE('',*,*,#557,.T.);
#829=ORIENTED_EDGE('',*,*,#583,.T.);
#830=ORIENTED_EDGE('',*,*,#584,.F.);
#831=ORIENTED_EDGE('',*,*,#585,.F.);
#832=ORIENTED_EDGE('',*,*,#571,.T.);
#833=ORIENTED_EDGE('',*,*,#582,.T.);
#834=ORIENTED_EDGE('',*,*,#586,.F.);
#835=ORIENTED_EDGE('',*,*,#587,.F.);
#836=ORIENTED_EDGE('',*,*,#577,.T.);
#837=ORIENTED_EDGE('',*,*,#572,.T.);
#838=ORIENTED_EDGE('',*,*,#585,.T.);
#839=ORIENTED_EDGE('',*,*,#588,.F.);
#840=ORIENTED_EDGE('',*,*,#589,.T.);
#841=ORIENTED_EDGE('',*,*,#575,.T.);
#842=ORIENTED_EDGE('',*,*,#580,.T.);
#843=ORIENTED_EDGE('',*,*,#578,.T.);
#844=ORIENTED_EDGE('',*,*,#587,.T.);
#845=ORIENTED_EDGE('',*,*,#590,.F.);
#846=ORIENTED_EDGE('',*,*,#591,.T.);
#847=ORIENTED_EDGE('',*,*,#567,.T.);
#848=ORIENTED_EDGE('',*,*,#573,.T.);
#849=ORIENTED_EDGE('',*,*,#589,.F.);
#850=ORIENTED_EDGE('',*,*,#592,.F.);
#851=ORIENTED_EDGE('',*,*,#583,.F.);
#852=ORIENTED_EDGE('',*,*,#556,.F.);
#853=ORIENTED_EDGE('',*,*,#564,.F.);
#854=ORIENTED_EDGE('',*,*,#593,.T.);
#855=ORIENTED_EDGE('',*,*,#594,.F.);
#856=ORIENTED_EDGE('',*,*,#593,.F.);
#857=ORIENTED_EDGE('',*,*,#563,.F.);
#858=ORIENTED_EDGE('',*,*,#579,.F.);
#859=ORIENTED_EDGE('',*,*,#559,.F.);
#860=ORIENTED_EDGE('',*,*,#595,.F.);
#861=ORIENTED_EDGE('',*,*,#596,.F.);
#862=ORIENTED_EDGE('',*,*,#595,.T.);
#863=ORIENTED_EDGE('',*,*,#561,.F.);
#864=ORIENTED_EDGE('',*,*,#552,.F.);
#865=ORIENTED_EDGE('',*,*,#597,.F.);
#866=ORIENTED_EDGE('',*,*,#598,.F.);
#867=ORIENTED_EDGE('',*,*,#597,.T.);
#868=ORIENTED_EDGE('',*,*,#551,.T.);
#869=ORIENTED_EDGE('',*,*,#565,.T.);
#870=ORIENTED_EDGE('',*,*,#599,.F.);
#871=ORIENTED_EDGE('',*,*,#600,.F.);
#872=ORIENTED_EDGE('',*,*,#599,.T.);
#873=ORIENTED_EDGE('',*,*,#568,.T.);
#874=ORIENTED_EDGE('',*,*,#591,.F.);
#875=ORIENTED_EDGE('',*,*,#536,.T.);
#876=ORIENTED_EDGE('',*,*,#542,.T.);
#877=ORIENTED_EDGE('',*,*,#545,.T.);
#878=ORIENTED_EDGE('',*,*,#539,.T.);
#879=ORIENTED_EDGE('',*,*,#546,.T.);
#880=ORIENTED_EDGE('',*,*,#548,.T.);
#881=ORIENTED_EDGE('',*,*,#550,.T.);
#882=ORIENTED_EDGE('',*,*,#487,.T.);
#883=ORIENTED_EDGE('',*,*,#478,.T.);
#884=ORIENTED_EDGE('',*,*,#494,.T.);
#885=ORIENTED_EDGE('',*,*,#515,.T.);
#886=ORIENTED_EDGE('',*,*,#517,.T.);
#887=ORIENTED_EDGE('',*,*,#519,.T.);
#888=ORIENTED_EDGE('',*,*,#543,.T.);
#889=ORIENTED_EDGE('',*,*,#592,.T.);
#890=ORIENTED_EDGE('',*,*,#594,.T.);
#891=ORIENTED_EDGE('',*,*,#596,.T.);
#892=ORIENTED_EDGE('',*,*,#598,.T.);
#893=ORIENTED_EDGE('',*,*,#600,.T.);
#894=ORIENTED_EDGE('',*,*,#590,.T.);
#895=ORIENTED_EDGE('',*,*,#588,.T.);
#896=ORIENTED_EDGE('',*,*,#586,.T.);
#897=ORIENTED_EDGE('',*,*,#584,.T.);
#898=ORIENTED_EDGE('',*,*,#581,.T.);
#899=CYLINDRICAL_SURFACE('',#960,1.6);
#900=CYLINDRICAL_SURFACE('',#961,1.6);
#901=CYLINDRICAL_SURFACE('',#962,1.6);
#902=CYLINDRICAL_SURFACE('',#963,1.6);
#903=ADVANCED_FACE('',(#77),#899,.F.);
#904=ADVANCED_FACE('',(#78),#900,.F.);
#905=ADVANCED_FACE('',(#79),#901,.F.);
#906=ADVANCED_FACE('',(#80),#902,.F.);
#907=ADVANCED_FACE('',(#81),#32,.T.);
#908=ADVANCED_FACE('',(#82,#21,#22),#33,.T.);
#909=ADVANCED_FACE('',(#83),#34,.T.);
#910=ADVANCED_FACE('',(#84),#35,.T.);
#911=ADVANCED_FACE('',(#85),#36,.T.);
#912=ADVANCED_FACE('',(#86),#37,.T.);
#913=ADVANCED_FACE('',(#87),#38,.T.);
#914=ADVANCED_FACE('',(#88),#39,.T.);
#915=ADVANCED_FACE('',(#89),#40,.T.);
#916=ADVANCED_FACE('',(#90),#41,.T.);
#917=ADVANCED_FACE('',(#91,#23,#24),#42,.T.);
#918=ADVANCED_FACE('',(#92,#25),#43,.T.);
#919=ADVANCED_FACE('',(#93),#44,.T.);
#920=ADVANCED_FACE('',(#94),#45,.T.);
#921=ADVANCED_FACE('',(#95),#46,.T.);
#922=ADVANCED_FACE('',(#96),#15,.F.);
#923=ADVANCED_FACE('',(#97),#47,.T.);
#924=ADVANCED_FACE('',(#98),#16,.F.);
#925=ADVANCED_FACE('',(#99),#17,.F.);
#926=ADVANCED_FACE('',(#100),#18,.F.);
#927=ADVANCED_FACE('',(#101),#19,.F.);
#928=ADVANCED_FACE('',(#102),#48,.T.);
#929=ADVANCED_FACE('',(#103),#49,.T.);
#930=ADVANCED_FACE('',(#104),#50,.T.);
#931=ADVANCED_FACE('',(#105),#51,.T.);
#932=ADVANCED_FACE('',(#106),#52,.T.);
#933=ADVANCED_FACE('',(#107,#26),#53,.T.);
#934=ADVANCED_FACE('',(#108),#54,.T.);
#935=ADVANCED_FACE('',(#109),#55,.T.);
#936=ADVANCED_FACE('',(#110),#56,.T.);
#937=ADVANCED_FACE('',(#111),#57,.T.);
#938=ADVANCED_FACE('',(#112),#58,.F.);
#939=ADVANCED_FACE('',(#113),#59,.F.);
#940=ADVANCED_FACE('',(#114),#60,.F.);
#941=ADVANCED_FACE('',(#115),#61,.F.);
#942=ADVANCED_FACE('',(#116),#62,.F.);
#943=ADVANCED_FACE('',(#117),#63,.F.);
#944=ADVANCED_FACE('',(#118,#27,#28),#64,.F.);
#945=ADVANCED_FACE('',(#119,#29,#30),#65,.F.);
#946=ADVANCED_FACE('',(#120),#66,.F.);
#947=ADVANCED_FACE('',(#121),#67,.F.);
#948=ADVANCED_FACE('',(#122),#68,.F.);
#949=ADVANCED_FACE('',(#123),#69,.F.);
#950=ADVANCED_FACE('',(#124),#70,.F.);
#951=ADVANCED_FACE('',(#125),#71,.F.);
#952=ADVANCED_FACE('',(#126),#72,.F.);
#953=ADVANCED_FACE('',(#127),#73,.F.);
#954=ADVANCED_FACE('',(#128),#74,.F.);
#955=ADVANCED_FACE('',(#129),#75,.F.);
#956=ADVANCED_FACE('',(#130),#76,.F.);
#957=ADVANCED_FACE('',(#131,#31),#20,.T.);
#958=CLOSED_SHELL('',(#903,#904,#905,#906,#907,#908,#909,#910,#911,#912,
#913,#914,#915,#916,#917,#918,#919,#920,#921,#922,#923,#924,#925,#926,#927,
#928,#929,#930,#931,#932,#933,#934,#935,#936,#937,#938,#939,#940,#941,#942,
#943,#944,#945,#946,#947,#948,#949,#950,#951,#952,#953,#954,#955,#956,#957));
#959=AXIS2_PLACEMENT_3D('',#998,#970,#971);
#960=AXIS2_PLACEMENT_3D('',#999,#972,#973);
#961=AXIS2_PLACEMENT_3D('',#1099,#975,#976);
#962=AXIS2_PLACEMENT_3D('',#1193,#978,#979);
#963=AXIS2_PLACEMENT_3D('',#1285,#981,#982);
#964=AXIS2_PLACEMENT_3D('',#4619,#984,#985);
#965=AXIS2_PLACEMENT_3D('',#4760,#986,#987);
#966=AXIS2_PLACEMENT_3D('',#4774,#988,#989);
#967=AXIS2_PLACEMENT_3D('',#4806,#990,#991);
#968=AXIS2_PLACEMENT_3D('',#4827,#992,#993);
#969=AXIS2_PLACEMENT_3D('',#10574,#996,#997);
#970=DIRECTION('axis',(0.,0.,1.));
#971=DIRECTION('refdir',(1.,0.,0.));
#972=DIRECTION('center_axis',(0.,0.,1.));
#973=DIRECTION('ref_axis',(-1.,0.,0.));
#974=DIRECTION('',(0.,0.,1.));
#975=DIRECTION('center_axis',(0.,0.,1.));
#976=DIRECTION('ref_axis',(-1.,0.,0.));
#977=DIRECTION('',(0.,0.,1.));
#978=DIRECTION('center_axis',(0.,0.,1.));
#979=DIRECTION('ref_axis',(-1.,0.,0.));
#980=DIRECTION('',(0.,0.,1.));
#981=DIRECTION('center_axis',(0.,0.,1.));
#982=DIRECTION('ref_axis',(-1.,0.,0.));
#983=DIRECTION('',(0.,0.,1.));
#984=DIRECTION('center_axis',(0.,0.,1.));
#985=DIRECTION('ref_axis',(1.,0.,0.));
#986=DIRECTION('center_axis',(0.,0.,1.));
#987=DIRECTION('ref_axis',(1.,0.,0.));
#988=DIRECTION('center_axis',(0.,0.,1.));
#989=DIRECTION('ref_axis',(1.,0.,0.));
#990=DIRECTION('center_axis',(0.,0.,1.));
#991=DIRECTION('ref_axis',(1.,0.,0.));
#992=DIRECTION('center_axis',(0.,0.,1.));
#993=DIRECTION('ref_axis',(1.,0.,0.));
#994=DIRECTION('',(0.,0.,-1.));
#995=DIRECTION('',(0.,0.,-1.));
#996=DIRECTION('center_axis',(0.,0.,1.));
#997=DIRECTION('ref_axis',(1.,0.,0.));
#998=CARTESIAN_POINT('',(0.,0.,0.));
#999=CARTESIAN_POINT('Origin',(44.1999999999999,-12.8,-2.49000000000001));
#1000=CARTESIAN_POINT('',(45.4284660428315,-13.8251200815562,-22.1534455860396));
#1001=CARTESIAN_POINT('',(45.7999999999999,-12.7999999999964,-21.4675499535443));
#1002=CARTESIAN_POINT('Ctrl Pts',(45.4284660428315,-13.8251200815562,-22.1534455860396));
#1003=CARTESIAN_POINT('Ctrl Pts',(45.5212290680333,-13.7139562983653,-22.0696216292306));
#1004=CARTESIAN_POINT('Ctrl Pts',(45.5974719888978,-13.5919356235716,-21.9816711406993));
#1005=CARTESIAN_POINT('Ctrl Pts',(45.7199926003932,-13.322807640406,-21.7960686564445));
#1006=CARTESIAN_POINT('Ctrl Pts',(45.7633342475214,-13.1739663772158,-21.6979302927067));
#1007=CARTESIAN_POINT('Ctrl Pts',(45.794819976395,-12.9481630758454,-21.5566944162001));
#1008=CARTESIAN_POINT('Ctrl Pts',(45.8000000000003,-12.8743261204579,-21.5116518194318));
#1009=CARTESIAN_POINT('Ctrl Pts',(45.7999999999999,-12.7999999999928,-21.4675499535443));
#1010=CARTESIAN_POINT('Ctrl Pts',(45.7999999999999,-12.7999999999928,-21.4675499535443));
#1011=CARTESIAN_POINT('Ctrl Pts',(45.7999999999992,-12.6404720483306,-21.3728930511596));
#1012=CARTESIAN_POINT('Ctrl Pts',(45.7761785955136,-12.4786697935463,-21.2826049724975));
#1013=CARTESIAN_POINT('Ctrl Pts',(45.6868053915107,-12.1943473099426,-21.1357577773114));
#1014=CARTESIAN_POINT('Ctrl Pts',(45.6309996819888,-12.0711955654869,-21.0763885449929));
#1015=CARTESIAN_POINT('Ctrl Pts',(45.5055325269498,-11.8696451179523,-20.9871052520079));
#1016=CARTESIAN_POINT('Ctrl Pts',(45.4441576678464,-11.7887441527204,-20.95379884574));
#1017=CARTESIAN_POINT('Ctrl Pts',(45.3064663000854,-11.639948605013,-20.897788487054));
#1018=CARTESIAN_POINT('Ctrl Pts',(45.2311146496153,-11.5723052605305,-20.87501898796));
#1019=CARTESIAN_POINT('Ctrl Pts',(45.0429904920462,-11.4337416274045,-20.8349852111318));
#1020=CARTESIAN_POINT('Ctrl Pts',(44.9271262225896,-11.3685485288655,-20.8214845356494));
#1021=CARTESIAN_POINT('Ctrl Pts',(44.6318481298136,-11.2482467696184,-20.8116583448935));
#1022=CARTESIAN_POINT('Ctrl Pts',(44.4500878053947,-11.2090728163825,-20.8242513013091));
#1023=CARTESIAN_POINT('Ctrl Pts',(44.0712547564262,-11.1932038297395,-20.8858696091855));
#1024=CARTESIAN_POINT('Ctrl Pts',(43.8800694025049,-11.2211258594744,-20.9363719046099));
#1025=CARTESIAN_POINT('Ctrl Pts',(43.4921988738382,-11.348222037385,-21.0790303987467));
#1026=CARTESIAN_POINT('Ctrl Pts',(43.3055243347985,-11.4571779787303,-21.1751055279421));
#1027=CARTESIAN_POINT('Ctrl Pts',(42.9711410213182,-11.7486182965463,-21.4043391336688));
#1028=CARTESIAN_POINT('Ctrl Pts',(42.8333507924858,-11.9375518961567,-21.5396151897381));
#1029=CARTESIAN_POINT('Ctrl Pts',(42.6401015179446,-12.3679854565204,-21.8256108218319));
#1030=CARTESIAN_POINT('Ctrl Pts',(42.5915744066005,-12.613237571582,-21.9770022729985));
#1031=CARTESIAN_POINT('Ctrl Pts',(42.6076675024162,-13.0290719019892,-22.2128447656526));
#1032=CARTESIAN_POINT('Ctrl Pts',(42.6404476863709,-13.1976220039606,-22.3028913307892));
#1033=CARTESIAN_POINT('Ctrl Pts',(42.7422199489747,-13.4696362050175,-22.4383410485955));
#1034=CARTESIAN_POINT('Ctrl Pts',(42.7954385366383,-13.5756724491525,-22.4884226556145));
#1035=CARTESIAN_POINT('Ctrl Pts',(42.9187760099511,-13.7640949860617,-22.5720728244773));
#1036=CARTESIAN_POINT('Ctrl Pts',(42.9855761915031,-13.8472922631501,-22.6067217655704));
#1037=CARTESIAN_POINT('Ctrl Pts',(43.1458790292585,-14.0096651443694,-22.6691676696319));
#1038=CARTESIAN_POINT('Ctrl Pts',(43.2407985433925,-14.0865087012053,-22.6954330411137));
#1039=CARTESIAN_POINT('Ctrl Pts',(43.4857092570138,-14.241367494338,-22.7395034603012));
#1040=CARTESIAN_POINT('Ctrl Pts',(43.6404119445046,-14.3083771998477,-22.7505597958737));
#1041=CARTESIAN_POINT('Ctrl Pts',(43.983328525004,-14.3960904153337,-22.7416783837834));
#1042=CARTESIAN_POINT('Ctrl Pts',(44.1676690702483,-14.4099224159375,-22.7185878684463));
#1043=CARTESIAN_POINT('Ctrl Pts',(44.5489719756019,-14.3744373037745,-22.6335850819827));
#1044=CARTESIAN_POINT('Ctrl Pts',(44.7386385915085,-14.3186588117696,-22.5690341879861));
#1045=CARTESIAN_POINT('Ctrl Pts',(45.115531723623,-14.1321101408842,-22.3937699999983));
#1046=CARTESIAN_POINT('Ctrl Pts',(45.2902564708733,-13.9907453278075,-22.2783366529835));
#1047=CARTESIAN_POINT('Ctrl Pts',(45.4284660428315,-13.8251200815562,-22.1534455860396));
#1048=CARTESIAN_POINT('',(45.7999999999999,-12.8,-16.3460910987439));
#1049=CARTESIAN_POINT('',(45.7999999999999,-12.8,-2.49000000000001));
#1050=CARTESIAN_POINT('',(43.3402689902274,-14.1493934158856,-17.5817984843928));
#1051=CARTESIAN_POINT('Ctrl Pts',(43.3402689902274,-14.1493934158856,-17.5817984843928));
#1052=CARTESIAN_POINT('Ctrl Pts',(43.3091080810283,-14.1295400509471,-17.5752269945644));
#1053=CARTESIAN_POINT('Ctrl Pts',(43.2787461981787,-14.1086781706003,-17.568017718399));
#1054=CARTESIAN_POINT('Ctrl Pts',(43.1640109401985,-14.0239085654283,-17.5375991644957));
#1055=CARTESIAN_POINT('Ctrl Pts',(43.0862314112803,-13.953358887223,-17.5099846722104));
#1056=CARTESIAN_POINT('Ctrl Pts',(42.94627544264,-13.7995407938799,-17.4454788216295));
#1057=CARTESIAN_POINT('Ctrl Pts',(42.8846827638993,-13.7166592385809,-17.4087094252505));
#1058=CARTESIAN_POINT('Ctrl Pts',(42.7631148754245,-13.5162386392475,-17.3151108425382));
#1059=CARTESIAN_POINT('Ctrl Pts',(42.7099105324657,-13.3966776738012,-17.2559522607983));
#1060=CARTESIAN_POINT('Ctrl Pts',(42.6096770672127,-13.0738295423857,-17.0870491013763));
#1061=CARTESIAN_POINT('Ctrl Pts',(42.5889130945033,-12.8679162354092,-16.970074453622));
#1062=CARTESIAN_POINT('Ctrl Pts',(42.6259030653542,-12.4208570521838,-16.6952640957429));
#1063=CARTESIAN_POINT('Ctrl Pts',(42.7034372554075,-12.1830633539496,-16.5343637842533));
#1064=CARTESIAN_POINT('Ctrl Pts',(42.9428830149713,-11.7865895257223,-16.2403871415644));
#1065=CARTESIAN_POINT('Ctrl Pts',(43.0948783360366,-11.6207706947216,-16.1055513650354));
#1066=CARTESIAN_POINT('Ctrl Pts',(43.4279750615556,-11.3871854764435,-15.8919147643618));
#1067=CARTESIAN_POINT('Ctrl Pts',(43.5954388441489,-11.3064482971913,-15.807682594318));
#1068=CARTESIAN_POINT('Ctrl Pts',(43.9321553649072,-11.214607412842,-15.6834014985178));
#1069=CARTESIAN_POINT('Ctrl Pts',(44.0942071539667,-11.1948999906131,-15.6392214651615));
#1070=CARTESIAN_POINT('Ctrl Pts',(44.4377192137403,-11.2077986268405,-15.5801561919962));
#1071=CARTESIAN_POINT('Ctrl Pts',(44.6143201942745,-11.2441093637418,-15.5685180900354));
#1072=CARTESIAN_POINT('Ctrl Pts',(44.8992001504778,-11.3553840163956,-15.5831159805903));
#1073=CARTESIAN_POINT('Ctrl Pts',(45.0094179659229,-11.4143317592728,-15.5988451942869));
#1074=CARTESIAN_POINT('Ctrl Pts',(45.1880579625556,-11.5380364406782,-15.6425259444616));
#1075=CARTESIAN_POINT('Ctrl Pts',(45.259380332688,-11.5974693817218,-15.6664565931255));
#1076=CARTESIAN_POINT('Ctrl Pts',(45.3904281263195,-11.7269288263447,-15.7237233797659));
#1077=CARTESIAN_POINT('Ctrl Pts',(45.4495680620052,-11.7966803530566,-15.7570053581777));
#1078=CARTESIAN_POINT('Ctrl Pts',(45.5733931125968,-11.9699664282098,-15.8447774074131));
#1079=CARTESIAN_POINT('Ctrl Pts',(45.6316097596789,-12.0758603436176,-15.9022699292984));
#1080=CARTESIAN_POINT('Ctrl Pts',(45.7604620549785,-12.3851146085312,-16.0794419912345));
#1081=CARTESIAN_POINT('Ctrl Pts',(45.7999999999999,-12.5945756253309,-16.2103034751568));
#1082=CARTESIAN_POINT('Ctrl Pts',(45.7999999999999,-12.8,-16.3460910987439));
#1083=CARTESIAN_POINT('Ctrl Pts',(45.7999999999999,-12.8,-16.3460910987439));
#1084=CARTESIAN_POINT('Ctrl Pts',(45.7999999999999,-12.8044929726278,-16.3490609998424));
#1085=CARTESIAN_POINT('Ctrl Pts',(45.7999810748392,-12.8089840454663,-16.3520332102314));
#1086=CARTESIAN_POINT('Ctrl Pts',(45.7978160039784,-13.0660885036299,-16.5223882934822));
#1087=CARTESIAN_POINT('Ctrl Pts',(45.7358847683073,-13.3152209350677,-16.6986497938615));
#1088=CARTESIAN_POINT('Ctrl Pts',(45.5222587800595,-13.7246083742936,-17.0002907956129));
#1089=CARTESIAN_POINT('Ctrl Pts',(45.3880188236348,-13.8942617166654,-17.1300226089896));
#1090=CARTESIAN_POINT('Ctrl Pts',(45.0801398579162,-14.1479822851362,-17.333998399413));
#1091=CARTESIAN_POINT('Ctrl Pts',(44.9204521409571,-14.2411359130249,-17.4132571535547));
#1092=CARTESIAN_POINT('Ctrl Pts',(44.5864936242486,-14.3614051335241,-17.5308245890054));
#1093=CARTESIAN_POINT('Ctrl Pts',(44.4199485916704,-14.39413200358,-17.571929381116));
#1094=CARTESIAN_POINT('Ctrl Pts',(44.0847451726184,-14.4041674052901,-17.6223192444526));
#1095=CARTESIAN_POINT('Ctrl Pts',(43.920803507311,-14.3840661894256,-17.6325566286181));
#1096=CARTESIAN_POINT('Ctrl Pts',(43.6120242048255,-14.2962084176256,-17.6251903251663));
#1097=CARTESIAN_POINT('Ctrl Pts',(43.4699746777441,-14.2320320299393,-17.6091519740086));
#1098=CARTESIAN_POINT('Ctrl Pts',(43.3402689902274,-14.1493934158856,-17.5817984843928));
#1099=CARTESIAN_POINT('Origin',(-57.2000000000001,-4.70000000000001,-2.49000000000001));
#1100=CARTESIAN_POINT('',(-55.6673067174907,-5.1591854764154,-19.5878594861752));
#1101=CARTESIAN_POINT('',(-55.6000000000001,-4.70000000000001,-19.658268250852));
#1102=CARTESIAN_POINT('Ctrl Pts',(-55.6673067174907,-5.1591854764154,-19.5878594861752));
#1103=CARTESIAN_POINT('Ctrl Pts',(-55.6353491037263,-5.05251568292757,-19.6038098658617));
#1104=CARTESIAN_POINT('Ctrl Pts',(-55.6146406959175,-4.94289021152992,-19.6205568639186));
#1105=CARTESIAN_POINT('Ctrl Pts',(-55.6018179128448,-4.78810478947077,-19.6445279602353));
#1106=CARTESIAN_POINT('Ctrl Pts',(-55.6000000000001,-4.74403549332898,-19.651388219494));
#1107=CARTESIAN_POINT('Ctrl Pts',(-55.6000000000001,-4.7,-19.658268250852));
#1108=CARTESIAN_POINT('Ctrl Pts',(-55.6000000000001,-4.7,-19.658268250852));
#1109=CARTESIAN_POINT('Ctrl Pts',(-55.6000000000001,-4.57383609543278,-19.6779798869449));
#1110=CARTESIAN_POINT('Ctrl Pts',(-55.61492263952,-4.44795025637934,-19.6978576293866));
#1111=CARTESIAN_POINT('Ctrl Pts',(-55.6895501406864,-4.13842132969974,-19.7465490071644));
#1112=CARTESIAN_POINT('Ctrl Pts',(-55.7678192291909,-3.96109618118635,-19.7742402582008));
#1113=CARTESIAN_POINT('Ctrl Pts',(-55.9938520784124,-3.62795955216429,-19.823839451318));
#1114=CARTESIAN_POINT('Ctrl Pts',(-56.1450333401581,-3.47869909340437,-19.8444779689774));
#1115=CARTESIAN_POINT('Ctrl Pts',(-56.4958721084646,-3.24817699991007,-19.8717838866432));
#1116=CARTESIAN_POINT('Ctrl Pts',(-56.6912462091282,-3.16868352322462,-19.8783199521215));
#1117=CARTESIAN_POINT('Ctrl Pts',(-57.0999399830215,-3.08976426276667,-19.8776645507138));
#1118=CARTESIAN_POINT('Ctrl Pts',(-57.3087493274342,-3.0903729318388,-19.8706714517472));
#1119=CARTESIAN_POINT('Ctrl Pts',(-57.7102091324408,-3.17005586505007,-19.8464672455022));
#1120=CARTESIAN_POINT('Ctrl Pts',(-57.8993361998682,-3.24681928798258,-19.8297284023109));
#1121=CARTESIAN_POINT('Ctrl Pts',(-58.2485043305363,-3.47265958845054,-19.7889153322425));
#1122=CARTESIAN_POINT('Ctrl Pts',(-58.4027687505742,-3.62348606298018,-19.76488817659));
#1123=CARTESIAN_POINT('Ctrl Pts',(-58.6194577368965,-3.94194089768911,-19.71903064008));
#1124=CARTESIAN_POINT('Ctrl Pts',(-58.6925784301248,-4.09858580172235,-19.6979506684883));
#1125=CARTESIAN_POINT('Ctrl Pts',(-58.7798423926537,-4.40655339649885,-19.6586488890801));
#1126=CARTESIAN_POINT('Ctrl Pts',(-58.8002495256502,-4.5542718786768,-19.6406027919508));
#1127=CARTESIAN_POINT('Ctrl Pts',(-58.7997383332678,-4.85559915032618,-19.604907093638));
#1128=CARTESIAN_POINT('Ctrl Pts',(-58.7775672446016,-5.00774759722328,-19.587458921443));
#1129=CARTESIAN_POINT('Ctrl Pts',(-58.6820803571474,-5.33004677894211,-19.5511333224968));
#1130=CARTESIAN_POINT('Ctrl Pts',(-58.6002762301807,-5.49553023516351,-19.5329012326065));
#1131=CARTESIAN_POINT('Ctrl Pts',(-58.3674927361716,-5.81427046128201,-19.4977894488836));
#1132=CARTESIAN_POINT('Ctrl Pts',(-58.2101779817307,-5.95871582826737,-19.4818614037015));
#1133=CARTESIAN_POINT('Ctrl Pts',(-57.8496615699237,-6.17714533888225,-19.456970138664));
#1134=CARTESIAN_POINT('Ctrl Pts',(-57.6504344169785,-6.24959754233365,-19.4481792572033));
#1135=CARTESIAN_POINT('Ctrl Pts',(-57.2436562944289,-6.31203960601609,-19.43923357986));
#1136=CARTESIAN_POINT('Ctrl Pts',(-57.0405394529889,-6.30472757033022,-19.4388249810483));
#1137=CARTESIAN_POINT('Ctrl Pts',(-56.6521022547515,-6.21611593410635,-19.4470982876617));
#1138=CARTESIAN_POINT('Ctrl Pts',(-56.4699883559603,-6.13726553431941,-19.4555312202951));
#1139=CARTESIAN_POINT('Ctrl Pts',(-56.1413186893703,-5.91614475485861,-19.4821042584868));
#1140=CARTESIAN_POINT('Ctrl Pts',(-55.9984136777958,-5.77503067862189,-19.5001830836424));
#1141=CARTESIAN_POINT('Ctrl Pts',(-55.7889938702585,-5.47301128225627,-19.541765880853));
#1142=CARTESIAN_POINT('Ctrl Pts',(-55.7155629439222,-5.32025763111,-19.5637742982292));
#1143=CARTESIAN_POINT('Ctrl Pts',(-55.6673067174907,-5.1591854764154,-19.5878594861752));
#1144=CARTESIAN_POINT('',(-55.6000000000001,-4.69999999979627,-13.8896597296448));
#1145=CARTESIAN_POINT('',(-55.6000000000001,-4.70000000000001,-2.49000000000001));
#1146=CARTESIAN_POINT('',(-55.7523171230404,-5.38133272911091,-13.8993990067727));
#1147=CARTESIAN_POINT('Ctrl Pts',(-55.7523171230404,-5.38133272911091,-13.8993990067727));
#1148=CARTESIAN_POINT('Ctrl Pts',(-55.7867444248964,-5.45448320797014,-13.9017874545462));
#1149=CARTESIAN_POINT('Ctrl Pts',(-55.82665897549,-5.52490360991003,-13.9046208289579));
#1150=CARTESIAN_POINT('Ctrl Pts',(-55.9889998214822,-5.76664766312799,-13.916214910564));
#1151=CARTESIAN_POINT('Ctrl Pts',(-56.1395444687595,-5.91639976426548,-13.9272251508364));
#1152=CARTESIAN_POINT('Ctrl Pts',(-56.4901109303352,-6.14928592099804,-13.9489741226686));
#1153=CARTESIAN_POINT('Ctrl Pts',(-56.6869507617037,-6.23010723066968,-13.959400108907));
#1154=CARTESIAN_POINT('Ctrl Pts',(-57.1006339784658,-6.31074417987357,-13.9711246747935));
#1155=CARTESIAN_POINT('Ctrl Pts',(-57.3132829357729,-6.3098280311784,-13.9721563386048));
#1156=CARTESIAN_POINT('Ctrl Pts',(-57.7171306055959,-6.22747380864694,-13.9587465750908));
#1157=CARTESIAN_POINT('Ctrl Pts',(-57.9045664022962,-6.15045564159547,-13.9450267172271));
#1158=CARTESIAN_POINT('Ctrl Pts',(-58.2347114516387,-5.93561314979487,-13.9046987813036));
#1159=CARTESIAN_POINT('Ctrl Pts',(-58.3757726983552,-5.80204561791148,-13.878965321405));
#1160=CARTESIAN_POINT('Ctrl Pts',(-58.6066378278522,-5.48771282953115,-13.8218432538963));
#1161=CARTESIAN_POINT('Ctrl Pts',(-58.6932082580929,-5.30789210979214,-13.7908513634009));
#1162=CARTESIAN_POINT('Ctrl Pts',(-58.7745161401968,-5.00648910321638,-13.7478929238776));
#1163=CARTESIAN_POINT('Ctrl Pts',(-58.7924273851049,-4.89317524166852,-13.7335527517611));
#1164=CARTESIAN_POINT('Ctrl Pts',(-58.8025650661231,-4.68726129094871,-13.7119848266989));
#1165=CARTESIAN_POINT('Ctrl Pts',(-58.7992220752175,-4.5955011580742,-13.7039489743726));
#1166=CARTESIAN_POINT('Ctrl Pts',(-58.7759062753738,-4.40624060138689,-13.6911141381245));
#1167=CARTESIAN_POINT('Ctrl Pts',(-58.7547449511547,-4.30938119799049,-13.6866522650661));
#1168=CARTESIAN_POINT('Ctrl Pts',(-58.680452231649,-4.07583756175594,-13.6812976926319));
#1169=CARTESIAN_POINT('Ctrl Pts',(-58.6174108968102,-3.94354056804964,-13.6831672678108));
#1170=CARTESIAN_POINT('Ctrl Pts',(-58.4242026694096,-3.64939136342125,-13.6978276966425));
#1171=CARTESIAN_POINT('Ctrl Pts',(-58.2791312414814,-3.50100111131435,-13.714566719798));
#1172=CARTESIAN_POINT('Ctrl Pts',(-57.9354292796337,-3.26320186830443,-13.7551657572968));
#1173=CARTESIAN_POINT('Ctrl Pts',(-57.7381496871192,-3.17827827266691,-13.7786916411495));
#1174=CARTESIAN_POINT('Ctrl Pts',(-57.3329903462645,-3.09287215183206,-13.820842255793));
#1175=CARTESIAN_POINT('Ctrl Pts',(-57.1296487392912,-3.08884862315759,-13.8393164245831));
#1176=CARTESIAN_POINT('Ctrl Pts',(-56.7412240710663,-3.15518576065817,-13.8678447862255));
#1177=CARTESIAN_POINT('Ctrl Pts',(-56.5590233921237,-3.22141297758474,-13.8780627202831));
#1178=CARTESIAN_POINT('Ctrl Pts',(-56.2099247126067,-3.42539970940651,-13.8920055467312));
#1179=CARTESIAN_POINT('Ctrl Pts',(-56.0500506711398,-3.56751750954792,-13.894849350767));
#1180=CARTESIAN_POINT('Ctrl Pts',(-55.8188421328574,-3.87414712002126,-13.89542364309));
#1181=CARTESIAN_POINT('Ctrl Pts',(-55.7380652940993,-4.02741218492643,-13.8940573501841));
#1182=CARTESIAN_POINT('Ctrl Pts',(-55.6402013714987,-4.31879103288371,-13.8914804028051));
#1183=CARTESIAN_POINT('Ctrl Pts',(-55.6135685639262,-4.45194878404659,-13.8903241955786));
#1184=CARTESIAN_POINT('Ctrl Pts',(-55.6013337558608,-4.62454664339497,-13.8897398084863));
#1185=CARTESIAN_POINT('Ctrl Pts',(-55.6000000000097,-4.66228151327649,-13.8896663363941));
#1186=CARTESIAN_POINT('Ctrl Pts',(-55.6000000000001,-4.69999999959254,-13.8896597296448));
#1187=CARTESIAN_POINT('Ctrl Pts',(-55.6000000000001,-4.69999999959254,-13.8896597296448));
#1188=CARTESIAN_POINT('Ctrl Pts',(-55.5999999999772,-4.78983575797522,-13.889643994063));
#1189=CARTESIAN_POINT('Ctrl Pts',(-55.6075659557434,-4.87957857803605,-13.8900114296777));
#1190=CARTESIAN_POINT('Ctrl Pts',(-55.6469652723344,-5.11123051761067,-13.8923254036264));
#1191=CARTESIAN_POINT('Ctrl Pts',(-55.690590075344,-5.25017626740395,-13.8951165965434));
#1192=CARTESIAN_POINT('Ctrl Pts',(-55.7523171230404,-5.38133272911091,-13.8993990067727));
#1193=CARTESIAN_POINT('Origin',(55.6,-4.97,-2.49000000000001));
#1194=CARTESIAN_POINT('',(57.115984006251,-5.48165661609218,-19.5379774733823));
#1195=CARTESIAN_POINT('',(57.2,-4.97,-19.605233713334));
#1196=CARTESIAN_POINT('Ctrl Pts',(57.115984006251,-5.48165661609218,-19.5379774733823));
#1197=CARTESIAN_POINT('Ctrl Pts',(57.1458758170551,-5.39309036741769,-19.5492813513022));
#1198=CARTESIAN_POINT('Ctrl Pts',(57.1679318990063,-5.30212562450044,-19.5610476884536));
#1199=CARTESIAN_POINT('Ctrl Pts',(57.1939772024661,-5.1303162197356,-19.5836562285095));
#1200=CARTESIAN_POINT('Ctrl Pts',(57.1999999999999,-5.05015222363224,-19.5943562473502));
#1201=CARTESIAN_POINT('Ctrl Pts',(57.1999999999999,-4.97,-19.605233713334));
#1202=CARTESIAN_POINT('Ctrl Pts',(57.1999999999999,-4.97,-19.605233713334));
#1203=CARTESIAN_POINT('Ctrl Pts',(57.1999999999999,-4.89816986713249,-19.6149817875792));
#1204=CARTESIAN_POINT('Ctrl Pts',(57.1951629101126,-4.82634918274798,-19.6248723276051));
#1205=CARTESIAN_POINT('Ctrl Pts',(57.164489428857,-4.60012198859723,-19.6565431418707));
#1206=CARTESIAN_POINT('Ctrl Pts',(57.1208965428185,-4.44912084837121,-19.6784649865784));
#1207=CARTESIAN_POINT('Ctrl Pts',(56.9787952965536,-4.1371074987418,-19.7257567129323));
#1208=CARTESIAN_POINT('Ctrl Pts',(56.8723286452438,-3.98202252107367,-19.7506486543445));
#1209=CARTESIAN_POINT('Ctrl Pts',(56.593185198233,-3.69787760827952,-19.7993251279507));
#1210=CARTESIAN_POINT('Ctrl Pts',(56.416266506275,-3.57760739903089,-19.8220826795196));
#1211=CARTESIAN_POINT('Ctrl Pts',(56.0277409714278,-3.41409577753657,-19.8571811068408));
#1212=CARTESIAN_POINT('Ctrl Pts',(55.8204741580641,-3.37142000224953,-19.869286433233));
#1213=CARTESIAN_POINT('Ctrl Pts',(55.4068179181766,-3.3686904219937,-19.8793273461908));
#1214=CARTESIAN_POINT('Ctrl Pts',(55.2047751747396,-3.40626868563316,-19.8775218128963));
#1215=CARTESIAN_POINT('Ctrl Pts',(54.8272340871039,-3.55450317901584,-19.8593695574182));
#1216=CARTESIAN_POINT('Ctrl Pts',(54.6554122621399,-3.66303442254022,-19.8433015360607));
#1217=CARTESIAN_POINT('Ctrl Pts',(54.3519100457442,-3.94622840549929,-19.7976861942928));
#1218=CARTESIAN_POINT('Ctrl Pts',(54.2267723654891,-4.1217402049132,-19.7678284961565));
#1219=CARTESIAN_POINT('Ctrl Pts',(54.0615331294074,-4.49067017773243,-19.7046566661226));
#1220=CARTESIAN_POINT('Ctrl Pts',(54.0153340589464,-4.67784049533475,-19.6725071653622));
#1221=CARTESIAN_POINT('Ctrl Pts',(53.9926725029681,-5.0345832924314,-19.6129271462313));
#1222=CARTESIAN_POINT('Ctrl Pts',(54.0080688479816,-5.20142849641008,-19.5857561228932));
#1223=CARTESIAN_POINT('Ctrl Pts',(54.0886808748186,-5.51951091295433,-19.5360633876066));
#1224=CARTESIAN_POINT('Ctrl Pts',(54.1518472650971,-5.66936453370783,-19.5136907141536));
#1225=CARTESIAN_POINT('Ctrl Pts',(54.3309128797569,-5.96088190471177,-19.4722898353475));
#1226=CARTESIAN_POINT('Ctrl Pts',(54.4505792195035,-6.09761906978382,-19.4542076864899));
#1227=CARTESIAN_POINT('Ctrl Pts',(54.7537025139226,-6.34397013477684,-19.4235191213211));
#1228=CARTESIAN_POINT('Ctrl Pts',(54.941170818066,-6.44315344196496,-19.4125189468441));
#1229=CARTESIAN_POINT('Ctrl Pts',(55.344281521807,-6.56337596049091,-19.4004982056436));
#1230=CARTESIAN_POINT('Ctrl Pts',(55.555785244628,-6.58316678182176,-19.3995636992547));
#1231=CARTESIAN_POINT('Ctrl Pts',(55.96965039241,-6.54024547609982,-19.4067585043535));
#1232=CARTESIAN_POINT('Ctrl Pts',(56.1681103690716,-6.47978174516033,-19.4146305459223));
#1233=CARTESIAN_POINT('Ctrl Pts',(56.5256135638242,-6.29020528842175,-19.4380573983002));
#1234=CARTESIAN_POINT('Ctrl Pts',(56.6824425982764,-6.16491561780691,-19.4531877040405));
#1235=CARTESIAN_POINT('Ctrl Pts',(56.9470344740562,-5.85779964777638,-19.4907287658944));
#1236=CARTESIAN_POINT('Ctrl Pts',(57.05010049569,-5.67686243410554,-19.5130629854245));
#1237=CARTESIAN_POINT('Ctrl Pts',(57.115984006251,-5.48165661609217,-19.5379774733823));
#1238=CARTESIAN_POINT('',(57.2,-4.97000002849357,-13.8973830505669));
#1239=CARTESIAN_POINT('',(57.2,-4.97,-2.49000000000001));
#1240=CARTESIAN_POINT('',(57.1270336776621,-5.44766949587108,-13.9160907168167));
#1241=CARTESIAN_POINT('Ctrl Pts',(57.1270336776621,-5.44766949587108,-13.9160907168167));
#1242=CARTESIAN_POINT('Ctrl Pts',(57.091009358319,-5.56283353570861,-13.9210024308725));
#1243=CARTESIAN_POINT('Ctrl Pts',(57.0420679933443,-5.67356776386859,-13.9258208136149));
#1244=CARTESIAN_POINT('Ctrl Pts',(56.875245984698,-5.95880755942122,-13.9371303722144));
#1245=CARTESIAN_POINT('Ctrl Pts',(56.7347625039327,-6.1173306473203,-13.9420082269388));
#1246=CARTESIAN_POINT('Ctrl Pts',(56.3981558321535,-6.37293109763204,-13.9429671325596));
#1247=CARTESIAN_POINT('Ctrl Pts',(56.2048614034322,-6.46644272028152,-13.9388832388927));
#1248=CARTESIAN_POINT('Ctrl Pts',(55.8022272417801,-6.5701193772283,-13.922560237999));
#1249=CARTESIAN_POINT('Ctrl Pts',(55.5977759592137,-6.58281028597218,-13.9109089336584));
#1250=CARTESIAN_POINT('Ctrl Pts',(55.2022402821657,-6.53210103975684,-13.8849407673306));
#1251=CARTESIAN_POINT('Ctrl Pts',(55.0141550157831,-6.47171931861283,-13.871009829319));
#1252=CARTESIAN_POINT('Ctrl Pts',(54.6552178087654,-6.2785175597687,-13.8447413770323));
#1253=CARTESIAN_POINT('Ctrl Pts',(54.4904079876553,-6.1420796637314,-13.8329615068512));
#1254=CARTESIAN_POINT('Ctrl Pts',(54.247381056348,-5.84217271651621,-13.8192128946771));
#1255=CARTESIAN_POINT('Ctrl Pts',(54.1606087092455,-5.69003765595795,-13.8159552854007));
#1256=CARTESIAN_POINT('Ctrl Pts',(54.0484092497664,-5.38780683365087,-13.8158920236104));
#1257=CARTESIAN_POINT('Ctrl Pts',(54.0163883790788,-5.24230850381918,-13.8181857786198));
#1258=CARTESIAN_POINT('Ctrl Pts',(53.9934082052304,-4.94789858541898,-13.8265250803698));
#1259=CARTESIAN_POINT('Ctrl Pts',(54.0022351531182,-4.80046805621056,-13.8324856576332));
#1260=CARTESIAN_POINT('Ctrl Pts',(54.0639043618513,-4.49196143424672,-13.8473856180358));
#1261=CARTESIAN_POINT('Ctrl Pts',(54.1224029902017,-4.33375972377972,-13.8565114361357));
#1262=CARTESIAN_POINT('Ctrl Pts',(54.305046059223,-4.00798356949531,-13.8764272650822));
#1263=CARTESIAN_POINT('Ctrl Pts',(54.4394724984334,-3.8494566241946,-13.8868738589351));
#1264=CARTESIAN_POINT('Ctrl Pts',(54.7647554853221,-3.58916074735747,-13.9031463987254));
#1265=CARTESIAN_POINT('Ctrl Pts',(54.9535908210575,-3.49129574413719,-13.9086864537202));
#1266=CARTESIAN_POINT('Ctrl Pts',(55.3612687867755,-3.37355634580769,-13.9135129426522));
#1267=CARTESIAN_POINT('Ctrl Pts',(55.5762633143016,-3.3559819169581,-13.9126853465252));
#1268=CARTESIAN_POINT('Ctrl Pts',(55.9894571770316,-3.40496613769891,-13.9068582995996));
#1269=CARTESIAN_POINT('Ctrl Pts',(56.1841881308918,-3.46676524993841,-13.9021661291392));
#1270=CARTESIAN_POINT('Ctrl Pts',(56.5307634116599,-3.65454049138672,-13.8929593861549));
#1271=CARTESIAN_POINT('Ctrl Pts',(56.6815639926849,-3.77543410730294,-13.8885709548188));
#1272=CARTESIAN_POINT('Ctrl Pts',(56.9268491920721,-4.05752062513929,-13.8834409994561));
#1273=CARTESIAN_POINT('Ctrl Pts',(57.0219906336164,-4.2142904272179,-13.8826144045844));
#1274=CARTESIAN_POINT('Ctrl Pts',(57.1343026638253,-4.49947339203271,-13.8852760177813));
#1275=CARTESIAN_POINT('Ctrl Pts',(57.1662263175035,-4.62013446269541,-13.8874564347836));
#1276=CARTESIAN_POINT('Ctrl Pts',(57.19461158092,-4.81841542190573,-13.8925492352326));
#1277=CARTESIAN_POINT('Ctrl Pts',(57.2000000013516,-4.89418618877422,-13.8948320443247));
#1278=CARTESIAN_POINT('Ctrl Pts',(57.2,-4.97000002852577,-13.8973830496092));
#1279=CARTESIAN_POINT('Ctrl Pts',(57.2,-4.97000002852577,-13.8973830496092));
#1280=CARTESIAN_POINT('Ctrl Pts',(57.1999999993873,-5.00436187331291,-13.8985392665733));
#1281=CARTESIAN_POINT('Ctrl Pts',(57.1988930657223,-5.03873258226107,-13.8997501069749));
#1282=CARTESIAN_POINT('Ctrl Pts',(57.1884665522525,-5.20026916587925,-13.9056579296716));
#1283=CARTESIAN_POINT('Ctrl Pts',(57.1650831723831,-5.32603129129813,-13.9109028814477));
#1284=CARTESIAN_POINT('Ctrl Pts',(57.1270336776621,-5.44766949587108,-13.9160907168167));
#1285=CARTESIAN_POINT('Origin',(-43.1,-14.1,-2.49000000000001));
#1286=CARTESIAN_POINT('',(-42.2152017535937,-12.7669088316412,-22.1368698375188));
#1287=CARTESIAN_POINT('',(-42.6777220028791,-15.6432696760928,-23.5870723786607));
#1288=CARTESIAN_POINT('Ctrl Pts',(-42.2152017535937,-12.7669088316412,-22.1368698375188));
#1289=CARTESIAN_POINT('Ctrl Pts',(-42.3195928623558,-12.6976224451093,-22.0774321738753));
#1290=CARTESIAN_POINT('Ctrl Pts',(-42.4336183745918,-12.6396036657897,-22.022234950393));
#1291=CARTESIAN_POINT('Ctrl Pts',(-42.6816720310488,-12.5498441562416,-21.9228216912626));
#1292=CARTESIAN_POINT('Ctrl Pts',(-42.8153748608501,-12.5193879374579,-21.8793985624798));
#1293=CARTESIAN_POINT('Ctrl Pts',(-43.1116381239777,-12.4922187964487,-21.806484774193));
#1294=CARTESIAN_POINT('Ctrl Pts',(-43.2727836887052,-12.5010659524285,-21.7804759265877));
#1295=CARTESIAN_POINT('Ctrl Pts',(-43.6021649293549,-12.5709033711428,-21.7576526722122));
#1296=CARTESIAN_POINT('Ctrl Pts',(-43.764872136921,-12.6344373727024,-21.7634001786348));
#1297=CARTESIAN_POINT('Ctrl Pts',(-44.013895378376,-12.7815519293273,-21.8018726700205));
#1298=CARTESIAN_POINT('Ctrl Pts',(-44.1060166921442,-12.8506763575652,-21.8248565467227));
#1299=CARTESIAN_POINT('Ctrl Pts',(-44.2645934432049,-12.9980342375702,-21.8814024609538));
#1300=CARTESIAN_POINT('Ctrl Pts',(-44.3319862630289,-13.074225184534,-21.9135554505846));
#1301=CARTESIAN_POINT('Ctrl Pts',(-44.4618955751742,-13.2516956171175,-21.9938207872241));
#1302=CARTESIAN_POINT('Ctrl Pts',(-44.5203585468077,-13.3543664841667,-22.0435720651816));
#1303=CARTESIAN_POINT('Ctrl Pts',(-44.6402745225551,-13.6293461896468,-22.1837074829175));
#1304=CARTESIAN_POINT('Ctrl Pts',(-44.682706803811,-13.8061543235637,-22.2803373702764));
#1305=CARTESIAN_POINT('Ctrl Pts',(-44.7134997999084,-14.224735037213,-22.5194151327721));
#1306=CARTESIAN_POINT('Ctrl Pts',(-44.6759624184218,-14.4671504804906,-22.6659108163874));
#1307=CARTESIAN_POINT('Ctrl Pts',(-44.5047469781081,-14.8972367729634,-22.9347877968285));
#1308=CARTESIAN_POINT('Ctrl Pts',(-44.3794873335829,-15.0880578330093,-23.0580062584769));
#1309=CARTESIAN_POINT('Ctrl Pts',(-44.0741785127086,-15.3840202249823,-23.2592457540814));
#1310=CARTESIAN_POINT('Ctrl Pts',(-43.9077211706437,-15.496136184012,-23.3404265376358));
#1311=CARTESIAN_POINT('Ctrl Pts',(-43.5547790846997,-15.6443953563313,-23.4649082018998));
#1312=CARTESIAN_POINT('Ctrl Pts',(-43.3764084585978,-15.6867945846762,-23.5105510301801));
#1313=CARTESIAN_POINT('Ctrl Pts',(-43.0195858835308,-15.7072244830676,-23.5702591817549));
#1314=CARTESIAN_POINT('Ctrl Pts',(-42.8459962279506,-15.6893138016472,-23.5856653656631));
#1315=CARTESIAN_POINT('Ctrl Pts',(-42.6777220028791,-15.6432696760928,-23.5870723786607));
#1316=CARTESIAN_POINT('',(-41.5,-14.1000000000002,-22.9947586690464));
#1317=CARTESIAN_POINT('Ctrl Pts',(-41.5,-14.1000000000005,-22.9947586690464));
#1318=CARTESIAN_POINT('Ctrl Pts',(-41.5,-14.022738049086,-22.9547443318862));
#1319=CARTESIAN_POINT('Ctrl Pts',(-41.505597180362,-13.9459146368146,-22.9137085312219));
#1320=CARTESIAN_POINT('Ctrl Pts',(-41.5515811474256,-13.6291503237664,-22.7391127316285));
#1321=CARTESIAN_POINT('Ctrl Pts',(-41.640985497856,-13.4002572806759,-22.5992482808312));
#1322=CARTESIAN_POINT('Ctrl Pts',(-41.8914554931699,-13.0318210412803,-22.3487272204948));
#1323=CARTESIAN_POINT('Ctrl Pts',(-42.0393467634456,-12.88362717064,-22.2369972322596));
#1324=CARTESIAN_POINT('Ctrl Pts',(-42.2152017535937,-12.7669088316412,-22.1368698375188));
#1325=CARTESIAN_POINT('',(-41.5,-14.1000000000004,-17.7256840246971));
#1326=CARTESIAN_POINT('',(-41.5,-14.1,-2.49000000000001));
#1327=CARTESIAN_POINT('',(-41.831031574772,-15.0745353435224,-18.1507771310266));
#1328=CARTESIAN_POINT('Ctrl Pts',(-41.831031574772,-15.0745353435224,-18.1507771310266));
#1329=CARTESIAN_POINT('Ctrl Pts',(-41.8729099646454,-15.1290663103077,-18.1713579754557));
#1330=CARTESIAN_POINT('Ctrl Pts',(-41.91852705361,-15.1811888146943,-18.1904067719939));
#1331=CARTESIAN_POINT('Ctrl Pts',(-42.0551625926304,-15.3180443561091,-18.2387373713438));
#1332=CARTESIAN_POINT('Ctrl Pts',(-42.1532884926962,-15.3959984460977,-18.2642484119841));
#1333=CARTESIAN_POINT('Ctrl Pts',(-42.4057789787353,-15.5516058893303,-18.3102225722101));
#1334=CARTESIAN_POINT('Ctrl Pts',(-42.565312143346,-15.6178485957284,-18.3252869101085));
#1335=CARTESIAN_POINT('Ctrl Pts',(-42.9212356948971,-15.7016726949725,-18.3312117358894));
#1336=CARTESIAN_POINT('Ctrl Pts',(-43.1148736937929,-15.7113146536151,-18.3188930545816));
#1337=CARTESIAN_POINT('Ctrl Pts',(-43.5044478348645,-15.6611099190645,-18.2616926095454));
#1338=CARTESIAN_POINT('Ctrl Pts',(-43.6941418251492,-15.5982992940826,-18.2159009397903));
#1339=CARTESIAN_POINT('Ctrl Pts',(-44.0566442524194,-15.4009164434799,-18.0869638253159));
#1340=CARTESIAN_POINT('Ctrl Pts',(-44.2194321300339,-15.2617156073204,-18.0018160903296));
#1341=CARTESIAN_POINT('Ctrl Pts',(-44.4962812536355,-14.9161753091919,-17.7908142741211));
#1342=CARTESIAN_POINT('Ctrl Pts',(-44.5975175719552,-14.7065935066441,-17.6623401059108));
#1343=CARTESIAN_POINT('Ctrl Pts',(-44.7035822848383,-14.2829270367558,-17.4029551382334));
#1344=CARTESIAN_POINT('Ctrl Pts',(-44.7137747979639,-14.0687897291971,-17.2723127994324));
#1345=CARTESIAN_POINT('Ctrl Pts',(-44.6553140690886,-13.6858743810849,-17.0460060007753));
#1346=CARTESIAN_POINT('Ctrl Pts',(-44.6002878630521,-13.5149131442921,-16.9477938147824));
#1347=CARTESIAN_POINT('Ctrl Pts',(-44.4651088338264,-13.2585328324127,-16.8090148949964));
#1348=CARTESIAN_POINT('Ctrl Pts',(-44.4044926042491,-13.1668582348675,-16.7613721444994));
#1349=CARTESIAN_POINT('Ctrl Pts',(-44.2751057655305,-13.0102737706215,-16.6847018503186));
#1350=CARTESIAN_POINT('Ctrl Pts',(-44.2099896882913,-12.9437959887749,-16.6540047143772));
#1351=CARTESIAN_POINT('Ctrl Pts',(-44.0596232637895,-12.8155513927396,-16.5994688318528));
#1352=CARTESIAN_POINT('Ctrl Pts',(-43.9736753755211,-12.7554094440796,-16.5768153527438));
#1353=CARTESIAN_POINT('Ctrl Pts',(-43.7496617316803,-12.6300845529495,-16.5381470478993));
#1354=CARTESIAN_POINT('Ctrl Pts',(-43.6077997524467,-12.5751028439789,-16.5294794918315));
#1355=CARTESIAN_POINT('Ctrl Pts',(-43.2849849042688,-12.500674106008,-16.5420502699649));
#1356=CARTESIAN_POINT('Ctrl Pts',(-43.1075859101391,-12.4905715181619,-16.5685759765667));
#1357=CARTESIAN_POINT('Ctrl Pts',(-42.7319136438659,-12.5296631721191,-16.6613424291685));
#1358=CARTESIAN_POINT('Ctrl Pts',(-42.5408899985656,-12.5885032448744,-16.7320480417566));
#1359=CARTESIAN_POINT('Ctrl Pts',(-42.160670258611,-12.7837057405523,-16.9156792702279));
#1360=CARTESIAN_POINT('Ctrl Pts',(-41.9826253536049,-12.9329031026034,-17.0332805408958));
#1361=CARTESIAN_POINT('Ctrl Pts',(-41.7101597407258,-13.2786374383251,-17.271048885448));
#1362=CARTESIAN_POINT('Ctrl Pts',(-41.6121956705579,-13.4731177215816,-17.390826768691));
#1363=CARTESIAN_POINT('Ctrl Pts',(-41.5189856798206,-13.8169287538444,-17.5818822464166));
#1364=CARTESIAN_POINT('Ctrl Pts',(-41.5,-13.9576961154843,-17.6553690107005));
#1365=CARTESIAN_POINT('Ctrl Pts',(-41.5,-14.1000000000008,-17.7256840246971));
#1366=CARTESIAN_POINT('Ctrl Pts',(-41.5,-14.1000000000008,-17.7256840246971));
#1367=CARTESIAN_POINT('Ctrl Pts',(-41.5,-14.1916808505113,-17.770985249669));
#1368=CARTESIAN_POINT('Ctrl Pts',(-41.5078749489214,-14.2839977900854,-17.814973367167));
#1369=CARTESIAN_POINT('Ctrl Pts',(-41.5485819973616,-14.5164732536781,-17.9220195692557));
#1370=CARTESIAN_POINT('Ctrl Pts',(-41.5922103131542,-14.6550396643122,-17.9823664596806));
#1371=CARTESIAN_POINT('Ctrl Pts',(-41.7030298874259,-14.8879487887701,-18.0786511550296));
#1372=CARTESIAN_POINT('Ctrl Pts',(-41.7617429796012,-14.9843128184138,-18.116725731194));
#1373=CARTESIAN_POINT('Ctrl Pts',(-41.831031574772,-15.0745353435224,-18.1507771310266));
#1374=CARTESIAN_POINT('Ctrl Pts',(-42.6777220028791,-15.6432696760928,-23.5870723786607));
#1375=CARTESIAN_POINT('Ctrl Pts',(-42.6310002977465,-15.6304854243375,-23.5874630388843));
#1376=CARTESIAN_POINT('Ctrl Pts',(-42.5848961010652,-15.6155894391363,-23.5867692189285));
#1377=CARTESIAN_POINT('Ctrl Pts',(-42.4995801273547,-15.5836837310301,-23.5834339860043));
#1378=CARTESIAN_POINT('Ctrl Pts',(-42.4602622792674,-15.567156823533,-23.5810352789596));
#1379=CARTESIAN_POINT('Ctrl Pts',(-42.3833371378455,-15.5311491496012,-23.5746034071327));
#1380=CARTESIAN_POINT('Ctrl Pts',(-42.3457769967229,-15.5117111301255,-23.5705839578292));
#1381=CARTESIAN_POINT('Ctrl Pts',(-42.2691718341148,-15.4681497830445,-23.5605242423526));
#1382=CARTESIAN_POINT('Ctrl Pts',(-42.2303514114976,-15.4437997870443,-23.5543450200272));
#1383=CARTESIAN_POINT('Ctrl Pts',(-42.1418221655675,-15.3828540710869,-23.5376616934416));
#1384=CARTESIAN_POINT('Ctrl Pts',(-42.0932294880218,-15.3450545657238,-23.526424364981));
#1385=CARTESIAN_POINT('Ctrl Pts',(-41.9505438878209,-15.2203594252145,-23.4867941684005));
#1386=CARTESIAN_POINT('Ctrl Pts',(-41.8656710812809,-15.1257095928101,-23.4533105335634));
#1387=CARTESIAN_POINT('Ctrl Pts',(-41.6781456443571,-14.8604227947803,-23.3513724528604));
#1388=CARTESIAN_POINT('Ctrl Pts',(-41.596948402647,-14.6808764289828,-23.2750085953755));
#1389=CARTESIAN_POINT('Ctrl Pts',(-41.5162203933298,-14.3644678991729,-23.1281015471689));
#1390=CARTESIAN_POINT('Ctrl Pts',(-41.5,-14.2315969991423,-23.0629133898449));
#1391=CARTESIAN_POINT('Ctrl Pts',(-41.5,-14.1000000000005,-22.9947586690464));
#1392=CARTESIAN_POINT('Ctrl Pts',(41.1645216698882,10.2866590123097,-22.4151867710698));
#1393=CARTESIAN_POINT('Ctrl Pts',(40.4397682797587,10.3137217247715,-22.5070771356812));
#1394=CARTESIAN_POINT('Ctrl Pts',(39.685235467993,10.3886300060212,-22.5865623683979));
#1395=CARTESIAN_POINT('Ctrl Pts',(38.34227227126,10.5454264580877,-22.7118366069962));
#1396=CARTESIAN_POINT('Ctrl Pts',(37.7538418862927,10.6273146289043,-22.7576256128777));
#1397=CARTESIAN_POINT('Ctrl Pts',(36.2377043715882,10.8834489757048,-22.8444482902696));
#1398=CARTESIAN_POINT('Ctrl Pts',(33.7336679584457,11.4344005068392,-22.8856689573864));
#1399=CARTESIAN_POINT('Ctrl Pts',(29.3692967528179,12.6694058481274,-22.2278845026956));
#1400=CARTESIAN_POINT('Ctrl Pts',(22.2446834615168,13.8355848271462,-18.3110917593042));
#1401=CARTESIAN_POINT('Ctrl Pts',(15.2340040511297,15.3544335617405,-21.1548141982414));
#1402=CARTESIAN_POINT('Ctrl Pts',(0.,15.1261526236112,-20.5156275714795));
#1403=CARTESIAN_POINT('Ctrl Pts',(-15.2340040511297,15.3544335617405,-21.1548141982414));
#1404=CARTESIAN_POINT('Ctrl Pts',(-22.2446834615168,13.8355848271462,-18.3110917593042));
#1405=CARTESIAN_POINT('Ctrl Pts',(-29.3692967528179,12.6694058481274,-22.2278845026956));
#1406=CARTESIAN_POINT('Ctrl Pts',(-33.7336679584457,11.4344005068392,-22.8856689573864));
#1407=CARTESIAN_POINT('Ctrl Pts',(-36.2377043715882,10.8834489757047,-22.8444482902696));
#1408=CARTESIAN_POINT('Ctrl Pts',(-37.7538418862927,10.6273146289043,-22.7576256128777));
#1409=CARTESIAN_POINT('Ctrl Pts',(-38.3422722712601,10.5454264580877,-22.7118366069962));
#1410=CARTESIAN_POINT('Ctrl Pts',(-39.6852354679931,10.3886300060212,-22.5865623683979));
#1411=CARTESIAN_POINT('Ctrl Pts',(-40.4397682797587,10.3137217247715,-22.5070771356812));
#1412=CARTESIAN_POINT('Ctrl Pts',(-41.1645216698882,10.2866590123097,-22.4151867710698));
#1413=CARTESIAN_POINT('Ctrl Pts',(41.1427868991371,9.45256009616054,-22.4782447098046));
#1414=CARTESIAN_POINT('Ctrl Pts',(40.4051888742155,9.51802332327861,-22.5530697267802));
#1415=CARTESIAN_POINT('Ctrl Pts',(39.6924528333606,9.56329009708665,-22.6251485605019));
#1416=CARTESIAN_POINT('Ctrl Pts',(38.4086151677306,9.77812141464595,-22.7351169050695));
#1417=CARTESIAN_POINT('Ctrl Pts',(37.8235991557947,9.87424906124416,-22.7789196624455));
#1418=CARTESIAN_POINT('Ctrl Pts',(36.2739432015394,10.1704208083165,-22.8635133965426));
#1419=CARTESIAN_POINT('Ctrl Pts',(33.7360513448708,10.7555453134797,-22.9032710824854));
#1420=CARTESIAN_POINT('Ctrl Pts',(29.3696034352756,12.0280395824134,-22.2394886137497));
#1421=CARTESIAN_POINT('Ctrl Pts',(22.2353465091657,13.3955963074062,-18.3081745582468));
#1422=CARTESIAN_POINT('Ctrl Pts',(15.2274079472019,14.943996316774,-21.0789467049));
#1423=CARTESIAN_POINT('Ctrl Pts',(-5.55111512312578E-16,14.6871802613786,
-20.3598617497929));
#1424=CARTESIAN_POINT('Ctrl Pts',(-15.2274079472019,14.943996316774,-21.0789467049));
#1425=CARTESIAN_POINT('Ctrl Pts',(-22.2353465091657,13.3955963074062,-18.3081745582468));
#1426=CARTESIAN_POINT('Ctrl Pts',(-29.3696034352756,12.0280395824134,-22.2394886137497));
#1427=CARTESIAN_POINT('Ctrl Pts',(-33.7360513448708,10.7555453134797,-22.9032710824854));
#1428=CARTESIAN_POINT('Ctrl Pts',(-36.2739432015394,10.1704208083165,-22.8635133965426));
#1429=CARTESIAN_POINT('Ctrl Pts',(-37.8235991557948,9.87424906124416,-22.7789196624455));
#1430=CARTESIAN_POINT('Ctrl Pts',(-38.4086151677306,9.77812141464596,-22.7351169050695));
#1431=CARTESIAN_POINT('Ctrl Pts',(-39.6924528333606,9.56329009708665,-22.6251485605019));
#1432=CARTESIAN_POINT('Ctrl Pts',(-40.4051888742155,9.51802332327862,-22.5530697267802));
#1433=CARTESIAN_POINT('Ctrl Pts',(-41.1427868991371,9.45256009616055,-22.4782447098046));
#1434=CARTESIAN_POINT('Ctrl Pts',(41.1174329423351,8.5020826799199,-22.4498518555916));
#1435=CARTESIAN_POINT('Ctrl Pts',(40.3450654757193,8.65132310656718,-22.5255282561688));
#1436=CARTESIAN_POINT('Ctrl Pts',(39.6768495359615,8.7719243534851,-22.5995233575883));
#1437=CARTESIAN_POINT('Ctrl Pts',(38.4296064149947,9.02562253812318,-22.7083047879318));
#1438=CARTESIAN_POINT('Ctrl Pts',(37.8633742717681,9.14053947892539,-22.7487079085549));
#1439=CARTESIAN_POINT('Ctrl Pts',(36.3037734635625,9.47378159297654,-22.8363508901313));
#1440=CARTESIAN_POINT('Ctrl Pts',(33.7409543330485,10.0942309876569,-22.8773713321123));
#1441=CARTESIAN_POINT('Ctrl Pts',(29.3725893807165,11.4004324727804,-22.2138544180175));
#1442=CARTESIAN_POINT('Ctrl Pts',(22.2293232640605,12.949362751214,-18.3013417397317));
#1443=CARTESIAN_POINT('Ctrl Pts',(15.2244681565729,14.5352529434436,-21.0082823806364));
#1444=CARTESIAN_POINT('Ctrl Pts',(-1.04083408558608E-16,14.2463348811238,
-20.1993118061408));
#1445=CARTESIAN_POINT('Ctrl Pts',(-15.2244681565729,14.5352529434436,-21.0082823806364));
#1446=CARTESIAN_POINT('Ctrl Pts',(-22.2293232640605,12.949362751214,-18.3013417397317));
#1447=CARTESIAN_POINT('Ctrl Pts',(-29.3725893807164,11.4004324727804,-22.2138544180174));
#1448=CARTESIAN_POINT('Ctrl Pts',(-33.7409543330485,10.0942309876569,-22.8773713321123));
#1449=CARTESIAN_POINT('Ctrl Pts',(-36.3037734635625,9.47378159297654,-22.8363508901313));
#1450=CARTESIAN_POINT('Ctrl Pts',(-37.8633742717681,9.14053947892539,-22.7487079085549));
#1451=CARTESIAN_POINT('Ctrl Pts',(-38.4296064149947,9.02562253812318,-22.7083047879318));
#1452=CARTESIAN_POINT('Ctrl Pts',(-39.6768495359615,8.7719243534851,-22.5995233575883));
#1453=CARTESIAN_POINT('Ctrl Pts',(-40.3450654757193,8.65132310656718,-22.5255282561688));
#1454=CARTESIAN_POINT('Ctrl Pts',(-41.1174329423351,8.5020826799199,-22.4498518555916));
#1455=CARTESIAN_POINT('Ctrl Pts',(41.0739518973563,6.76275118532738,-22.3274256369295));
#1456=CARTESIAN_POINT('Ctrl Pts',(40.3484012946146,7.02583723628709,-22.4042760605827));
#1457=CARTESIAN_POINT('Ctrl Pts',(39.6885365230653,7.22348533469789,-22.4764322022525));
#1458=CARTESIAN_POINT('Ctrl Pts',(38.4709417879888,7.56572674933901,-22.582117951723));
#1459=CARTESIAN_POINT('Ctrl Pts',(37.9096637966516,7.71064614729207,-22.6223730038864));
#1460=CARTESIAN_POINT('Ctrl Pts',(36.3539234722432,8.11560644324893,-22.7107049983752));
#1461=CARTESIAN_POINT('Ctrl Pts',(33.754817421839,8.80633544355345,-22.757636339347));
#1462=CARTESIAN_POINT('Ctrl Pts',(29.3829102820322,10.1732203154462,-22.1052216511774));
#1463=CARTESIAN_POINT('Ctrl Pts',(22.2228074380055,12.0487984994068,-18.2828302379563));
#1464=CARTESIAN_POINT('Ctrl Pts',(15.2246331485497,13.7217401862463,-20.8765943114439));
#1465=CARTESIAN_POINT('Ctrl Pts',(-6.50521303491303E-16,13.3641594980047,
-19.8753683843676));
#1466=CARTESIAN_POINT('Ctrl Pts',(-15.2246331485497,13.7217401862463,-20.8765943114439));
#1467=CARTESIAN_POINT('Ctrl Pts',(-22.2228074380055,12.0487984994068,-18.2828302379563));
#1468=CARTESIAN_POINT('Ctrl Pts',(-29.3829102820322,10.1732203154462,-22.1052216511774));
#1469=CARTESIAN_POINT('Ctrl Pts',(-33.754817421839,8.80633544355345,-22.757636339347));
#1470=CARTESIAN_POINT('Ctrl Pts',(-36.3539234722432,8.11560644324893,-22.7107049983752));
#1471=CARTESIAN_POINT('Ctrl Pts',(-37.9096637966517,7.71064614729207,-22.6223730038864));
#1472=CARTESIAN_POINT('Ctrl Pts',(-38.4709417879888,7.56572674933901,-22.582117951723));
#1473=CARTESIAN_POINT('Ctrl Pts',(-39.6885365230653,7.22348533469789,-22.4764322022525));
#1474=CARTESIAN_POINT('Ctrl Pts',(-40.3484012946146,7.02583723628708,-22.4042760605827));
#1475=CARTESIAN_POINT('Ctrl Pts',(-41.0739518973563,6.76275118532738,-22.3274256369295));
#1476=CARTESIAN_POINT('Ctrl Pts',(41.0558248091796,5.97389710697553,-22.2333922724805));
#1477=CARTESIAN_POINT('Ctrl Pts',(40.341671721696,6.2575840484014,-22.3137088684399));
#1478=CARTESIAN_POINT('Ctrl Pts',(39.6897108809106,6.48069958622144,-22.3738712991623));
#1479=CARTESIAN_POINT('Ctrl Pts',(38.4815795438821,6.85316201240541,-22.4805189012968));
#1480=CARTESIAN_POINT('Ctrl Pts',(37.920727135572,7.00943492211416,-22.5226476909324));
#1481=CARTESIAN_POINT('Ctrl Pts',(36.374243218901,7.45407050886123,-22.6122216130305));
#1482=CARTESIAN_POINT('Ctrl Pts',(33.7637775224517,8.1797542252728,-22.6638010969547));
#1483=CARTESIAN_POINT('Ctrl Pts',(29.3902452379071,9.57361526774515,-22.0222230800695));
#1484=CARTESIAN_POINT('Ctrl Pts',(22.2223148570555,11.5944678037919,-18.2711515546961));
#1485=CARTESIAN_POINT('Ctrl Pts',(15.2277379311553,13.3169708023793,-20.815570566515));
#1486=CARTESIAN_POINT('Ctrl Pts',(-5.20417042793042E-17,12.9228294951405,
-19.7119749062464));
#1487=CARTESIAN_POINT('Ctrl Pts',(-15.2277379311553,13.3169708023793,-20.815570566515));
#1488=CARTESIAN_POINT('Ctrl Pts',(-22.2223148570555,11.5944678037919,-18.2711515546961));
#1489=CARTESIAN_POINT('Ctrl Pts',(-29.3902452379071,9.57361526774515,-22.0222230800695));
#1490=CARTESIAN_POINT('Ctrl Pts',(-33.7637775224517,8.1797542252728,-22.6638010969547));
#1491=CARTESIAN_POINT('Ctrl Pts',(-36.374243218901,7.45407050886123,-22.6122216130305));
#1492=CARTESIAN_POINT('Ctrl Pts',(-37.920727135572,7.00943492211415,-22.5226476909324));
#1493=CARTESIAN_POINT('Ctrl Pts',(-38.4815795438821,6.85316201240541,-22.4805189012968));
#1494=CARTESIAN_POINT('Ctrl Pts',(-39.6897108809106,6.48069958622144,-22.3738712991623));
#1495=CARTESIAN_POINT('Ctrl Pts',(-40.341671721696,6.25758404840139,-22.3137088684399));
#1496=CARTESIAN_POINT('Ctrl Pts',(-41.0558248091796,5.97389710697552,-22.2333922724805));
#1497=CARTESIAN_POINT('Ctrl Pts',(41.0122838475875,3.84976987875314,-21.8528314137795));
#1498=CARTESIAN_POINT('Ctrl Pts',(40.3250785228697,4.12557298435537,-21.9297739498574));
#1499=CARTESIAN_POINT('Ctrl Pts',(39.6895882153216,4.36958733754475,-21.9947794951902));
#1500=CARTESIAN_POINT('Ctrl Pts',(38.5066570124802,4.80718679123477,-22.1023990757093));
#1501=CARTESIAN_POINT('Ctrl Pts',(37.9592161171869,5.0007718917354,-22.1450131108955));
#1502=CARTESIAN_POINT('Ctrl Pts',(36.4258966165627,5.52560569240959,-22.2414916582492));
#1503=CARTESIAN_POINT('Ctrl Pts',(33.7952703563373,6.35158729044712,-22.3089945201368));
#1504=CARTESIAN_POINT('Ctrl Pts',(29.4172593478848,7.81752884219512,-21.7128491609785));
#1505=CARTESIAN_POINT('Ctrl Pts',(22.2274879849335,10.2259194080363,-18.2333247630532));
#1506=CARTESIAN_POINT('Ctrl Pts',(15.2442170587794,12.1095030042603,-20.6458115624997));
#1507=CARTESIAN_POINT('Ctrl Pts',(6.93889390390723E-17,11.6030046727861,
-19.2276162343717));
#1508=CARTESIAN_POINT('Ctrl Pts',(-15.2442170587794,12.1095030042603,-20.6458115624997));
#1509=CARTESIAN_POINT('Ctrl Pts',(-22.2274879849335,10.2259194080363,-18.2333247630532));
#1510=CARTESIAN_POINT('Ctrl Pts',(-29.4172593478848,7.81752884219512,-21.7128491609785));
#1511=CARTESIAN_POINT('Ctrl Pts',(-33.7952703563373,6.35158729044712,-22.3089945201368));
#1512=CARTESIAN_POINT('Ctrl Pts',(-36.4258966165627,5.52560569240959,-22.2414916582492));
#1513=CARTESIAN_POINT('Ctrl Pts',(-37.9592161171869,5.0007718917354,-22.1450131108955));
#1514=CARTESIAN_POINT('Ctrl Pts',(-38.5066570124802,4.80718679123477,-22.1023990757093));
#1515=CARTESIAN_POINT('Ctrl Pts',(-39.6895882153216,4.36958733754475,-21.9947794951902));
#1516=CARTESIAN_POINT('Ctrl Pts',(-40.3250785228697,4.12557298435537,-21.9297739498574));
#1517=CARTESIAN_POINT('Ctrl Pts',(-41.0122838475875,3.84976987875314,-21.8528314137795));
#1518=CARTESIAN_POINT('Ctrl Pts',(40.9424901692395,0.0919156422146125,-20.8244017005942));
#1519=CARTESIAN_POINT('Ctrl Pts',(40.2861811922789,0.364934563607801,-20.8917723753687));
#1520=CARTESIAN_POINT('Ctrl Pts',(39.6747599276449,0.6163428272021,-20.9509595084403));
#1521=CARTESIAN_POINT('Ctrl Pts',(38.5294687533493,1.08211230741415,-21.0528687272984));
#1522=CARTESIAN_POINT('Ctrl Pts',(37.9955988436877,1.2964735240319,-21.0955908130849));
#1523=CARTESIAN_POINT('Ctrl Pts',(36.4919800426408,1.89324800635217,-21.1989125536976));
#1524=CARTESIAN_POINT('Ctrl Pts',(33.8767061522982,2.90156030086082,-21.3061779679363));
#1525=CARTESIAN_POINT('Ctrl Pts',(29.4913245372524,4.47627086130788,-20.8525884997263));
#1526=CARTESIAN_POINT('Ctrl Pts',(22.2644377236,7.46659738088136,-18.1465082123191));
#1527=CARTESIAN_POINT('Ctrl Pts',(15.3058344332557,9.72192882195013,-20.3595424775536));
#1528=CARTESIAN_POINT('Ctrl Pts',(-1.94289029309402E-15,8.98001577303005,
-18.2821859405773));
#1529=CARTESIAN_POINT('Ctrl Pts',(-15.3058344332557,9.72192882195013,-20.3595424775536));
#1530=CARTESIAN_POINT('Ctrl Pts',(-22.2644377236,7.46659738088135,-18.1465082123191));
#1531=CARTESIAN_POINT('Ctrl Pts',(-29.4913245372524,4.47627086130788,-20.8525884997263));
#1532=CARTESIAN_POINT('Ctrl Pts',(-33.8767061522982,2.90156030086082,-21.3061779679363));
#1533=CARTESIAN_POINT('Ctrl Pts',(-36.4919800426408,1.89324800635217,-21.1989125536976));
#1534=CARTESIAN_POINT('Ctrl Pts',(-37.9955988436877,1.2964735240319,-21.0955908130848));
#1535=CARTESIAN_POINT('Ctrl Pts',(-38.5294687533493,1.08211230741415,-21.0528687272984));
#1536=CARTESIAN_POINT('Ctrl Pts',(-39.6747599276449,0.616342827202101,-20.9509595084403));
#1537=CARTESIAN_POINT('Ctrl Pts',(-40.2861811922789,0.364934563607803,-20.8917723753687));
#1538=CARTESIAN_POINT('Ctrl Pts',(-40.9424901692395,0.0919156422146142,
-20.8244017005942));
#1539=CARTESIAN_POINT('Ctrl Pts',(40.9450396237732,-6.77797388897527,-18.3034743621373));
#1540=CARTESIAN_POINT('Ctrl Pts',(40.3181458682291,-6.47780759817117,-18.3210112244657));
#1541=CARTESIAN_POINT('Ctrl Pts',(39.7324629223345,-6.20243731777892,-18.3382583201541));
#1542=CARTESIAN_POINT('Ctrl Pts',(38.6321763332958,-5.69408305363791,-18.371636076261));
#1543=CARTESIAN_POINT('Ctrl Pts',(38.1175726901518,-5.46109906988914,-18.3877667366796));
#1544=CARTESIAN_POINT('Ctrl Pts',(36.663367240023,-4.81491797733774,-18.4336787120453));
#1545=CARTESIAN_POINT('Ctrl Pts',(34.1133782569785,-3.73363922701451,-18.5155826392176));
#1546=CARTESIAN_POINT('Ctrl Pts',(29.7196027936364,-2.08295868857834,-18.5921518705485));
#1547=CARTESIAN_POINT('Ctrl Pts',(22.4447511325762,1.2416090805014,-18.1165665827792));
#1548=CARTESIAN_POINT('Ctrl Pts',(15.5437056591212,4.39169697411464,-20.));
#1549=CARTESIAN_POINT('Ctrl Pts',(0.,3.25029228346835,-16.8040668661904));
#1550=CARTESIAN_POINT('Ctrl Pts',(-15.5437056591212,4.39169697411464,-20.));
#1551=CARTESIAN_POINT('Ctrl Pts',(-22.4447511325762,1.2416090805014,-18.1165665827792));
#1552=CARTESIAN_POINT('Ctrl Pts',(-29.7196027936364,-2.08295868857834,-18.5921518705485));
#1553=CARTESIAN_POINT('Ctrl Pts',(-34.1133782569785,-3.73363922701451,-18.5155826392176));
#1554=CARTESIAN_POINT('Ctrl Pts',(-36.663367240023,-4.81491797733774,-18.4336787120453));
#1555=CARTESIAN_POINT('Ctrl Pts',(-38.1175726901518,-5.46109906988914,-18.3877667366796));
#1556=CARTESIAN_POINT('Ctrl Pts',(-38.6321763332958,-5.69408305363791,-18.371636076261));
#1557=CARTESIAN_POINT('Ctrl Pts',(-39.7324629223345,-6.20243731777892,-18.3382583201541));
#1558=CARTESIAN_POINT('Ctrl Pts',(-40.3181458682291,-6.47780759817117,-18.3210112244657));
#1559=CARTESIAN_POINT('Ctrl Pts',(-40.9450396237732,-6.77797388897527,-18.3034743621373));
#1560=CARTESIAN_POINT('Ctrl Pts',(42.5073597579657,-13.2882309649131,-22.9476941811827));
#1561=CARTESIAN_POINT('Ctrl Pts',(41.6851759856476,-12.8795047286983,-22.8246344170238));
#1562=CARTESIAN_POINT('Ctrl Pts',(40.9286142750756,-12.5079555328522,-22.7283711702913));
#1563=CARTESIAN_POINT('Ctrl Pts',(39.5292898478517,-11.8295047218379,-22.5790825204225));
#1564=CARTESIAN_POINT('Ctrl Pts',(38.8865271311997,-11.5226031066697,-22.5260571172863));
#1565=CARTESIAN_POINT('Ctrl Pts',(37.1027697777646,-10.684309882092,-22.4163048863876));
#1566=CARTESIAN_POINT('Ctrl Pts',(34.1133782569785,-9.33736991664495,-22.3940963386306));
#1567=CARTESIAN_POINT('Ctrl Pts',(29.7196027936364,-7.68668937820877,-22.8535117266157));
#1568=CARTESIAN_POINT('Ctrl Pts',(22.4447511325762,-4.93282395445217,-20.));
#1569=CARTESIAN_POINT('Ctrl Pts',(15.5437056591212,-2.25359441514413,-20.));
#1570=CARTESIAN_POINT('Ctrl Pts',(0.,-2.25359441514413,-20.));
#1571=CARTESIAN_POINT('Ctrl Pts',(-15.5437056591212,-2.25359441514413,-20.));
#1572=CARTESIAN_POINT('Ctrl Pts',(-22.4447511325762,-4.93282395445217,-20.));
#1573=CARTESIAN_POINT('Ctrl Pts',(-29.7196027936364,-7.68668937820878,-22.8535117266157));
#1574=CARTESIAN_POINT('Ctrl Pts',(-34.1133782569785,-9.33736991664495,-22.3940963386306));
#1575=CARTESIAN_POINT('Ctrl Pts',(-37.1027697777646,-10.684309882092,-22.4163048863876));
#1576=CARTESIAN_POINT('Ctrl Pts',(-38.8865271311997,-11.5226031066697,-22.5260571172863));
#1577=CARTESIAN_POINT('Ctrl Pts',(-39.5292898478517,-11.8295047218379,-22.5790825204225));
#1578=CARTESIAN_POINT('Ctrl Pts',(-40.9286142750756,-12.5079555328522,-22.7283711702913));
#1579=CARTESIAN_POINT('Ctrl Pts',(-41.6851759856476,-12.8795047286983,-22.8246344170238));
#1580=CARTESIAN_POINT('Ctrl Pts',(-42.5073597579657,-13.2882309649131,-22.9476941811827));
#1581=CARTESIAN_POINT('Ctrl Pts',(43.8909291992283,-25.3854757623934,-27.5630534563991));
#1582=CARTESIAN_POINT('Ctrl Pts',(43.2381507026967,-24.947653468931,-27.5086305352005));
#1583=CARTESIAN_POINT('Ctrl Pts',(42.6084216424415,-24.5410898747028,-27.4500218961041));
#1584=CARTESIAN_POINT('Ctrl Pts',(41.3909350420283,-23.7828257504981,-27.3275846253479));
#1585=CARTESIAN_POINT('Ctrl Pts',(40.8031775018703,-23.4311252205216,-27.2637559936881));
#1586=CARTESIAN_POINT('Ctrl Pts',(39.0966711328589,-22.446836725644,-27.0691672747123));
#1587=CARTESIAN_POINT('Ctrl Pts',(35.9107234006864,-20.7615121160973,-26.6675785407747));
#1588=CARTESIAN_POINT('Ctrl Pts',(29.7196027936364,-18.1688906143948,-25.9083803212006));
#1589=CARTESIAN_POINT('Ctrl Pts',(22.4447511325762,-14.6190725799689,-26.844624643652));
#1590=CARTESIAN_POINT('Ctrl Pts',(15.5437056591212,-13.8624270458682,-23.4242140719388));
#1591=CARTESIAN_POINT('Ctrl Pts',(0.,-13.8624270458682,-23.4242140719388));
#1592=CARTESIAN_POINT('Ctrl Pts',(-15.5437056591212,-13.8624270458682,-23.4242140719388));
#1593=CARTESIAN_POINT('Ctrl Pts',(-22.4447511325762,-14.6190725799689,-26.844624643652));
#1594=CARTESIAN_POINT('Ctrl Pts',(-29.7196027936364,-18.1688906143948,-25.9083803212006));
#1595=CARTESIAN_POINT('Ctrl Pts',(-35.9107234006864,-20.7615121160973,-26.6675785407747));
#1596=CARTESIAN_POINT('Ctrl Pts',(-39.0966711328589,-22.446836725644,-27.0691672747123));
#1597=CARTESIAN_POINT('Ctrl Pts',(-40.8031775018703,-23.4311252205216,-27.2637559936881));
#1598=CARTESIAN_POINT('Ctrl Pts',(-41.3909350420283,-23.7828257504981,-27.3275846253479));
#1599=CARTESIAN_POINT('Ctrl Pts',(-42.6084216424415,-24.5410898747028,-27.4500218961041));
#1600=CARTESIAN_POINT('Ctrl Pts',(-43.2381507026967,-24.947653468931,-27.5086305352005));
#1601=CARTESIAN_POINT('Ctrl Pts',(-43.8909291992283,-25.3854757623934,-27.5630534563991));
#1602=CARTESIAN_POINT('Ctrl Pts',(42.5480983550671,-30.8584779246657,-26.7913335679362));
#1603=CARTESIAN_POINT('Ctrl Pts',(42.026637016229,-30.5175084238633,-26.6888975356847));
#1604=CARTESIAN_POINT('Ctrl Pts',(41.5284992971463,-30.2034441471539,-26.5914555204804));
#1605=CARTESIAN_POINT('Ctrl Pts',(40.5701837232721,-29.6223486158853,-26.4057622893911));
#1606=CARTESIAN_POINT('Ctrl Pts',(40.1100058684807,-29.3553173613261,-26.3175110735061));
#1607=CARTESIAN_POINT('Ctrl Pts',(38.7733810377138,-28.61460699182,-26.0653477726671));
#1608=CARTESIAN_POINT('Ctrl Pts',(36.2757663106101,-27.3747198294938,-25.6113825582532));
#1609=CARTESIAN_POINT('Ctrl Pts',(30.9477036365977,-25.603081033859,-24.8376923810145));
#1610=CARTESIAN_POINT('Ctrl Pts',(20.5939740613515,-23.0230932565908,-24.1656394063411));
#1611=CARTESIAN_POINT('Ctrl Pts',(11.0968252011325,-23.1570611068865,-18.0763742073994));
#1612=CARTESIAN_POINT('Ctrl Pts',(0.,-21.1570611068865,-21.0327004248063));
#1613=CARTESIAN_POINT('Ctrl Pts',(-11.0968252011325,-23.1570611068865,-18.0763742073994));
#1614=CARTESIAN_POINT('Ctrl Pts',(-20.5939740613515,-23.0230932565908,-24.1656394063411));
#1615=CARTESIAN_POINT('Ctrl Pts',(-30.9477036365977,-25.603081033859,-24.8376923810145));
#1616=CARTESIAN_POINT('Ctrl Pts',(-36.2757663106101,-27.3747198294938,-25.6113825582532));
#1617=CARTESIAN_POINT('Ctrl Pts',(-38.7733810377138,-28.61460699182,-26.0653477726671));
#1618=CARTESIAN_POINT('Ctrl Pts',(-40.1100058684807,-29.3553173613261,-26.3175110735061));
#1619=CARTESIAN_POINT('Ctrl Pts',(-40.5701837232721,-29.6223486158853,-26.4057622893911));
#1620=CARTESIAN_POINT('Ctrl Pts',(-41.5284992971463,-30.2034441471539,-26.5914555204804));
#1621=CARTESIAN_POINT('Ctrl Pts',(-42.026637016229,-30.5175084238633,-26.6888975356847));
#1622=CARTESIAN_POINT('Ctrl Pts',(-42.5480983550671,-30.8584779246657,-26.7913335679362));
#1623=CARTESIAN_POINT('Ctrl Pts',(41.8766829329864,-33.5949790058019,-26.4054736237048));
#1624=CARTESIAN_POINT('Ctrl Pts',(41.4208801729951,-33.3024359013295,-26.2790310359268));
#1625=CARTESIAN_POINT('Ctrl Pts',(40.9885381244986,-33.0346212833795,-26.1621723326686));
#1626=CARTESIAN_POINT('Ctrl Pts',(40.159808063894,-32.5421100485789,-25.9448511214127));
#1627=CARTESIAN_POINT('Ctrl Pts',(39.7634200517859,-32.3174134317284,-25.8443886134151));
#1628=CARTESIAN_POINT('Ctrl Pts',(38.6117359901413,-31.698492124908,-25.5634380216445));
#1629=CARTESIAN_POINT('Ctrl Pts',(36.4582877655719,-30.6813236861921,-25.0832845669924));
#1630=CARTESIAN_POINT('Ctrl Pts',(31.5617540580783,-29.3201762435911,-24.3023484109215));
#1631=CARTESIAN_POINT('Ctrl Pts',(19.6685855257392,-27.2251035949018,-22.8261467876857));
#1632=CARTESIAN_POINT('Ctrl Pts',(8.87338497213812,-27.8043781373957,-15.4024542751297));
#1633=CARTESIAN_POINT('Ctrl Pts',(0.,-24.8043781373957,-19.83694360124));
#1634=CARTESIAN_POINT('Ctrl Pts',(-8.87338497213812,-27.8043781373957,-15.4024542751297));
#1635=CARTESIAN_POINT('Ctrl Pts',(-19.6685855257392,-27.2251035949018,-22.8261467876857));
#1636=CARTESIAN_POINT('Ctrl Pts',(-31.5617540580783,-29.3201762435911,-24.3023484109215));
#1637=CARTESIAN_POINT('Ctrl Pts',(-36.4582877655719,-30.6813236861921,-25.0832845669924));
#1638=CARTESIAN_POINT('Ctrl Pts',(-38.6117359901413,-31.698492124908,-25.5634380216445));
#1639=CARTESIAN_POINT('Ctrl Pts',(-39.7634200517859,-32.3174134317284,-25.8443886134151));
#1640=CARTESIAN_POINT('Ctrl Pts',(-40.159808063894,-32.5421100485789,-25.9448511214127));
#1641=CARTESIAN_POINT('Ctrl Pts',(-40.9885381244986,-33.0346212833795,-26.1621723326686));
#1642=CARTESIAN_POINT('Ctrl Pts',(-41.4208801729951,-33.3024359013295,-26.2790310359268));
#1643=CARTESIAN_POINT('Ctrl Pts',(-41.8766829329864,-33.5949790058019,-26.4054736237048));
#1644=CARTESIAN_POINT('',(-41.1645216698882,10.2866590123097,-22.4151867710698));
#1645=CARTESIAN_POINT('Ctrl Pts',(-41.1645216698882,10.2866590123097,-22.4151867710698));
#1646=CARTESIAN_POINT('Ctrl Pts',(-41.1427868991371,9.45256009616055,-22.4782447098046));
#1647=CARTESIAN_POINT('Ctrl Pts',(-41.1174329423351,8.5020826799199,-22.4498518555916));
#1648=CARTESIAN_POINT('Ctrl Pts',(-41.0739518973563,6.76275118532738,-22.3274256369295));
#1649=CARTESIAN_POINT('Ctrl Pts',(-41.0558248091796,5.97389710697552,-22.2333922724805));
#1650=CARTESIAN_POINT('Ctrl Pts',(-41.0122838475875,3.84976987875314,-21.8528314137795));
#1651=CARTESIAN_POINT('Ctrl Pts',(-40.9424901692395,0.0919156422146142,
-20.8244017005942));
#1652=CARTESIAN_POINT('Ctrl Pts',(-40.9448542208142,-6.27837766923565,-18.4868027494153));
#1653=CARTESIAN_POINT('Ctrl Pts',(-41.7301012687968,-10.0070387649117,-20.6527831658145));
#1654=CARTESIAN_POINT('Ctrl Pts',(-42.2152017535937,-12.7669088316412,-22.1368698375188));
#1655=CARTESIAN_POINT('',(41.1645216698882,10.2866590123097,-22.4151867710698));
#1656=CARTESIAN_POINT('Ctrl Pts',(41.1645216698882,10.2866590123097,-22.4151867710698));
#1657=CARTESIAN_POINT('Ctrl Pts',(40.4397682797587,10.3137217247715,-22.5070771356812));
#1658=CARTESIAN_POINT('Ctrl Pts',(39.685235467993,10.3886300060212,-22.5865623683979));
#1659=CARTESIAN_POINT('Ctrl Pts',(38.34227227126,10.5454264580877,-22.7118366069962));
#1660=CARTESIAN_POINT('Ctrl Pts',(37.7538418862927,10.6273146289043,-22.7576256128777));
#1661=CARTESIAN_POINT('Ctrl Pts',(36.2377043715882,10.8834489757048,-22.8444482902696));
#1662=CARTESIAN_POINT('Ctrl Pts',(33.7336679584457,11.4344005068392,-22.8856689573864));
#1663=CARTESIAN_POINT('Ctrl Pts',(29.3692967528179,12.6694058481274,-22.2278845026956));
#1664=CARTESIAN_POINT('Ctrl Pts',(22.2446834615168,13.8355848271462,-18.3110917593042));
#1665=CARTESIAN_POINT('Ctrl Pts',(15.2340040511297,15.3544335617405,-21.1548141982414));
#1666=CARTESIAN_POINT('Ctrl Pts',(0.,15.1261526236112,-20.5156275714795));
#1667=CARTESIAN_POINT('Ctrl Pts',(-15.2340040511297,15.3544335617405,-21.1548141982414));
#1668=CARTESIAN_POINT('Ctrl Pts',(-22.2446834615168,13.8355848271462,-18.3110917593042));
#1669=CARTESIAN_POINT('Ctrl Pts',(-29.3692967528179,12.6694058481274,-22.2278845026956));
#1670=CARTESIAN_POINT('Ctrl Pts',(-33.7336679584457,11.4344005068392,-22.8856689573864));
#1671=CARTESIAN_POINT('Ctrl Pts',(-36.2377043715882,10.8834489757047,-22.8444482902696));
#1672=CARTESIAN_POINT('Ctrl Pts',(-37.7538418862927,10.6273146289043,-22.7576256128777));
#1673=CARTESIAN_POINT('Ctrl Pts',(-38.3422722712601,10.5454264580877,-22.7118366069962));
#1674=CARTESIAN_POINT('Ctrl Pts',(-39.6852354679931,10.3886300060212,-22.5865623683979));
#1675=CARTESIAN_POINT('Ctrl Pts',(-40.4397682797587,10.3137217247715,-22.5070771356812));
#1676=CARTESIAN_POINT('Ctrl Pts',(-41.1645216698882,10.2866590123097,-22.4151867710698));
#1677=CARTESIAN_POINT('',(41.8766829329865,-33.5949790058019,-26.4054736237048));
#1678=CARTESIAN_POINT('Ctrl Pts',(41.8766829329864,-33.5949790058019,-26.4054736237048));
#1679=CARTESIAN_POINT('Ctrl Pts',(41.9606098607465,-33.2529163706599,-26.4537061167337));
#1680=CARTESIAN_POINT('Ctrl Pts',(42.0445367885066,-32.9108537355178,-26.5019386097627));
#1681=CARTESIAN_POINT('Ctrl Pts',(42.2101785244255,-32.2241973834929,-26.5946451719221));
#1682=CARTESIAN_POINT('Ctrl Pts',(42.2918933325844,-31.8796036666099,-26.6391192410527));
#1683=CARTESIAN_POINT('Ctrl Pts',(42.5304013982572,-30.8382292707383,-26.7612661767492));
#1684=CARTESIAN_POINT('Ctrl Pts',(42.9808720943879,-28.7251074981038,-26.9604589613617));
#1685=CARTESIAN_POINT('Ctrl Pts',(43.6603342923512,-23.3692682961467,-26.7938269105297));
#1686=CARTESIAN_POINT('Ctrl Pts',(42.5073597579657,-13.2882309649131,-22.9476941811827));
#1687=CARTESIAN_POINT('Ctrl Pts',(40.9450396237732,-6.77797388897527,-18.3034743621373));
#1688=CARTESIAN_POINT('Ctrl Pts',(40.9424901692395,0.0919156422146125,-20.8244017005942));
#1689=CARTESIAN_POINT('Ctrl Pts',(41.0122838475875,3.84976987875314,-21.8528314137795));
#1690=CARTESIAN_POINT('Ctrl Pts',(41.0558248091796,5.97389710697553,-22.2333922724805));
#1691=CARTESIAN_POINT('Ctrl Pts',(41.0739518973563,6.76275118532738,-22.3274256369295));
#1692=CARTESIAN_POINT('Ctrl Pts',(41.1174329423351,8.5020826799199,-22.4498518555916));
#1693=CARTESIAN_POINT('Ctrl Pts',(41.1427868991371,9.45256009616054,-22.4782447098046));
#1694=CARTESIAN_POINT('Ctrl Pts',(41.1645216698882,10.2866590123097,-22.4151867710698));
#1695=CARTESIAN_POINT('',(-41.8766829329865,-33.5949790058019,-26.4054736237048));
#1696=CARTESIAN_POINT('Ctrl Pts',(41.8766829329864,-33.5949790058019,-26.4054736237048));
#1697=CARTESIAN_POINT('Ctrl Pts',(41.4208801729951,-33.3024359013295,-26.2790310359268));
#1698=CARTESIAN_POINT('Ctrl Pts',(40.9885381244986,-33.0346212833795,-26.1621723326686));
#1699=CARTESIAN_POINT('Ctrl Pts',(40.159808063894,-32.5421100485789,-25.9448511214127));
#1700=CARTESIAN_POINT('Ctrl Pts',(39.7634200517859,-32.3174134317284,-25.8443886134151));
#1701=CARTESIAN_POINT('Ctrl Pts',(38.6117359901413,-31.698492124908,-25.5634380216445));
#1702=CARTESIAN_POINT('Ctrl Pts',(36.4582877655719,-30.6813236861921,-25.0832845669924));
#1703=CARTESIAN_POINT('Ctrl Pts',(31.5617540580783,-29.3201762435911,-24.3023484109215));
#1704=CARTESIAN_POINT('Ctrl Pts',(19.6685855257392,-27.2251035949018,-22.8261467876857));
#1705=CARTESIAN_POINT('Ctrl Pts',(8.87338497213812,-27.8043781373957,-15.4024542751297));
#1706=CARTESIAN_POINT('Ctrl Pts',(0.,-24.8043781373957,-19.83694360124));
#1707=CARTESIAN_POINT('Ctrl Pts',(-8.87338497213812,-27.8043781373957,-15.4024542751297));
#1708=CARTESIAN_POINT('Ctrl Pts',(-19.6685855257392,-27.2251035949018,-22.8261467876857));
#1709=CARTESIAN_POINT('Ctrl Pts',(-31.5617540580783,-29.3201762435911,-24.3023484109215));
#1710=CARTESIAN_POINT('Ctrl Pts',(-36.4582877655719,-30.6813236861921,-25.0832845669924));
#1711=CARTESIAN_POINT('Ctrl Pts',(-38.6117359901413,-31.698492124908,-25.5634380216445));
#1712=CARTESIAN_POINT('Ctrl Pts',(-39.7634200517859,-32.3174134317284,-25.8443886134151));
#1713=CARTESIAN_POINT('Ctrl Pts',(-40.159808063894,-32.5421100485789,-25.9448511214127));
#1714=CARTESIAN_POINT('Ctrl Pts',(-40.9885381244986,-33.0346212833795,-26.1621723326686));
#1715=CARTESIAN_POINT('Ctrl Pts',(-41.4208801729951,-33.3024359013295,-26.2790310359268));
#1716=CARTESIAN_POINT('Ctrl Pts',(-41.8766829329864,-33.5949790058019,-26.4054736237048));
#1717=CARTESIAN_POINT('Ctrl Pts',(-42.6777220028791,-15.6432696760928,-23.5870723786607));
#1718=CARTESIAN_POINT('Ctrl Pts',(-43.1015520876751,-18.5935736151671,-24.9535189075998));
#1719=CARTESIAN_POINT('Ctrl Pts',(-43.5982543990133,-23.8586110842945,-26.8090514513111));
#1720=CARTESIAN_POINT('Ctrl Pts',(-42.9808720943879,-28.7251074981038,-26.9604589613617));
#1721=CARTESIAN_POINT('Ctrl Pts',(-42.5304013982572,-30.8382292707383,-26.7612661767492));
#1722=CARTESIAN_POINT('Ctrl Pts',(-42.2918933325844,-31.8796036666099,-26.6391192410527));
#1723=CARTESIAN_POINT('Ctrl Pts',(-42.2101785244255,-32.2241973834929,-26.5946451719221));
#1724=CARTESIAN_POINT('Ctrl Pts',(-42.0445367885066,-32.9108537355178,-26.5019386097627));
#1725=CARTESIAN_POINT('Ctrl Pts',(-41.9606098607465,-33.2529163706599,-26.4537061167337));
#1726=CARTESIAN_POINT('Ctrl Pts',(-41.8766829329864,-33.5949790058019,-26.4054736237048));
#1727=CARTESIAN_POINT('Ctrl Pts',(38.7969183968941,44.9486336649595,7.46679662559894));
#1728=CARTESIAN_POINT('Ctrl Pts',(38.4215701461854,45.0246669444053,7.56403748761838));
#1729=CARTESIAN_POINT('Ctrl Pts',(38.0562118415221,45.093617396804,7.6763581907231));
#1730=CARTESIAN_POINT('Ctrl Pts',(37.342271869382,45.2139555129958,7.92344040102287));
#1731=CARTESIAN_POINT('Ctrl Pts',(36.9936902019052,45.2653431767887,8.05820190821793));
#1732=CARTESIAN_POINT('Ctrl Pts',(35.9683052728975,45.3880662834915,8.48456931881827));
#1733=CARTESIAN_POINT('Ctrl Pts',(33.9989757085731,45.5077529581922,9.42563569607969));
#1734=CARTESIAN_POINT('Ctrl Pts',(29.7048820356644,44.6213457959143,11.5913923767102));
#1735=CARTESIAN_POINT('Ctrl Pts',(22.8929248454305,38.3939222273086,10.8943693953575));
#1736=CARTESIAN_POINT('Ctrl Pts',(15.8603186476569,38.8328792002228,10.8169694376626));
#1737=CARTESIAN_POINT('Ctrl Pts',(0.,38.8328792002228,10.8169694376626));
#1738=CARTESIAN_POINT('Ctrl Pts',(-15.8603186476569,38.8328792002228,10.8169694376626));
#1739=CARTESIAN_POINT('Ctrl Pts',(-22.8929248454305,38.3939222273086,10.8943693953575));
#1740=CARTESIAN_POINT('Ctrl Pts',(-29.7048820356644,44.6213457959143,11.5913923767102));
#1741=CARTESIAN_POINT('Ctrl Pts',(-33.9989757085731,45.5077529581922,9.42563569607969));
#1742=CARTESIAN_POINT('Ctrl Pts',(-35.9683052728975,45.3880662834915,8.48456931881827));
#1743=CARTESIAN_POINT('Ctrl Pts',(-36.9936902019052,45.2653431767887,8.05820190821793));
#1744=CARTESIAN_POINT('Ctrl Pts',(-37.342271869382,45.2139555129958,7.92344040102287));
#1745=CARTESIAN_POINT('Ctrl Pts',(-38.0562118415221,45.093617396804,7.6763581907231));
#1746=CARTESIAN_POINT('Ctrl Pts',(-38.4215701461854,45.0246669444053,7.56403748761838));
#1747=CARTESIAN_POINT('Ctrl Pts',(-38.7969183968941,44.9486336649595,7.46679662559894));
#1748=CARTESIAN_POINT('Ctrl Pts',(38.7969183968941,44.6576733886276,-4.36504856673738));
#1749=CARTESIAN_POINT('Ctrl Pts',(38.4215701461854,44.7184879388648,-4.32963379212794));
#1750=CARTESIAN_POINT('Ctrl Pts',(38.0562118415221,44.7707929061916,-4.28020924333071));
#1751=CARTESIAN_POINT('Ctrl Pts',(37.342271869382,44.8557593666055,-4.15969216773853));
#1752=CARTESIAN_POINT('Ctrl Pts',(36.9936902019052,44.8884208596926,-4.08859964094359));
#1753=CARTESIAN_POINT('Ctrl Pts',(35.9683052728975,44.9530036649655,-3.85234744912902));
#1754=CARTESIAN_POINT('Ctrl Pts',(33.9989757085731,44.9485625795585,-3.28794461978087));
#1755=CARTESIAN_POINT('Ctrl Pts',(29.7048820356644,43.7825112680723,-1.86124747634384));
#1756=CARTESIAN_POINT('Ctrl Pts',(22.8929248454305,37.5550876994665,-2.55827045769651));
#1757=CARTESIAN_POINT('Ctrl Pts',(15.8603186476569,37.9940446723808,-2.63567041539141));
#1758=CARTESIAN_POINT('Ctrl Pts',(0.,37.9940446723808,-2.63567041539141));
#1759=CARTESIAN_POINT('Ctrl Pts',(-15.8603186476569,37.9940446723808,-2.63567041539141));
#1760=CARTESIAN_POINT('Ctrl Pts',(-22.8929248454305,37.5550876994665,-2.55827045769651));
#1761=CARTESIAN_POINT('Ctrl Pts',(-29.7048820356644,43.7825112680723,-1.86124747634384));
#1762=CARTESIAN_POINT('Ctrl Pts',(-33.9989757085731,44.9485625795585,-3.28794461978087));
#1763=CARTESIAN_POINT('Ctrl Pts',(-35.9683052728975,44.9530036649655,-3.85234744912902));
#1764=CARTESIAN_POINT('Ctrl Pts',(-36.9936902019052,44.8884208596926,-4.08859964094359));
#1765=CARTESIAN_POINT('Ctrl Pts',(-37.342271869382,44.8557593666055,-4.15969216773853));
#1766=CARTESIAN_POINT('Ctrl Pts',(-38.0562118415221,44.7707929061916,-4.28020924333071));
#1767=CARTESIAN_POINT('Ctrl Pts',(-38.4215701461854,44.7184879388648,-4.32963379212794));
#1768=CARTESIAN_POINT('Ctrl Pts',(-38.7969183968941,44.6576733886276,-4.36504856673738));
#1769=CARTESIAN_POINT('Ctrl Pts',(38.7969183968941,44.0757528359639,-28.02873895141));
#1770=CARTESIAN_POINT('Ctrl Pts',(38.4215701461854,44.1061299277839,-28.1169763516206));
#1771=CARTESIAN_POINT('Ctrl Pts',(38.0562118415221,44.1251439249669,-28.1933441114383));
#1772=CARTESIAN_POINT('Ctrl Pts',(37.3422718693821,44.1393670738251,-28.3259573052614));
#1773=CARTESIAN_POINT('Ctrl Pts',(36.9936902019052,44.1345762255003,-28.3822027392666));
#1774=CARTESIAN_POINT('Ctrl Pts',(35.9683052728975,44.0828784279137,-28.5261809850236));
#1775=CARTESIAN_POINT('Ctrl Pts',(33.9989757085731,43.8301818222911,-28.715105251502));
#1776=CARTESIAN_POINT('Ctrl Pts',(29.7048820356644,42.1048422123882,-28.7665271824519));
#1777=CARTESIAN_POINT('Ctrl Pts',(22.8929248454305,35.8774186437824,-29.4635501638046));
#1778=CARTESIAN_POINT('Ctrl Pts',(15.8603186476569,36.3163756166967,-29.5409501214995));
#1779=CARTESIAN_POINT('Ctrl Pts',(0.,36.3163756166967,-29.5409501214995));
#1780=CARTESIAN_POINT('Ctrl Pts',(-15.8603186476569,36.3163756166967,-29.5409501214995));
#1781=CARTESIAN_POINT('Ctrl Pts',(-22.8929248454305,35.8774186437824,-29.4635501638046));
#1782=CARTESIAN_POINT('Ctrl Pts',(-29.7048820356644,42.1048422123882,-28.7665271824519));
#1783=CARTESIAN_POINT('Ctrl Pts',(-33.9989757085731,43.8301818222911,-28.715105251502));
#1784=CARTESIAN_POINT('Ctrl Pts',(-35.9683052728975,44.0828784279137,-28.5261809850236));
#1785=CARTESIAN_POINT('Ctrl Pts',(-36.9936902019052,44.1345762255003,-28.3822027392666));
#1786=CARTESIAN_POINT('Ctrl Pts',(-37.3422718693821,44.1393670738251,-28.3259573052614));
#1787=CARTESIAN_POINT('Ctrl Pts',(-38.0562118415221,44.1251439249669,-28.1933441114383));
#1788=CARTESIAN_POINT('Ctrl Pts',(-38.4215701461854,44.1061299277839,-28.1169763516206));
#1789=CARTESIAN_POINT('Ctrl Pts',(-38.7969183968941,44.0757528359639,-28.02873895141));
#1790=CARTESIAN_POINT('Ctrl Pts',(38.7969183968941,31.3006814479328,-18.5329878619599));
#1791=CARTESIAN_POINT('Ctrl Pts',(38.4215701461854,31.3983759649063,-18.5640275577241));
#1792=CARTESIAN_POINT('Ctrl Pts',(38.0562118415221,31.4919331021676,-18.5926933851117));
#1793=CARTESIAN_POINT('Ctrl Pts',(37.342271869382,31.6659324831671,-18.6462270577325));
#1794=CARTESIAN_POINT('Ctrl Pts',(36.9936902019052,31.7463747269054,-18.6710949029658));
#1795=CARTESIAN_POINT('Ctrl Pts',(35.9683052728975,31.9607689166877,-18.741426097333));
#1796=CARTESIAN_POINT('Ctrl Pts',(33.9989757085731,32.2818271305226,-18.8649991207364));
#1797=CARTESIAN_POINT('Ctrl Pts',(29.7048820356644,31.8702805384124,-19.1134900043552));
#1798=CARTESIAN_POINT('Ctrl Pts',(22.8929248454305,25.6428569698067,-19.8105129857079));
#1799=CARTESIAN_POINT('Ctrl Pts',(15.8603186476569,27.237515111414,-24.6248580872393));
#1800=CARTESIAN_POINT('Ctrl Pts',(0.,27.237515111414,-24.6248580872393));
#1801=CARTESIAN_POINT('Ctrl Pts',(-15.8603186476569,27.237515111414,-24.6248580872394));
#1802=CARTESIAN_POINT('Ctrl Pts',(-22.8929248454305,25.6428569698067,-19.8105129857079));
#1803=CARTESIAN_POINT('Ctrl Pts',(-29.7048820356644,31.8702805384124,-19.1134900043553));
#1804=CARTESIAN_POINT('Ctrl Pts',(-33.9989757085731,32.2818271305226,-18.8649991207364));
#1805=CARTESIAN_POINT('Ctrl Pts',(-35.9683052728975,31.9607689166877,-18.741426097333));
#1806=CARTESIAN_POINT('Ctrl Pts',(-36.9936902019052,31.7463747269054,-18.6710949029658));
#1807=CARTESIAN_POINT('Ctrl Pts',(-37.3422718693821,31.6659324831671,-18.6462270577325));
#1808=CARTESIAN_POINT('Ctrl Pts',(-38.0562118415221,31.4919331021676,-18.5926933851117));
#1809=CARTESIAN_POINT('Ctrl Pts',(-38.4215701461854,31.3983759649063,-18.5640275577241));
#1810=CARTESIAN_POINT('Ctrl Pts',(-38.7969183968941,31.3006814479328,-18.5329878619598));
#1811=CARTESIAN_POINT('Ctrl Pts',(38.1586448150136,22.1572057501119,-20.2962213348922));
#1812=CARTESIAN_POINT('Ctrl Pts',(37.8423646287508,22.1370202106677,-20.3632540761041));
#1813=CARTESIAN_POINT('Ctrl Pts',(37.5286005611493,22.130495678282,-20.4229925850264));
#1814=CARTESIAN_POINT('Ctrl Pts',(36.9046690363052,22.137848911903,-20.5279724250849));
#1815=CARTESIAN_POINT('Ctrl Pts',(36.5945015790624,22.1517266779099,-20.5732137562212));
#1816=CARTESIAN_POINT('Ctrl Pts',(35.6672406824254,22.213583849933,-20.6873289131411));
#1817=CARTESIAN_POINT('Ctrl Pts',(33.8256847895168,22.4181936899901,-20.8291238810251));
#1818=CARTESIAN_POINT('Ctrl Pts',(29.4988896769483,22.8806290013702,-20.5625994750322));
#1819=CARTESIAN_POINT('Ctrl Pts',(22.5434203948199,20.1769654736001,-18.5188698956626));
#1820=CARTESIAN_POINT('Ctrl Pts',(15.5108141970463,21.6283151532661,-22.6804378835288));
#1821=CARTESIAN_POINT('Ctrl Pts',(1.11022302462516E-15,21.6283151532661,
-22.6804378835288));
#1822=CARTESIAN_POINT('Ctrl Pts',(-15.5108141970463,21.6283151532661,-22.6804378835288));
#1823=CARTESIAN_POINT('Ctrl Pts',(-22.5434203948199,20.1769654736001,-18.5188698956626));
#1824=CARTESIAN_POINT('Ctrl Pts',(-29.4988896769483,22.8806290013702,-20.5625994750322));
#1825=CARTESIAN_POINT('Ctrl Pts',(-33.8256847895168,22.4181936899901,-20.829123881025));
#1826=CARTESIAN_POINT('Ctrl Pts',(-35.6672406824254,22.213583849933,-20.6873289131411));
#1827=CARTESIAN_POINT('Ctrl Pts',(-36.5945015790624,22.1517266779099,-20.5732137562212));
#1828=CARTESIAN_POINT('Ctrl Pts',(-36.9046690363052,22.137848911903,-20.5279724250849));
#1829=CARTESIAN_POINT('Ctrl Pts',(-37.5286005611494,22.130495678282,-20.4229925850263));
#1830=CARTESIAN_POINT('Ctrl Pts',(-37.8423646287507,22.1370202106677,-20.3632540761041));
#1831=CARTESIAN_POINT('Ctrl Pts',(-38.1586448150136,22.1572057501119,-20.2962213348922));
#1832=CARTESIAN_POINT('Ctrl Pts',(38.6917946403012,17.8265794734969,-21.3157821144756));
#1833=CARTESIAN_POINT('Ctrl Pts',(38.3334442773389,17.7238854270432,-21.4093056281698));
#1834=CARTESIAN_POINT('Ctrl Pts',(37.9749571115416,17.6584444058405,-21.4877349024217));
#1835=CARTESIAN_POINT('Ctrl Pts',(37.2608218993766,17.584167605762,-21.6177728081299));
#1836=CARTESIAN_POINT('Ctrl Pts',(36.9051738530089,17.5753318268861,-21.6693814395862));
#1837=CARTESIAN_POINT('Ctrl Pts',(35.8471574806995,17.6068811414859,-21.7890281238959));
#1838=CARTESIAN_POINT('Ctrl Pts',(33.7668358032548,17.902206375595,-21.8876046522776));
#1839=CARTESIAN_POINT('Ctrl Pts',(29.4241982677949,18.7132169361644,-21.4154969016678));
#1840=CARTESIAN_POINT('Ctrl Pts',(22.3982100598999,17.6746643893239,-18.3431110418252));
#1841=CARTESIAN_POINT('Ctrl Pts',(15.37074295292,19.0929443404208,-21.9813529813054));
#1842=CARTESIAN_POINT('Ctrl Pts',(8.32667268468867E-16,19.0394409955468,
-21.8315436156581));
#1843=CARTESIAN_POINT('Ctrl Pts',(-15.37074295292,19.0929443404208,-21.9813529813054));
#1844=CARTESIAN_POINT('Ctrl Pts',(-22.3982100598999,17.6746643893239,-18.3431110418252));
#1845=CARTESIAN_POINT('Ctrl Pts',(-29.4241982677949,18.7132169361644,-21.4154969016678));
#1846=CARTESIAN_POINT('Ctrl Pts',(-33.7668358032549,17.902206375595,-21.8876046522776));
#1847=CARTESIAN_POINT('Ctrl Pts',(-35.8471574806994,17.6068811414859,-21.7890281238959));
#1848=CARTESIAN_POINT('Ctrl Pts',(-36.9051738530089,17.5753318268861,-21.6693814395862));
#1849=CARTESIAN_POINT('Ctrl Pts',(-37.2608218993766,17.584167605762,-21.6177728081299));
#1850=CARTESIAN_POINT('Ctrl Pts',(-37.9749571115416,17.6584444058405,-21.4877349024217));
#1851=CARTESIAN_POINT('Ctrl Pts',(-38.3334442773389,17.7238854270432,-21.4093056281698));
#1852=CARTESIAN_POINT('Ctrl Pts',(-38.6917946403012,17.8265794734969,-21.3157821144756));
#1853=CARTESIAN_POINT('Ctrl Pts',(39.0045537808807,16.335997676003,-21.6435796935625));
#1854=CARTESIAN_POINT('Ctrl Pts',(38.6183735571992,16.2029412716123,-21.7454943262432));
#1855=CARTESIAN_POINT('Ctrl Pts',(38.2287001274137,16.1230751820816,-21.8284190455397));
#1856=CARTESIAN_POINT('Ctrl Pts',(37.4532868904012,16.0374173321321,-21.9627004218674));
#1857=CARTESIAN_POINT('Ctrl Pts',(37.0675470831743,16.0316255717132,-22.0140570788985));
#1858=CARTESIAN_POINT('Ctrl Pts',(35.932608147481,16.0769023332112,-22.1303926033475));
#1859=CARTESIAN_POINT('Ctrl Pts',(33.7518522200452,16.4180640272261,-22.2121258656682));
#1860=CARTESIAN_POINT('Ctrl Pts',(29.4040185931112,17.3360045246734,-21.6809655041871));
#1861=CARTESIAN_POINT('Ctrl Pts',(22.3547302633242,16.8363607982282,-18.3226475508348));
#1862=CARTESIAN_POINT('Ctrl Pts',(15.3298327017411,18.2548636784052,-21.7733618303602));
#1863=CARTESIAN_POINT('Ctrl Pts',(-1.11022302462516E-15,18.1746086610941,
-21.5486477818892));
#1864=CARTESIAN_POINT('Ctrl Pts',(-15.3298327017411,18.2548636784052,-21.7733618303602));
#1865=CARTESIAN_POINT('Ctrl Pts',(-22.3547302633241,16.8363607982282,-18.3226475508348));
#1866=CARTESIAN_POINT('Ctrl Pts',(-29.4040185931112,17.3360045246734,-21.6809655041871));
#1867=CARTESIAN_POINT('Ctrl Pts',(-33.7518522200452,16.4180640272261,-22.2121258656682));
#1868=CARTESIAN_POINT('Ctrl Pts',(-35.932608147481,16.0769023332112,-22.1303926033475));
#1869=CARTESIAN_POINT('Ctrl Pts',(-37.0675470831743,16.0316255717132,-22.0140570788985));
#1870=CARTESIAN_POINT('Ctrl Pts',(-37.4532868904012,16.0374173321321,-21.9627004218674));
#1871=CARTESIAN_POINT('Ctrl Pts',(-38.2287001274137,16.1230751820816,-21.8284190455397));
#1872=CARTESIAN_POINT('Ctrl Pts',(-38.6183735571992,16.2029412716123,-21.7454943262432));
#1873=CARTESIAN_POINT('Ctrl Pts',(-39.0045537808807,16.335997676003,-21.6435796935625));
#1874=CARTESIAN_POINT('Ctrl Pts',(39.4074344073039,14.7745826246866,-21.9523493126742));
#1875=CARTESIAN_POINT('Ctrl Pts',(38.9842400117699,14.6101778285665,-22.0615573526562));
#1876=CARTESIAN_POINT('Ctrl Pts',(38.5532389481629,14.5352764613261,-22.1409207694042));
#1877=CARTESIAN_POINT('Ctrl Pts',(37.6884218814385,14.4683639795008,-22.2738885735613));
#1878=CARTESIAN_POINT('Ctrl Pts',(37.2557419070696,14.4795510618079,-22.3234680181234));
#1879=CARTESIAN_POINT('Ctrl Pts',(36.0222792358739,14.5597124133714,-22.4323158107429));
#1880=CARTESIAN_POINT('Ctrl Pts',(33.7400926198521,14.9526778426915,-22.4982105919575));
#1881=CARTESIAN_POINT('Ctrl Pts',(29.3871975809832,15.9719398650956,-21.9153317222846));
#1882=CARTESIAN_POINT('Ctrl Pts',(22.3151008210449,15.9924927729407,-18.31228124608));
#1883=CARTESIAN_POINT('Ctrl Pts',(15.2932867139381,17.4202599115689,-21.5771851753988));
#1884=CARTESIAN_POINT('Ctrl Pts',(-1.66533453693773E-15,17.3079028873334,
-21.2625855075394));
#1885=CARTESIAN_POINT('Ctrl Pts',(-15.2932867139381,17.4202599115689,-21.5771851753988));
#1886=CARTESIAN_POINT('Ctrl Pts',(-22.3151008210449,15.9924927729407,-18.31228124608));
#1887=CARTESIAN_POINT('Ctrl Pts',(-29.3871975809832,15.9719398650956,-21.9153317222846));
#1888=CARTESIAN_POINT('Ctrl Pts',(-33.7400926198521,14.9526778426915,-22.4982105919575));
#1889=CARTESIAN_POINT('Ctrl Pts',(-36.0222792358739,14.5597124133714,-22.4323158107429));
#1890=CARTESIAN_POINT('Ctrl Pts',(-37.2557419070696,14.4795510618079,-22.3234680181234));
#1891=CARTESIAN_POINT('Ctrl Pts',(-37.6884218814385,14.4683639795008,-22.2738885735613));
#1892=CARTESIAN_POINT('Ctrl Pts',(-38.5532389481629,14.5352764613261,-22.1409207694042));
#1893=CARTESIAN_POINT('Ctrl Pts',(-38.9842400117699,14.6101778285665,-22.0615573526562));
#1894=CARTESIAN_POINT('Ctrl Pts',(-39.4074344073039,14.7745826246866,-21.9523493126742));
#1895=CARTESIAN_POINT('Ctrl Pts',(39.6745170395064,13.9295914843451,-22.0866130784808));
#1896=CARTESIAN_POINT('Ctrl Pts',(39.2213069046867,13.7758252413604,-22.1936181296235));
#1897=CARTESIAN_POINT('Ctrl Pts',(38.750906260976,13.7151623524499,-22.2830804217095));
#1898=CARTESIAN_POINT('Ctrl Pts',(37.8273243769635,13.6726857636845,-22.4126129183863));
#1899=CARTESIAN_POINT('Ctrl Pts',(37.3709245915794,13.6941916453086,-22.4596787643318));
#1900=CARTESIAN_POINT('Ctrl Pts',(36.0692249908759,13.8075118976689,-22.5635567784126));
#1901=CARTESIAN_POINT('Ctrl Pts',(33.7358248112638,14.2293628323414,-22.6220347115514));
#1902=CARTESIAN_POINT('Ctrl Pts',(29.380466406197,15.2964814112633,-22.0169636391224));
#1903=CARTESIAN_POINT('Ctrl Pts',(22.2972112770535,15.5677765432012,-18.3121466868204));
#1904=CARTESIAN_POINT('Ctrl Pts',(15.2771958517245,17.0046964757405,-21.48500409591));
#1905=CARTESIAN_POINT('Ctrl Pts',(-1.11022302462516E-15,16.8736132807991,
-21.117971150074));
#1906=CARTESIAN_POINT('Ctrl Pts',(-15.2771958517245,17.0046964757405,-21.48500409591));
#1907=CARTESIAN_POINT('Ctrl Pts',(-22.2972112770535,15.5677765432011,-18.3121466868204));
#1908=CARTESIAN_POINT('Ctrl Pts',(-29.380466406197,15.2964814112633,-22.0169636391225));
#1909=CARTESIAN_POINT('Ctrl Pts',(-33.7358248112638,14.2293628323414,-22.6220347115514));
#1910=CARTESIAN_POINT('Ctrl Pts',(-36.0692249908759,13.8075118976689,-22.5635567784126));
#1911=CARTESIAN_POINT('Ctrl Pts',(-37.3709245915794,13.6941916453086,-22.4596787643318));
#1912=CARTESIAN_POINT('Ctrl Pts',(-37.8273243769635,13.6726857636845,-22.4126129183864));
#1913=CARTESIAN_POINT('Ctrl Pts',(-38.750906260976,13.7151623524499,-22.2830804217096));
#1914=CARTESIAN_POINT('Ctrl Pts',(-39.2213069046867,13.7758252413604,-22.1936181296236));
#1915=CARTESIAN_POINT('Ctrl Pts',(-39.6745170395064,13.9295914843451,-22.0866130784808));
#1916=CARTESIAN_POINT('Ctrl Pts',(40.3399669418932,12.1110419742959,-22.3148985225954));
#1917=CARTESIAN_POINT('Ctrl Pts',(39.7549949813185,12.0521122685381,-22.4140361982863));
#1918=CARTESIAN_POINT('Ctrl Pts',(39.1882691487503,12.061761629722,-22.4976027486505));
#1919=CARTESIAN_POINT('Ctrl Pts',(38.1021622680122,12.0986916836225,-22.6205865851257));
#1920=CARTESIAN_POINT('Ctrl Pts',(37.58923630195,12.1475504600046,-22.6644838580593));
#1921=CARTESIAN_POINT('Ctrl Pts',(36.1588181437574,12.3258942625297,-22.7600904650394));
#1922=CARTESIAN_POINT('Ctrl Pts',(33.7314207873481,12.809651761095,-22.8069628317163));
#1923=CARTESIAN_POINT('Ctrl Pts',(29.3713626508855,13.9658975356362,-22.1674379738009));
#1924=CARTESIAN_POINT('Ctrl Pts',(22.2666710734651,14.7093168301739,-18.3130105439611));
#1925=CARTESIAN_POINT('Ctrl Pts',(15.2508525722842,16.1770019233095,-21.311752354002));
#1926=CARTESIAN_POINT('Ctrl Pts',(0.,16.0022243300543,-20.8223750928874));
#1927=CARTESIAN_POINT('Ctrl Pts',(-15.2508525722842,16.1770019233095,-21.311752354002));
#1928=CARTESIAN_POINT('Ctrl Pts',(-22.2666710734651,14.7093168301739,-18.3130105439611));
#1929=CARTESIAN_POINT('Ctrl Pts',(-29.3713626508855,13.9658975356362,-22.1674379738009));
#1930=CARTESIAN_POINT('Ctrl Pts',(-33.7314207873481,12.809651761095,-22.8069628317164));
#1931=CARTESIAN_POINT('Ctrl Pts',(-36.1588181437574,12.3258942625297,-22.7600904650394));
#1932=CARTESIAN_POINT('Ctrl Pts',(-37.5892363019501,12.1475504600046,-22.6644838580593));
#1933=CARTESIAN_POINT('Ctrl Pts',(-38.1021622680123,12.0986916836225,-22.6205865851257));
#1934=CARTESIAN_POINT('Ctrl Pts',(-39.1882691487503,12.061761629722,-22.4976027486505));
#1935=CARTESIAN_POINT('Ctrl Pts',(-39.7549949813185,12.0521122685381,-22.4140361982863));
#1936=CARTESIAN_POINT('Ctrl Pts',(-40.3399669418932,12.1110419742959,-22.3148985225954));
#1937=CARTESIAN_POINT('Ctrl Pts',(40.7383342120775,11.1374836045881,-22.4089202009035));
#1938=CARTESIAN_POINT('Ctrl Pts',(40.113693933263,11.1421424439573,-22.5001444135937));
#1939=CARTESIAN_POINT('Ctrl Pts',(39.4360570805779,11.2404088074826,-22.5717967048381));
#1940=CARTESIAN_POINT('Ctrl Pts',(38.2412247630967,11.3185944545667,-22.6905436928348));
#1941=CARTESIAN_POINT('Ctrl Pts',(37.6840846167906,11.3803801965645,-22.7363315633099));
#1942=CARTESIAN_POINT('Ctrl Pts',(36.2014655416369,11.596477143093,-22.8253831839967));
#1943=CARTESIAN_POINT('Ctrl Pts',(33.7312845720206,12.1132557001988,-22.8680668322874));
#1944=CARTESIAN_POINT('Ctrl Pts',(29.3689900703602,13.3107721138413,-22.2162803916414));
#1945=CARTESIAN_POINT('Ctrl Pts',(22.2540204138679,14.2755733468862,-18.3140089603615));
#1946=CARTESIAN_POINT('Ctrl Pts',(15.2406001550575,15.7648708067069,-21.2306816915828));
#1947=CARTESIAN_POINT('Ctrl Pts',(0.,15.5651249858438,-20.6713933931662));
#1948=CARTESIAN_POINT('Ctrl Pts',(-15.2406001550575,15.7648708067069,-21.2306816915828));
#1949=CARTESIAN_POINT('Ctrl Pts',(-22.2540204138679,14.2755733468862,-18.3140089603615));
#1950=CARTESIAN_POINT('Ctrl Pts',(-29.3689900703601,13.3107721138413,-22.2162803916414));
#1951=CARTESIAN_POINT('Ctrl Pts',(-33.7312845720206,12.1132557001987,-22.8680668322874));
#1952=CARTESIAN_POINT('Ctrl Pts',(-36.2014655416369,11.596477143093,-22.8253831839967));
#1953=CARTESIAN_POINT('Ctrl Pts',(-37.6840846167907,11.3803801965645,-22.7363315633099));
#1954=CARTESIAN_POINT('Ctrl Pts',(-38.2412247630967,11.3185944545667,-22.6905436928348));
#1955=CARTESIAN_POINT('Ctrl Pts',(-39.436057080578,11.2404088074826,-22.5717967048381));
#1956=CARTESIAN_POINT('Ctrl Pts',(-40.113693933263,11.1421424439573,-22.5001444135937));
#1957=CARTESIAN_POINT('Ctrl Pts',(-40.7383342120775,11.1374836045881,-22.4089202009035));
#1958=CARTESIAN_POINT('Ctrl Pts',(41.1645216698882,10.2866590123097,-22.4151867710698));
#1959=CARTESIAN_POINT('Ctrl Pts',(40.4397682797587,10.3137217247715,-22.5070771356812));
#1960=CARTESIAN_POINT('Ctrl Pts',(39.685235467993,10.3886300060212,-22.5865623683979));
#1961=CARTESIAN_POINT('Ctrl Pts',(38.34227227126,10.5454264580877,-22.7118366069962));
#1962=CARTESIAN_POINT('Ctrl Pts',(37.7538418862927,10.6273146289043,-22.7576256128777));
#1963=CARTESIAN_POINT('Ctrl Pts',(36.2377043715882,10.8834489757048,-22.8444482902696));
#1964=CARTESIAN_POINT('Ctrl Pts',(33.7336679584457,11.4344005068392,-22.8856689573864));
#1965=CARTESIAN_POINT('Ctrl Pts',(29.3692967528179,12.6694058481274,-22.2278845026956));
#1966=CARTESIAN_POINT('Ctrl Pts',(22.2446834615168,13.8355848271462,-18.3110917593042));
#1967=CARTESIAN_POINT('Ctrl Pts',(15.2340040511297,15.3544335617405,-21.1548141982414));
#1968=CARTESIAN_POINT('Ctrl Pts',(0.,15.1261526236112,-20.5156275714795));
#1969=CARTESIAN_POINT('Ctrl Pts',(-15.2340040511297,15.3544335617405,-21.1548141982414));
#1970=CARTESIAN_POINT('Ctrl Pts',(-22.2446834615168,13.8355848271462,-18.3110917593042));
#1971=CARTESIAN_POINT('Ctrl Pts',(-29.3692967528179,12.6694058481274,-22.2278845026956));
#1972=CARTESIAN_POINT('Ctrl Pts',(-33.7336679584457,11.4344005068392,-22.8856689573864));
#1973=CARTESIAN_POINT('Ctrl Pts',(-36.2377043715882,10.8834489757047,-22.8444482902696));
#1974=CARTESIAN_POINT('Ctrl Pts',(-37.7538418862927,10.6273146289043,-22.7576256128777));
#1975=CARTESIAN_POINT('Ctrl Pts',(-38.3422722712601,10.5454264580877,-22.7118366069962));
#1976=CARTESIAN_POINT('Ctrl Pts',(-39.6852354679931,10.3886300060212,-22.5865623683979));
#1977=CARTESIAN_POINT('Ctrl Pts',(-40.4397682797587,10.3137217247715,-22.5070771356812));
#1978=CARTESIAN_POINT('Ctrl Pts',(-41.1645216698882,10.2866590123097,-22.4151867710698));
#1979=CARTESIAN_POINT('',(38.7969183968941,44.394004079021,-7.));
#1980=CARTESIAN_POINT('',(-38.7969183968941,44.394004079021,-7.));
#1981=CARTESIAN_POINT('Ctrl Pts',(38.7969183968941,44.394004079021,-7.));
#1982=CARTESIAN_POINT('Ctrl Pts',(37.803922193629,44.5441495383952,-7.));
#1983=CARTESIAN_POINT('Ctrl Pts',(36.7784030341477,44.6416544388144,-7.));
#1984=CARTESIAN_POINT('Ctrl Pts',(34.8232553914146,44.589043816902,-7.));
#1985=CARTESIAN_POINT('Ctrl Pts',(33.9206887796506,44.4585595898466,-7.));
#1986=CARTESIAN_POINT('Ctrl Pts',(31.0535593263088,43.6213860097935,-7.));
#1987=CARTESIAN_POINT('Ctrl Pts',(29.466978019259,42.529804829183,-7.));
#1988=CARTESIAN_POINT('Ctrl Pts',(26.0858038653348,40.1453961517662,-7.));
#1989=CARTESIAN_POINT('Ctrl Pts',(24.6795972140258,39.1400891788578,-7.00000000000043));
#1990=CARTESIAN_POINT('Ctrl Pts',(21.9934690454358,37.840946622585,-7.00000000000043));
#1991=CARTESIAN_POINT('Ctrl Pts',(20.7112732679281,37.5339882316226,-7.));
#1992=CARTESIAN_POINT('Ctrl Pts',(17.1167003817807,37.3375095236417,-7.));
#1993=CARTESIAN_POINT('Ctrl Pts',(16.7915112983076,37.4718473521141,-7.));
#1994=CARTESIAN_POINT('Ctrl Pts',(4.64386644044733,37.552104428751,-7.));
#1995=CARTESIAN_POINT('Ctrl Pts',(-5.75505058925733,37.5600620121034,-7.));
#1996=CARTESIAN_POINT('Ctrl Pts',(-15.6055130927049,37.4627185161448,-7.));
#1997=CARTESIAN_POINT('Ctrl Pts',(-16.7533596126224,37.3833787957088,-7.00000000015634));
#1998=CARTESIAN_POINT('Ctrl Pts',(-19.5464518163416,37.4356585279993,-7.00000000015634));
#1999=CARTESIAN_POINT('Ctrl Pts',(-20.7653309773231,37.5616434191131,-7.));
#2000=CARTESIAN_POINT('Ctrl Pts',(-24.5900171539332,38.774272192679,-7.));
#2001=CARTESIAN_POINT('Ctrl Pts',(-27.2500692509854,41.1024032624781,-7.));
#2002=CARTESIAN_POINT('Ctrl Pts',(-30.86931908434,43.3649821501019,-7.));
#2003=CARTESIAN_POINT('Ctrl Pts',(-32.1262914691753,44.0207276633089,-7.));
#2004=CARTESIAN_POINT('Ctrl Pts',(-35.2754695761233,44.7178948879597,-7.));
#2005=CARTESIAN_POINT('Ctrl Pts',(-36.9065987271098,44.6798288528225,-7.));
#2006=CARTESIAN_POINT('Ctrl Pts',(-38.7969183968941,44.394004079021,-7.));
#2007=CARTESIAN_POINT('',(38.4528109820677,19.9882072594734,-20.812860415189));
#2008=CARTESIAN_POINT('Ctrl Pts',(38.7969183968941,44.394004079021,-7.));
#2009=CARTESIAN_POINT('Ctrl Pts',(38.7969183968941,43.9767220271341,-13.000240389766));
#2010=CARTESIAN_POINT('Ctrl Pts',(38.7969183968941,41.9070758375283,-26.4167544587164));
#2011=CARTESIAN_POINT('Ctrl Pts',(38.7969183968941,31.3006814479328,-18.5329878619599));
#2012=CARTESIAN_POINT('Ctrl Pts',(38.2077427828505,22.8605500345596,-20.1605879908205));
#2013=CARTESIAN_POINT('Ctrl Pts',(38.4528109820677,19.9882072594734,-20.812860415189));
#2014=CARTESIAN_POINT('Ctrl Pts',(38.4528109820677,19.9882072594734,-20.812860415189));
#2015=CARTESIAN_POINT('Ctrl Pts',(38.514078031872,19.2701215657019,-20.9759285212811));
#2016=CARTESIAN_POINT('Ctrl Pts',(38.6917946403012,17.8265794734969,-21.3157821144756));
#2017=CARTESIAN_POINT('Ctrl Pts',(39.0045537808807,16.335997676003,-21.6435796935625));
#2018=CARTESIAN_POINT('Ctrl Pts',(39.4074344073039,14.7745826246866,-21.9523493126742));
#2019=CARTESIAN_POINT('Ctrl Pts',(39.6745170395064,13.9295914843451,-22.0866130784808));
#2020=CARTESIAN_POINT('Ctrl Pts',(40.3399669418932,12.1110419742959,-22.3148985225954));
#2021=CARTESIAN_POINT('Ctrl Pts',(40.7383342120775,11.1374836045881,-22.4089202009035));
#2022=CARTESIAN_POINT('Ctrl Pts',(41.1645216698882,10.2866590123097,-22.4151867710698));
#2023=CARTESIAN_POINT('',(-38.4528109820677,19.9882072594734,-20.812860415189));
#2024=CARTESIAN_POINT('Ctrl Pts',(-41.1645216698882,10.2866590123097,-22.4151867710698));
#2025=CARTESIAN_POINT('Ctrl Pts',(-40.7383342120775,11.1374836045881,-22.4089202009035));
#2026=CARTESIAN_POINT('Ctrl Pts',(-40.3399669418932,12.1110419742959,-22.3148985225954));
#2027=CARTESIAN_POINT('Ctrl Pts',(-39.6745170395064,13.9295914843451,-22.0866130784808));
#2028=CARTESIAN_POINT('Ctrl Pts',(-39.4074344073039,14.7745826246866,-21.9523493126742));
#2029=CARTESIAN_POINT('Ctrl Pts',(-39.0045537808807,16.335997676003,-21.6435796935625));
#2030=CARTESIAN_POINT('Ctrl Pts',(-38.6917946403012,17.8265794734969,-21.3157821144756));
#2031=CARTESIAN_POINT('Ctrl Pts',(-38.514078031872,19.2701215657019,-20.9759285212811));
#2032=CARTESIAN_POINT('Ctrl Pts',(-38.4528109820677,19.9882072594734,-20.812860415189));
#2033=CARTESIAN_POINT('Ctrl Pts',(-38.4528109820677,19.9882072594734,-20.812860415189));
#2034=CARTESIAN_POINT('Ctrl Pts',(-38.2077427828506,22.8605500345596,-20.1605879908205));
#2035=CARTESIAN_POINT('Ctrl Pts',(-38.7969183968941,31.3006814479328,-18.5329878619598));
#2036=CARTESIAN_POINT('Ctrl Pts',(-38.7969183968941,41.9070758375283,-26.4167544587164));
#2037=CARTESIAN_POINT('Ctrl Pts',(-38.7969183968941,43.9767220271341,-13.000240389766));
#2038=CARTESIAN_POINT('Ctrl Pts',(-38.7969183968941,44.394004079021,-7.));
#2039=CARTESIAN_POINT('',(27.2879400072571,39.8646638134542,-15.));
#2040=CARTESIAN_POINT('',(23.6527590118276,37.5534126934858,-15.));
#2041=CARTESIAN_POINT('Ctrl Pts',(27.2879400072571,39.8646638134542,-15.));
#2042=CARTESIAN_POINT('Ctrl Pts',(27.0629242446412,39.7558333157942,-14.7509166021822));
#2043=CARTESIAN_POINT('Ctrl Pts',(26.7581300635926,39.5970043194751,-14.454045666951));
#2044=CARTESIAN_POINT('Ctrl Pts',(26.1674991514063,39.2500009281714,-14.1217482492905));
#2045=CARTESIAN_POINT('Ctrl Pts',(25.9320765555,39.1042539367811,-14.0385463287706));
#2046=CARTESIAN_POINT('Ctrl Pts',(25.4129508578275,38.7697199716807,-13.9809404115405));
#2047=CARTESIAN_POINT('Ctrl Pts',(25.1474857496477,38.5913952810125,-14.0227446888657));
#2048=CARTESIAN_POINT('Ctrl Pts',(24.4762433320871,38.1320259425654,-14.2755668173915));
#2049=CARTESIAN_POINT('Ctrl Pts',(24.0664027629856,37.8427226702915,-14.5791795474433));
#2050=CARTESIAN_POINT('Ctrl Pts',(23.6527590118276,37.5534126934858,-15.));
#2051=CARTESIAN_POINT('Ctrl Pts',(23.6527590118276,37.5534126934858,-15.));
#2052=CARTESIAN_POINT('Ctrl Pts',(24.879316524024,38.1766077809908,-15.));
#2053=CARTESIAN_POINT('Ctrl Pts',(26.0815110925887,39.0182246570315,-15.));
#2054=CARTESIAN_POINT('Ctrl Pts',(27.2879400072571,39.8646638134542,-15.));
#2055=CARTESIAN_POINT('',(-22.4262613293092,37.0201772509944,-15.));
#2056=CARTESIAN_POINT('',(-27.9279546201963,40.3134127285896,-15.));
#2057=CARTESIAN_POINT('Ctrl Pts',(-22.4262613293092,37.0201772509944,-15.));
#2058=CARTESIAN_POINT('Ctrl Pts',(-22.8651457571461,37.3189352010711,-14.2310917534081));
#2059=CARTESIAN_POINT('Ctrl Pts',(-23.3317909780116,37.6487006166669,-13.4747766488843));
#2060=CARTESIAN_POINT('Ctrl Pts',(-24.0542594860375,38.1533350038968,-12.7049565842574));
#2061=CARTESIAN_POINT('Ctrl Pts',(-24.2910263425407,38.3180330388379,-12.4964087099856));
#2062=CARTESIAN_POINT('Ctrl Pts',(-24.7230488252717,38.6118813507233,-12.2544060968253));
#2063=CARTESIAN_POINT('Ctrl Pts',(-24.909372125102,38.7368562898302,-12.185827721124));
#2064=CARTESIAN_POINT('Ctrl Pts',(-25.2963335464157,38.9893027536882,-12.1421494822543));
#2065=CARTESIAN_POINT('Ctrl Pts',(-25.4848614723071,39.1089726215644,-12.1662880353674));
#2066=CARTESIAN_POINT('Ctrl Pts',(-25.910628029723,39.3693223178417,-12.3213807347856));
#2067=CARTESIAN_POINT('Ctrl Pts',(-26.1308172680525,39.4966297491658,-12.4744024939675));
#2068=CARTESIAN_POINT('Ctrl Pts',(-26.7787208065756,39.8507477947316,-13.0698691844469));
#2069=CARTESIAN_POINT('Ctrl Pts',(-27.253194716677,40.0872255447001,-13.7598112102158));
#2070=CARTESIAN_POINT('Ctrl Pts',(-27.9279546201963,40.3134127285896,-15.));
#2071=CARTESIAN_POINT('Ctrl Pts',(-27.9279546201963,40.3134127285896,-15.));
#2072=CARTESIAN_POINT('Ctrl Pts',(-27.2194198139698,39.8181925484145,-15.));
#2073=CARTESIAN_POINT('Ctrl Pts',(-26.5082427246985,39.3117279398575,-15.));
#2074=CARTESIAN_POINT('Ctrl Pts',(-24.4347172765645,37.9290208642314,-15.));
#2075=CARTESIAN_POINT('Ctrl Pts',(-23.4328368756493,37.3805566424943,-15.));
#2076=CARTESIAN_POINT('Ctrl Pts',(-22.4262613293092,37.0201772509944,-15.));
#2077=CARTESIAN_POINT('Ctrl Pts',(38.7969183968941,44.9486336649595,7.46679662559894));
#2078=CARTESIAN_POINT('Ctrl Pts',(38.7969183968941,44.6576733886276,-4.36504856673738));
#2079=CARTESIAN_POINT('Ctrl Pts',(38.7969183968941,44.2212329741298,-22.1128163552418));
#2080=CARTESIAN_POINT('Ctrl Pts',(38.7969183968942,36.4107100031452,-22.3312882977399));
#2081=CARTESIAN_POINT('Ctrl Pts',(38.6496244933832,30.4681557333926,-19.88946300312));
#2082=CARTESIAN_POINT('Ctrl Pts',(38.4286836381169,26.3449760992753,-19.787631719734));
#2083=CARTESIAN_POINT('Ctrl Pts',(38.3703534488125,24.9507498568104,-19.9131518737465));
#2084=CARTESIAN_POINT('Ctrl Pts',(38.3355230165987,23.5474557024274,-20.0963991264761));
#2085=CARTESIAN_POINT('Ctrl Pts',(38.3298576790371,22.8412746692768,-20.2168863021995));
#2086=CARTESIAN_POINT('Ctrl Pts',(38.3578681368694,21.4206932946856,-20.4935828935098));
#2087=CARTESIAN_POINT('Ctrl Pts',(38.3915439322634,20.706292953245,-20.6497923090969));
#2088=CARTESIAN_POINT('Ctrl Pts',(38.4528109820677,19.9882072594734,-20.812860415189));
#2089=CARTESIAN_POINT('Ctrl Pts',(39.1722666476029,44.8726003855136,7.36955576357949));
#2090=CARTESIAN_POINT('Ctrl Pts',(39.1722666476029,44.5968588383904,-4.40046334134682));
#2091=CARTESIAN_POINT('Ctrl Pts',(39.172266647603,44.1832465177055,-22.0554919987363));
#2092=CARTESIAN_POINT('Ctrl Pts',(39.1722666476029,36.3399424562331,-22.2773695201971));
#2093=CARTESIAN_POINT('Ctrl Pts',(39.0113416522968,30.404396048877,-19.8443974495002));
#2094=CARTESIAN_POINT('Ctrl Pts',(38.7699541593377,26.316972242787,-19.7343968628311));
#2095=CARTESIAN_POINT('Ctrl Pts',(38.7059835784957,24.9387097458783,-19.8554574839041));
#2096=CARTESIAN_POINT('Ctrl Pts',(38.6674451919819,23.5533522119477,-20.0334468686867));
#2097=CARTESIAN_POINT('Ctrl Pts',(38.6608920958891,22.8571259264715,-20.1509059429328));
#2098=CARTESIAN_POINT('Ctrl Pts',(38.6904043339542,21.4583772289146,-20.4208178771962));
#2099=CARTESIAN_POINT('Ctrl Pts',(38.7264696681121,20.7558548168339,-20.5732707372135));
#2100=CARTESIAN_POINT('Ctrl Pts',(38.7924373353566,20.0505837966598,-20.7322530011473));
#2101=CARTESIAN_POINT('Ctrl Pts',(39.9429430411115,44.7063681725279,7.20523372171115));
#2102=CARTESIAN_POINT('Ctrl Pts',(39.9429430411116,44.4582105720953,-4.4432733421901));
#2103=CARTESIAN_POINT('Ctrl Pts',(39.9429430411116,44.0859741714463,-21.916033938042));
#2104=CARTESIAN_POINT('Ctrl Pts',(39.9429430411116,36.1843520310447,-22.1571876107453));
#2105=CARTESIAN_POINT('Ctrl Pts',(39.7513064034224,30.2753714174843,-19.7453485139132));
#2106=CARTESIAN_POINT('Ctrl Pts',(39.4638514468886,26.2728650847596,-19.6170272806947));
#2107=CARTESIAN_POINT('Ctrl Pts',(39.3866410011623,24.9325277537407,-19.7277129121638));
#2108=CARTESIAN_POINT('Ctrl Pts',(39.3386849084259,23.5902342641901,-19.8932198196411));
#2109=CARTESIAN_POINT('Ctrl Pts',(39.3293340385526,22.918109440149,-20.003383911384));
#2110=CARTESIAN_POINT('Ctrl Pts',(39.3598370682268,21.5730317517255,-20.2566249589488));
#2111=CARTESIAN_POINT('Ctrl Pts',(39.3996909677742,20.900078887343,-20.3997019147708));
#2112=CARTESIAN_POINT('Ctrl Pts',(39.4741224602474,20.227276061885,-20.5482810966677));
#2113=CARTESIAN_POINT('Ctrl Pts',(40.749381183441,44.5131572910817,7.09342523879524));
#2114=CARTESIAN_POINT('Ctrl Pts',(40.7484775501393,44.2887033227259,-4.43897956672934));
#2115=CARTESIAN_POINT('Ctrl Pts',(40.7471221001866,43.9520223701922,-21.7375867750162));
#2116=CARTESIAN_POINT('Ctrl Pts',(40.7494524327528,35.998699705195,-22.0187322962105));
#2117=CARTESIAN_POINT('Ctrl Pts',(40.5223791609104,30.1239335006108,-19.6375764597349));
#2118=CARTESIAN_POINT('Ctrl Pts',(40.1800304098862,26.2124689942465,-19.4940032560015));
#2119=CARTESIAN_POINT('Ctrl Pts',(40.0836258110064,24.9176671188192,-19.5945156881286));
#2120=CARTESIAN_POINT('Ctrl Pts',(40.0176639682415,23.6315484503067,-19.7471406855883));
#2121=CARTESIAN_POINT('Ctrl Pts',(39.9999044249164,22.9928307195078,-19.8495094669844));
#2122=CARTESIAN_POINT('Ctrl Pts',(40.0203742475123,21.7249693894583,-20.0832235756863));
#2123=CARTESIAN_POINT('Ctrl Pts',(40.0586036134334,21.0958257902077,-20.214568902992));
#2124=CARTESIAN_POINT('Ctrl Pts',(40.1376005105432,20.4719147190482,-20.3488344935411));
#2125=CARTESIAN_POINT('Ctrl Pts',(41.5716011825004,44.3071333952691,7.00397063266121));
#2126=CARTESIAN_POINT('Ctrl Pts',(41.568890282595,44.105356256103,-4.41560156334011));
#2127=CARTESIAN_POINT('Ctrl Pts',(41.5648239327369,43.8026905473538,-21.5449598573421));
#2128=CARTESIAN_POINT('Ctrl Pts',(41.5718149304357,35.7970408100482,-21.8743479309591));
#2129=CARTESIAN_POINT('Ctrl Pts',(41.3080294914626,29.9515875606176,-19.5299991153124));
#2130=CARTESIAN_POINT('Ctrl Pts',(40.9071348032209,26.1238834162984,-19.3762246570823));
#2131=CARTESIAN_POINT('Ctrl Pts',(40.787540844728,24.8762296113872,-19.4682216038542));
#2132=CARTESIAN_POINT('Ctrl Pts',(40.6969870057512,23.6522057370955,-19.6095319999948));
#2133=CARTESIAN_POINT('Ctrl Pts',(40.6664528286833,23.0510243578199,-19.7042184491016));
#2134=CARTESIAN_POINT('Ctrl Pts',(40.664785904471,21.8708804658005,-19.9197438244449));
#2135=CARTESIAN_POINT('Ctrl Pts',(40.6966533173546,21.297556643995,-20.038627047067));
#2136=CARTESIAN_POINT('Ctrl Pts',(40.777254608161,20.732122039195,-20.1568999346773));
#2137=CARTESIAN_POINT('Ctrl Pts',(41.9906021103949,44.1977149401797,6.97042026798513));
#2138=CARTESIAN_POINT('Ctrl Pts',(41.9865357605369,44.0067628141648,-4.39437044768126));
#2139=CARTESIAN_POINT('Ctrl Pts',(41.9804362357497,43.7203346251423,-21.4415565211808));
#2140=CARTESIAN_POINT('Ctrl Pts',(41.9909227322979,35.6882080778262,-21.799191222975));
#2141=CARTESIAN_POINT('Ctrl Pts',(41.7081434432709,29.8549605790613,-19.4763077979791));
#2142=CARTESIAN_POINT('Ctrl Pts',(41.2761497150568,26.0654958836069,-19.3199580705095));
#2143=CARTESIAN_POINT('Ctrl Pts',(41.1429634735275,24.8422224214159,-19.4085261315974));
#2144=CARTESIAN_POINT('Ctrl Pts',(41.0370431960156,23.6512215233865,-19.5443374077799));
#2145=CARTESIAN_POINT('Ctrl Pts',(40.9977160392684,23.0718573564527,-19.6358646534185));
#2146=CARTESIAN_POINT('Ctrl Pts',(40.9789289717869,21.9408227232764,-19.8429647648347));
#2147=CARTESIAN_POINT('Ctrl Pts',(41.0028125565237,21.3943917700487,-19.9572828092665));
#2148=CARTESIAN_POINT('Ctrl Pts',(41.0649673693302,20.8557597733439,-20.072051305136));
#2149=CARTESIAN_POINT('Ctrl Pts',(42.8422868052332,43.9667413354984,6.92177051272053));
#2150=CARTESIAN_POINT('Ctrl Pts',(42.8341541055171,43.7973257873184,-4.33729164865865));
#2151=CARTESIAN_POINT('Ctrl Pts',(42.8219550559429,43.5432024650485,-21.2258848907274));
#2152=CARTESIAN_POINT('Ctrl Pts',(42.8429280490392,35.4535604251188,-21.6461564081152));
#2153=CARTESIAN_POINT('Ctrl Pts',(42.521972489834,29.6310972124502,-19.3736761421197));
#2154=CARTESIAN_POINT('Ctrl Pts',(42.0248895616797,25.9004863095969,-19.2207429701902));
#2155=CARTESIAN_POINT('Ctrl Pts',(41.8605535946738,24.7171330415992,-19.3062384965298));
#2156=CARTESIAN_POINT('Ctrl Pts',(41.7182475715476,23.5875929206144,-19.4346784515701));
#2157=CARTESIAN_POINT('Ctrl Pts',(41.6581095319245,23.0497294336284,-19.5203706434406));
#2158=CARTESIAN_POINT('Ctrl Pts',(41.5844961834087,22.0343154922707,-19.7114360033027));
#2159=CARTESIAN_POINT('Ctrl Pts',(41.572034094467,21.5584468463128,-19.8179662826811));
#2160=CARTESIAN_POINT('Ctrl Pts',(41.5761643163891,21.0901033897926,-19.9245913458347));
#2161=CARTESIAN_POINT('Ctrl Pts',(43.274970572177,43.8451861859065,6.906671122132));
#2162=CARTESIAN_POINT('Ctrl Pts',(43.2641269725555,43.6864822024103,-4.30144396529489));
#2163=CARTESIAN_POINT('Ctrl Pts',(43.2478615731232,43.448426227166,-21.1136165964352));
#2164=CARTESIAN_POINT('Ctrl Pts',(43.2758255639183,35.3277455046334,-21.5682783012393));
#2165=CARTESIAN_POINT('Ctrl Pts',(42.9356875845891,29.5038608273952,-19.3247358035937));
#2166=CARTESIAN_POINT('Ctrl Pts',(42.4046144964666,25.7938642682784,-19.1777944564437));
#2167=CARTESIAN_POINT('Ctrl Pts',(42.2227210870206,24.6260508517538,-19.2636463337191));
#2168=CARTESIAN_POINT('Ctrl Pts',(42.0567640179703,23.5212996105656,-19.3942362241261));
#2169=CARTESIAN_POINT('Ctrl Pts',(41.9829775818837,22.9997746871563,-19.4713237415191));
#2170=CARTESIAN_POINT('Ctrl Pts',(41.8741725817148,22.0554247683519,-19.6534008974898));
#2171=CARTESIAN_POINT('Ctrl Pts',(41.8163359674702,21.660954924183,-19.7555667271835));
#2172=CARTESIAN_POINT('Ctrl Pts',(41.7996485022788,21.2008092720924,-19.8619800160745));
#2173=CARTESIAN_POINT('Ctrl Pts',(43.713446249805,43.7179008489953,6.89884576724008));
#2174=CARTESIAN_POINT('Ctrl Pts',(43.6989881169763,43.570308383159,-4.26052182819047));
#2175=CARTESIAN_POINT('Ctrl Pts',(43.6773009177333,43.3489196844045,-20.9995732213363));
#2176=CARTESIAN_POINT('Ctrl Pts',(43.7145862387935,35.192951680533,-21.49064332083));
#2177=CARTESIAN_POINT('Ctrl Pts',(43.3557150357591,29.3564690504016,-19.2804490889972));
#2178=CARTESIAN_POINT('Ctrl Pts',(42.789586739036,25.6531024620504,-19.1455413026363));
#2179=CARTESIAN_POINT('Ctrl Pts',(42.588168330976,24.4911820982895,-19.2347059104741));
#2180=CARTESIAN_POINT('Ctrl Pts',(42.3963507604179,23.3950050653052,-19.3685899828374));
#2181=CARTESIAN_POINT('Ctrl Pts',(42.3117945879794,22.9095571857452,-19.4435963148955));
#2182=CARTESIAN_POINT('Ctrl Pts',(42.1653874687835,22.0639427004896,-19.6097375707642));
#2183=CARTESIAN_POINT('Ctrl Pts',(42.1035365220261,21.703776094794,-19.7008724945749));
#2184=CARTESIAN_POINT('Ctrl Pts',(42.0392931210652,21.3166233956391,-19.7983748339095));
#2185=CARTESIAN_POINT('',(43.6964634562677,43.3138817727713,-7.));
#2186=CARTESIAN_POINT('Ctrl Pts',(43.6964634562677,43.3138817727713,-7.));
#2187=CARTESIAN_POINT('Ctrl Pts',(42.8602772874719,43.5407379621821,-7.));
#2188=CARTESIAN_POINT('Ctrl Pts',(42.0044190015779,43.7568762333642,-7.00000000064977));
#2189=CARTESIAN_POINT('Ctrl Pts',(40.3835214331324,44.118051482789,-7.00000000064977));
#2190=CARTESIAN_POINT('Ctrl Pts',(39.5824372334482,44.2752301238198,-7.));
#2191=CARTESIAN_POINT('Ctrl Pts',(38.7969183968941,44.394004079021,-7.));
#2192=CARTESIAN_POINT('',(43.6921390468915,40.65486242742,-19.3033686552624));
#2193=CARTESIAN_POINT('Ctrl Pts',(43.6964634562677,43.3138817727713,-7.));
#2194=CARTESIAN_POINT('Ctrl Pts',(43.690606899104,42.9517899100148,-12.5568440131572));
#2195=CARTESIAN_POINT('Ctrl Pts',(43.6878230263203,42.2248471946173,-17.1005774816522));
#2196=CARTESIAN_POINT('Ctrl Pts',(43.6921390468915,40.65486242742,-19.3033686552624));
#2197=CARTESIAN_POINT('',(42.0392931210652,21.3166233956392,-19.7983748339095));
#2198=CARTESIAN_POINT('Ctrl Pts',(43.6921390468915,40.65486242742,-19.3033686552624));
#2199=CARTESIAN_POINT('Ctrl Pts',(43.6959435782634,39.2709356824687,-21.2451082710832));
#2200=CARTESIAN_POINT('Ctrl Pts',(43.7145862387935,35.192951680533,-21.49064332083));
#2201=CARTESIAN_POINT('Ctrl Pts',(43.3557150357591,29.3564690504016,-19.2804490889972));
#2202=CARTESIAN_POINT('Ctrl Pts',(42.789586739036,25.6531024620504,-19.1455413026363));
#2203=CARTESIAN_POINT('Ctrl Pts',(42.588168330976,24.4911820982895,-19.2347059104741));
#2204=CARTESIAN_POINT('Ctrl Pts',(42.3963507604179,23.3950050653052,-19.3685899828374));
#2205=CARTESIAN_POINT('Ctrl Pts',(42.3117945879794,22.9095571857452,-19.4435963148955));
#2206=CARTESIAN_POINT('Ctrl Pts',(42.1653874687835,22.0639427004896,-19.6097375707642));
#2207=CARTESIAN_POINT('Ctrl Pts',(42.1035365220261,21.703776094794,-19.7008724945749));
#2208=CARTESIAN_POINT('Ctrl Pts',(42.0392931210652,21.3166233956391,-19.7983748339095));
#2209=CARTESIAN_POINT('Ctrl Pts',(42.0392931210652,21.3166233956391,-19.7983748339095));
#2210=CARTESIAN_POINT('Ctrl Pts',(41.7996485022788,21.2008092720924,-19.8619800160745));
#2211=CARTESIAN_POINT('Ctrl Pts',(41.5761643163891,21.0901033897926,-19.9245913458347));
#2212=CARTESIAN_POINT('Ctrl Pts',(41.0649673693302,20.8557597733439,-20.072051305136));
#2213=CARTESIAN_POINT('Ctrl Pts',(40.777254608161,20.732122039195,-20.1568999346773));
#2214=CARTESIAN_POINT('Ctrl Pts',(40.1376005105432,20.4719147190482,-20.3488344935411));
#2215=CARTESIAN_POINT('Ctrl Pts',(39.4741224602474,20.227276061885,-20.5482810966677));
#2216=CARTESIAN_POINT('Ctrl Pts',(38.7924373353566,20.0505837966598,-20.7322530011473));
#2217=CARTESIAN_POINT('Ctrl Pts',(38.4528109820677,19.9882072594734,-20.812860415189));
#2218=CARTESIAN_POINT('Ctrl Pts',(43.6921390468915,40.65486242742,-19.3033686552624));
#2219=CARTESIAN_POINT('Ctrl Pts',(43.6959435782634,39.2709356824687,-21.2451082710832));
#2220=CARTESIAN_POINT('Ctrl Pts',(43.7145862387935,35.192951680533,-21.49064332083));
#2221=CARTESIAN_POINT('Ctrl Pts',(43.3557150357591,29.3564690504016,-19.2804490889972));
#2222=CARTESIAN_POINT('Ctrl Pts',(42.789586739036,25.6531024620504,-19.1455413026363));
#2223=CARTESIAN_POINT('Ctrl Pts',(42.588168330976,24.4911820982895,-19.2347059104741));
#2224=CARTESIAN_POINT('Ctrl Pts',(42.3963507604179,23.3950050653052,-19.3685899828374));
#2225=CARTESIAN_POINT('Ctrl Pts',(42.3117945879794,22.9095571857452,-19.4435963148955));
#2226=CARTESIAN_POINT('Ctrl Pts',(42.1653874687835,22.0639427004896,-19.6097375707642));
#2227=CARTESIAN_POINT('Ctrl Pts',(42.1035365220261,21.703776094794,-19.7008724945749));
#2228=CARTESIAN_POINT('Ctrl Pts',(42.0392931210652,21.3166233956391,-19.7983748339095));
#2229=CARTESIAN_POINT('Ctrl Pts',(44.1252879237911,40.5417415379356,-19.2095859937261));
#2230=CARTESIAN_POINT('Ctrl Pts',(44.130043588006,39.1537854990378,-21.149269093329));
#2231=CARTESIAN_POINT('Ctrl Pts',(44.1533469136686,35.0581578564325,-21.4130083404207));
#2232=CARTESIAN_POINT('Ctrl Pts',(43.7757424869291,29.2090772734079,-19.2361623744006));
#2233=CARTESIAN_POINT('Ctrl Pts',(43.1745589816054,25.5123406558223,-19.1132881488289));
#2234=CARTESIAN_POINT('Ctrl Pts',(42.9536155749315,24.3563133448252,-19.2057654872291));
#2235=CARTESIAN_POINT('Ctrl Pts',(42.7359375028655,23.2687105200447,-19.3429437415488));
#2236=CARTESIAN_POINT('Ctrl Pts',(42.6299550623773,22.7584409602793,-19.423306892292));
#2237=CARTESIAN_POINT('Ctrl Pts',(42.4184565144845,21.8514878615968,-19.6140166586414));
#2238=CARTESIAN_POINT('Ctrl Pts',(42.3423649564147,21.4634692283685,-19.7177684710996));
#2239=CARTESIAN_POINT('Ctrl Pts',(42.2146943388906,21.045284820031,-19.8322719910791));
#2240=CARTESIAN_POINT('Ctrl Pts',(44.562897011193,40.4224074851641,-19.1143343901481));
#2241=CARTESIAN_POINT('Ctrl Pts',(44.5688415914616,39.0297807113598,-21.0526639384048));
#2242=CARTESIAN_POINT('Ctrl Pts',(44.5979707485398,34.9143851287172,-21.3356164864779));
#2243=CARTESIAN_POINT('Ctrl Pts',(44.202082294514,29.0415301044754,-19.1965292837334));
#2244=CARTESIAN_POINT('Ctrl Pts',(43.5647785319572,25.3374390846847,-19.0917303549608));
#2245=CARTESIAN_POINT('Ctrl Pts',(43.3223425704956,24.1776580277421,-19.1904768035498));
#2246=CARTESIAN_POINT('Ctrl Pts',(43.0736329340915,23.083639086345,-19.3323228761763));
#2247=CARTESIAN_POINT('Ctrl Pts',(42.9461412784183,22.5695106734192,-19.4247957245083));
#2248=CARTESIAN_POINT('Ctrl Pts',(42.6741646898333,21.6266077246117,-19.6326889426841));
#2249=CARTESIAN_POINT('Ctrl Pts',(42.5242451290578,21.2026811416065,-19.749831769914));
#2250=CARTESIAN_POINT('Ctrl Pts',(42.3781298733175,20.790154867279,-19.867407967478));
#2251=CARTESIAN_POINT('Ctrl Pts',(45.4442707392293,40.172808758264,-18.9254115876071));
#2252=CARTESIAN_POINT('Ctrl Pts',(45.4531876096323,38.7690539709835,-20.8621828983871));
#2253=CARTESIAN_POINT('Ctrl Pts',(45.4968813452496,34.6079062470901,-21.1845266833503));
#2254=CARTESIAN_POINT('Ctrl Pts',(45.0702233001644,28.6684181270704,-19.1249823613858));
#2255=CARTESIAN_POINT('Ctrl Pts',(44.3650296102596,24.9292977031901,-19.062717489346));
#2256=CARTESIAN_POINT('Ctrl Pts',(44.0818011441115,23.7510826161768,-19.1768339204986));
#2257=CARTESIAN_POINT('Ctrl Pts',(43.7771427094463,22.6260281270002,-19.3379380924041));
#2258=CARTESIAN_POINT('Ctrl Pts',(43.6140985078551,22.0900811813302,-19.4419840487333));
#2259=CARTESIAN_POINT('Ctrl Pts',(43.24735294029,21.0856933912105,-19.6787725827901));
#2260=CARTESIAN_POINT('Ctrl Pts',(43.0375776155009,20.6268029412863,-19.8110497187826));
#2261=CARTESIAN_POINT('Ctrl Pts',(42.8137978305062,20.194561423881,-19.9466099110955));
#2262=CARTESIAN_POINT('Ctrl Pts',(45.8880353798639,40.0425440841353,-18.8317403886441));
#2263=CARTESIAN_POINT('Ctrl Pts',(45.8987356243474,38.632332018285,-20.7683070132937));
#2264=CARTESIAN_POINT('Ctrl Pts',(45.9511681070882,34.4452000931784,-21.1108287341654));
#2265=CARTESIAN_POINT('Ctrl Pts',(45.5120244982301,28.462853318598,-19.0930685297055));
#2266=CARTESIAN_POINT('Ctrl Pts',(44.7750611382103,24.6960578928331,-19.0552624175994));
#2267=CARTESIAN_POINT('Ctrl Pts',(44.4725327221634,23.5031625216946,-19.1784797211266));
#2268=CARTESIAN_POINT('Ctrl Pts',(44.1427437403506,22.3582078708533,-19.3503585417141));
#2269=CARTESIAN_POINT('Ctrl Pts',(43.9629025680117,21.8094056706579,-19.4601293745208));
#2270=CARTESIAN_POINT('Ctrl Pts',(43.5613661046708,20.7744430568729,-19.7099116004761));
#2271=CARTESIAN_POINT('Ctrl Pts',(43.3417360773223,20.2936766944392,-19.8479195038886));
#2272=CARTESIAN_POINT('Ctrl Pts',(43.086030253268,19.854097933235,-19.9906758783141));
#2273=CARTESIAN_POINT('Ctrl Pts',(46.7789553465939,39.7725798197373,-18.6504966840314));
#2274=CARTESIAN_POINT('Ctrl Pts',(46.7939356888709,38.3471629913409,-20.5875457371089));
#2275=CARTESIAN_POINT('Ctrl Pts',(46.8673411647081,34.0998787401922,-20.9703343923783));
#2276=CARTESIAN_POINT('Ctrl Pts',(46.4139249624929,28.0159992064509,-19.0353721364592));
#2277=CARTESIAN_POINT('Ctrl Pts',(45.6242535337446,24.1811813234994,-19.047166998471));
#2278=CARTESIAN_POINT('Ctrl Pts',(45.2914455400256,22.9563659051699,-19.1883368118658));
#2279=CARTESIAN_POINT('Ctrl Pts',(44.9215462928774,21.7702675757475,-19.3799601713653));
#2280=CARTESIAN_POINT('Ctrl Pts',(44.7180510425887,21.1965769554898,-19.5009986241674));
#2281=CARTESIAN_POINT('Ctrl Pts',(44.2652296217558,20.1005410859854,-19.7750285650836));
#2282=CARTESIAN_POINT('Ctrl Pts',(44.0159034512116,19.5781958367386,-19.9280200531975));
#2283=CARTESIAN_POINT('Ctrl Pts',(43.7392919871265,19.0878374140493,-20.087737803571));
#2284=CARTESIAN_POINT('Ctrl Pts',(47.6732659987851,39.4931806391987,-18.4753516727321));
#2285=CARTESIAN_POINT('Ctrl Pts',(47.6932397884876,38.0502688428496,-20.4137749549261));
#2286=CARTESIAN_POINT('Ctrl Pts',(47.7911137562705,33.7346483420433,-20.8367416071739));
#2287=CARTESIAN_POINT('Ctrl Pts',(47.3341234948875,27.5334205991015,-18.9838070133276));
#2288=CARTESIAN_POINT('Ctrl Pts',(46.5025752689119,23.617907805546,-19.0458863037074));
#2289=CARTESIAN_POINT('Ctrl Pts',(46.1478080196462,22.3586128610848,-19.2047593920881));
#2290=CARTESIAN_POINT('Ctrl Pts',(45.7505821332214,21.1306179676763,-19.4153212040821));
#2291=CARTESIAN_POINT('Ctrl Pts',(45.5307398714295,20.5322705464983,-19.5464464718858));
#2292=CARTESIAN_POINT('Ctrl Pts',(45.0449303271642,19.3752378128854,-19.8429844589262));
#2293=CARTESIAN_POINT('Ctrl Pts',(44.7789630446909,18.8165525004504,-20.008397178163));
#2294=CARTESIAN_POINT('Ctrl Pts',(44.4881000601158,18.2818792712323,-20.1822529870261));
#2295=CARTESIAN_POINT('Ctrl Pts',(48.5688282863549,39.1979030368123,-18.3214406254562));
#2296=CARTESIAN_POINT('Ctrl Pts',(48.5954600059583,37.7319085382108,-20.2625076090895));
#2297=CARTESIAN_POINT('Ctrl Pts',(48.7259586296689,33.327648615636,-20.7233672387846));
#2298=CARTESIAN_POINT('Ctrl Pts',(48.2965915188469,26.9839792900228,-18.941328452681));
#2299=CARTESIAN_POINT('Ctrl Pts',(47.4577904074131,22.9777229715526,-19.0436590621597));
#2300=CARTESIAN_POINT('Ctrl Pts',(47.0988648269744,21.6840548768107,-19.2156056126876));
#2301=CARTESIAN_POINT('Ctrl Pts',(46.6974511279673,20.4172803557989,-19.4393647461249));
#2302=CARTESIAN_POINT('Ctrl Pts',(46.4755002191797,19.797339882158,-19.5771506042984));
#2303=CARTESIAN_POINT('Ctrl Pts',(45.986284769448,18.5903707432956,-19.8874293127802));
#2304=CARTESIAN_POINT('Ctrl Pts',(45.7190202285041,18.0033420780741,-20.0599221630886));
#2305=CARTESIAN_POINT('Ctrl Pts',(45.427686114688,17.4357784344068,-20.2412157140771));
#2306=CARTESIAN_POINT('Ctrl Pts',(49.0155399050986,39.0470424827655,-18.2520527371732));
#2307=CARTESIAN_POINT('Ctrl Pts',(49.045976156074,37.5678578685911,-20.1946304073433));
#2308=CARTESIAN_POINT('Ctrl Pts',(49.1951174403146,33.1132186108846,-20.6733384847061));
#2309=CARTESIAN_POINT('Ctrl Pts',(48.7898112425436,26.69368953222,-18.9215668185429));
#2310=CARTESIAN_POINT('Ctrl Pts',(47.9592800085142,22.6433733708458,-19.0386648058115));
#2311=CARTESIAN_POINT('Ctrl Pts',(47.6030155636131,21.3338516283593,-19.2149577984344));
#2312=CARTESIAN_POINT('Ctrl Pts',(47.2046855586327,20.0496222044398,-19.4428480702766));
#2313=CARTESIAN_POINT('Ctrl Pts',(46.9844877761029,19.4201536517635,-19.5825918458073));
#2314=CARTESIAN_POINT('Ctrl Pts',(46.4996714409971,18.1915093612257,-19.8966437902074));
#2315=CARTESIAN_POINT('Ctrl Pts',(46.2350528884212,17.5923336233643,-20.0709519590767));
#2316=CARTESIAN_POINT('Ctrl Pts',(45.9470463458387,17.0108045410342,-20.254025881675));
#2317=CARTESIAN_POINT('',(49.0155399050987,39.0470424827655,-18.2520527371732));
#2318=CARTESIAN_POINT('Ctrl Pts',(43.6921390468915,40.65486242742,-19.3033686552624));
#2319=CARTESIAN_POINT('Ctrl Pts',(44.1252879237911,40.5417415379356,-19.2095859937261));
#2320=CARTESIAN_POINT('Ctrl Pts',(44.562897011193,40.4224074851641,-19.1143343901481));
#2321=CARTESIAN_POINT('Ctrl Pts',(45.4442707392293,40.172808758264,-18.9254115876071));
#2322=CARTESIAN_POINT('Ctrl Pts',(45.8880353798639,40.0425440841353,-18.8317403886441));
#2323=CARTESIAN_POINT('Ctrl Pts',(46.7789553465939,39.7725798197373,-18.6504966840314));
#2324=CARTESIAN_POINT('Ctrl Pts',(47.6732659987851,39.4931806391987,-18.4753516727321));
#2325=CARTESIAN_POINT('Ctrl Pts',(48.5688282863549,39.1979030368123,-18.3214406254562));
#2326=CARTESIAN_POINT('Ctrl Pts',(49.0155399050986,39.0470424827655,-18.2520527371732));
#2327=CARTESIAN_POINT('',(45.9470463458387,17.0108045410342,-20.254025881675));
#2328=CARTESIAN_POINT('Ctrl Pts',(49.0155399050986,39.0470424827655,-18.2520527371732));
#2329=CARTESIAN_POINT('Ctrl Pts',(49.045976156074,37.5678578685911,-20.1946304073433));
#2330=CARTESIAN_POINT('Ctrl Pts',(49.1951174403146,33.1132186108846,-20.6733384847061));
#2331=CARTESIAN_POINT('Ctrl Pts',(48.7898112425436,26.69368953222,-18.9215668185429));
#2332=CARTESIAN_POINT('Ctrl Pts',(47.9592800085142,22.6433733708458,-19.0386648058115));
#2333=CARTESIAN_POINT('Ctrl Pts',(47.6030155636131,21.3338516283593,-19.2149577984344));
#2334=CARTESIAN_POINT('Ctrl Pts',(47.2046855586327,20.0496222044398,-19.4428480702766));
#2335=CARTESIAN_POINT('Ctrl Pts',(46.9844877761029,19.4201536517635,-19.5825918458073));
#2336=CARTESIAN_POINT('Ctrl Pts',(46.4996714409971,18.1915093612257,-19.8966437902074));
#2337=CARTESIAN_POINT('Ctrl Pts',(46.2350528884212,17.5923336233643,-20.0709519590767));
#2338=CARTESIAN_POINT('Ctrl Pts',(45.9470463458387,17.0108045410342,-20.254025881675));
#2339=CARTESIAN_POINT('Ctrl Pts',(45.9470463458387,17.0108045410342,-20.254025881675));
#2340=CARTESIAN_POINT('Ctrl Pts',(45.427686114688,17.4357784344068,-20.2412157140771));
#2341=CARTESIAN_POINT('Ctrl Pts',(44.4881000601158,18.2818792712323,-20.1822529870261));
#2342=CARTESIAN_POINT('Ctrl Pts',(43.7392919871265,19.0878374140493,-20.087737803571));
#2343=CARTESIAN_POINT('Ctrl Pts',(43.086030253268,19.854097933235,-19.9906758783141));
#2344=CARTESIAN_POINT('Ctrl Pts',(42.8137978305062,20.194561423881,-19.9466099110955));
#2345=CARTESIAN_POINT('Ctrl Pts',(42.3781298733175,20.790154867279,-19.867407967478));
#2346=CARTESIAN_POINT('Ctrl Pts',(42.2146943388906,21.045284820031,-19.8322719910791));
#2347=CARTESIAN_POINT('Ctrl Pts',(42.0392931210652,21.3166233956391,-19.7983748339095));
#2348=CARTESIAN_POINT('Ctrl Pts',(-38.4528109820677,19.9882072594734,-20.812860415189));
#2349=CARTESIAN_POINT('Ctrl Pts',(-38.3915439322634,20.706292953245,-20.6497923090969));
#2350=CARTESIAN_POINT('Ctrl Pts',(-38.3578681368694,21.4206932946856,-20.4935828935099));
#2351=CARTESIAN_POINT('Ctrl Pts',(-38.3298576790371,22.8412746692768,-20.2168863021995));
#2352=CARTESIAN_POINT('Ctrl Pts',(-38.3355230165987,23.5474557024274,-20.0963991264761));
#2353=CARTESIAN_POINT('Ctrl Pts',(-38.3703534488125,24.9507498568104,-19.9131518737465));
#2354=CARTESIAN_POINT('Ctrl Pts',(-38.4286836381169,26.3449760992753,-19.787631719734));
#2355=CARTESIAN_POINT('Ctrl Pts',(-38.6496244933832,30.4681557333926,-19.88946300312));
#2356=CARTESIAN_POINT('Ctrl Pts',(-38.7969183968941,36.4107100031452,-22.3312882977399));
#2357=CARTESIAN_POINT('Ctrl Pts',(-38.7969183968941,44.2212329741298,-22.1128163552418));
#2358=CARTESIAN_POINT('Ctrl Pts',(-38.7969183968941,44.6576733886276,-4.36504856673738));
#2359=CARTESIAN_POINT('Ctrl Pts',(-38.7969183968941,44.9486336649595,7.46679662559894));
#2360=CARTESIAN_POINT('Ctrl Pts',(-38.7924373353566,20.0505837966598,-20.7322530011473));
#2361=CARTESIAN_POINT('Ctrl Pts',(-38.7264696681121,20.7558548168339,-20.5732707372135));
#2362=CARTESIAN_POINT('Ctrl Pts',(-38.6904043339542,21.4583772289146,-20.4208178771962));
#2363=CARTESIAN_POINT('Ctrl Pts',(-38.6608920958891,22.8571259264715,-20.1509059429328));
#2364=CARTESIAN_POINT('Ctrl Pts',(-38.6674451919819,23.5533522119477,-20.0334468686867));
#2365=CARTESIAN_POINT('Ctrl Pts',(-38.7059835784957,24.9387097458783,-19.8554574839041));
#2366=CARTESIAN_POINT('Ctrl Pts',(-38.7699541593377,26.316972242787,-19.7343968628311));
#2367=CARTESIAN_POINT('Ctrl Pts',(-39.0113416522968,30.404396048877,-19.8443974495002));
#2368=CARTESIAN_POINT('Ctrl Pts',(-39.1722666476029,36.3399424562332,-22.2773695201971));
#2369=CARTESIAN_POINT('Ctrl Pts',(-39.1722666476029,44.1832465177056,-22.0554919987363));
#2370=CARTESIAN_POINT('Ctrl Pts',(-39.1722666476029,44.5968588383904,-4.40046334134682));
#2371=CARTESIAN_POINT('Ctrl Pts',(-39.1722666476029,44.8726003855136,7.36955576357949));
#2372=CARTESIAN_POINT('Ctrl Pts',(-39.4741224602474,20.227276061885,-20.5482810966677));
#2373=CARTESIAN_POINT('Ctrl Pts',(-39.3996909677742,20.900078887343,-20.3997019147708));
#2374=CARTESIAN_POINT('Ctrl Pts',(-39.3598370682268,21.5730317517255,-20.2566249589488));
#2375=CARTESIAN_POINT('Ctrl Pts',(-39.3293340385527,22.918109440149,-20.003383911384));
#2376=CARTESIAN_POINT('Ctrl Pts',(-39.3386849084259,23.5902342641901,-19.8932198196411));
#2377=CARTESIAN_POINT('Ctrl Pts',(-39.3866410011623,24.9325277537407,-19.7277129121638));
#2378=CARTESIAN_POINT('Ctrl Pts',(-39.4638514468886,26.2728650847596,-19.6170272806947));
#2379=CARTESIAN_POINT('Ctrl Pts',(-39.7513064034224,30.2753714174843,-19.7453485139132));
#2380=CARTESIAN_POINT('Ctrl Pts',(-39.9429430411115,36.1843520310447,-22.1571876107453));
#2381=CARTESIAN_POINT('Ctrl Pts',(-39.9429430411115,44.0859741714464,-21.916033938042));
#2382=CARTESIAN_POINT('Ctrl Pts',(-39.9429430411116,44.4582105720953,-4.4432733421901));
#2383=CARTESIAN_POINT('Ctrl Pts',(-39.9429430411115,44.7063681725279,7.20523372171115));
#2384=CARTESIAN_POINT('Ctrl Pts',(-40.1376005105432,20.4719147190482,-20.3488344935411));
#2385=CARTESIAN_POINT('Ctrl Pts',(-40.0586036134334,21.0958257902077,-20.214568902992));
#2386=CARTESIAN_POINT('Ctrl Pts',(-40.0203742475124,21.7249693894583,-20.0832235756863));
#2387=CARTESIAN_POINT('Ctrl Pts',(-39.9999044249164,22.9928307195078,-19.8495094669844));
#2388=CARTESIAN_POINT('Ctrl Pts',(-40.0176639682415,23.6315484503067,-19.7471406855883));
#2389=CARTESIAN_POINT('Ctrl Pts',(-40.0836258110064,24.9176671188192,-19.5945156881286));
#2390=CARTESIAN_POINT('Ctrl Pts',(-40.1800304098862,26.2124689942465,-19.4940032560016));
#2391=CARTESIAN_POINT('Ctrl Pts',(-40.5223791609105,30.1239335006108,-19.6375764597349));
#2392=CARTESIAN_POINT('Ctrl Pts',(-40.7494524327528,35.998699705195,-22.0187322962105));
#2393=CARTESIAN_POINT('Ctrl Pts',(-40.7471221001866,43.9520223701922,-21.7375867750162));
#2394=CARTESIAN_POINT('Ctrl Pts',(-40.7484775501393,44.2887033227259,-4.43897956672934));
#2395=CARTESIAN_POINT('Ctrl Pts',(-40.749381183441,44.5131572910817,7.09342523879524));
#2396=CARTESIAN_POINT('Ctrl Pts',(-40.777254608161,20.732122039195,-20.1568999346773));
#2397=CARTESIAN_POINT('Ctrl Pts',(-40.6966533173546,21.297556643995,-20.038627047067));
#2398=CARTESIAN_POINT('Ctrl Pts',(-40.664785904471,21.8708804658005,-19.9197438244449));
#2399=CARTESIAN_POINT('Ctrl Pts',(-40.6664528286833,23.0510243578199,-19.7042184491016));
#2400=CARTESIAN_POINT('Ctrl Pts',(-40.6969870057512,23.6522057370955,-19.6095319999948));
#2401=CARTESIAN_POINT('Ctrl Pts',(-40.787540844728,24.8762296113872,-19.4682216038542));
#2402=CARTESIAN_POINT('Ctrl Pts',(-40.9071348032209,26.1238834162984,-19.3762246570823));
#2403=CARTESIAN_POINT('Ctrl Pts',(-41.3080294914626,29.9515875606176,-19.5299991153124));
#2404=CARTESIAN_POINT('Ctrl Pts',(-41.5718149304357,35.7970408100481,-21.874347930959));
#2405=CARTESIAN_POINT('Ctrl Pts',(-41.5648239327369,43.8026905473537,-21.5449598573421));
#2406=CARTESIAN_POINT('Ctrl Pts',(-41.568890282595,44.105356256103,-4.41560156334011));
#2407=CARTESIAN_POINT('Ctrl Pts',(-41.5716011825004,44.3071333952691,7.00397063266121));
#2408=CARTESIAN_POINT('Ctrl Pts',(-41.0649673693302,20.8557597733439,-20.072051305136));
#2409=CARTESIAN_POINT('Ctrl Pts',(-41.0028125565237,21.3943917700487,-19.9572828092664));
#2410=CARTESIAN_POINT('Ctrl Pts',(-40.9789289717869,21.9408227232764,-19.8429647648347));
#2411=CARTESIAN_POINT('Ctrl Pts',(-40.9977160392684,23.0718573564527,-19.6358646534185));
#2412=CARTESIAN_POINT('Ctrl Pts',(-41.0370431960156,23.6512215233865,-19.5443374077799));
#2413=CARTESIAN_POINT('Ctrl Pts',(-41.1429634735275,24.8422224214159,-19.4085261315974));
#2414=CARTESIAN_POINT('Ctrl Pts',(-41.2761497150568,26.0654958836069,-19.3199580705095));
#2415=CARTESIAN_POINT('Ctrl Pts',(-41.7081434432708,29.8549605790613,-19.4763077979791));
#2416=CARTESIAN_POINT('Ctrl Pts',(-41.9909227322979,35.6882080778262,-21.799191222975));
#2417=CARTESIAN_POINT('Ctrl Pts',(-41.9804362357497,43.7203346251423,-21.4415565211808));
#2418=CARTESIAN_POINT('Ctrl Pts',(-41.9865357605369,44.0067628141648,-4.39437044768126));
#2419=CARTESIAN_POINT('Ctrl Pts',(-41.9906021103949,44.1977149401797,6.97042026798513));
#2420=CARTESIAN_POINT('Ctrl Pts',(-41.5761643163891,21.0901033897926,-19.9245913458347));
#2421=CARTESIAN_POINT('Ctrl Pts',(-41.572034094467,21.5584468463128,-19.8179662826811));
#2422=CARTESIAN_POINT('Ctrl Pts',(-41.5844961834087,22.0343154922707,-19.7114360033027));
#2423=CARTESIAN_POINT('Ctrl Pts',(-41.6581095319245,23.0497294336284,-19.5203706434407));
#2424=CARTESIAN_POINT('Ctrl Pts',(-41.7182475715477,23.5875929206144,-19.4346784515701));
#2425=CARTESIAN_POINT('Ctrl Pts',(-41.8605535946738,24.7171330415992,-19.3062384965298));
#2426=CARTESIAN_POINT('Ctrl Pts',(-42.0248895616797,25.9004863095969,-19.2207429701903));
#2427=CARTESIAN_POINT('Ctrl Pts',(-42.521972489834,29.6310972124501,-19.3736761421197));
#2428=CARTESIAN_POINT('Ctrl Pts',(-42.8429280490392,35.4535604251188,-21.6461564081152));
#2429=CARTESIAN_POINT('Ctrl Pts',(-42.8219550559429,43.5432024650485,-21.2258848907274));
#2430=CARTESIAN_POINT('Ctrl Pts',(-42.8341541055171,43.7973257873184,-4.33729164865865));
#2431=CARTESIAN_POINT('Ctrl Pts',(-42.8422868052332,43.9667413354984,6.92177051272053));
#2432=CARTESIAN_POINT('Ctrl Pts',(-41.7996485022788,21.2008092720924,-19.8619800160746));
#2433=CARTESIAN_POINT('Ctrl Pts',(-41.8163359674702,21.660954924183,-19.7555667271835));
#2434=CARTESIAN_POINT('Ctrl Pts',(-41.8741725817148,22.0554247683519,-19.6534008974898));
#2435=CARTESIAN_POINT('Ctrl Pts',(-41.9829775818838,22.9997746871564,-19.4713237415191));
#2436=CARTESIAN_POINT('Ctrl Pts',(-42.0567640179703,23.5212996105656,-19.3942362241261));
#2437=CARTESIAN_POINT('Ctrl Pts',(-42.2227210870206,24.6260508517538,-19.2636463337191));
#2438=CARTESIAN_POINT('Ctrl Pts',(-42.4046144964666,25.7938642682784,-19.1777944564437));
#2439=CARTESIAN_POINT('Ctrl Pts',(-42.9356875845891,29.5038608273952,-19.3247358035937));
#2440=CARTESIAN_POINT('Ctrl Pts',(-43.2758255639183,35.3277455046333,-21.5682783012393));
#2441=CARTESIAN_POINT('Ctrl Pts',(-43.2478615731232,43.4484262271659,-21.1136165964352));
#2442=CARTESIAN_POINT('Ctrl Pts',(-43.2641269725555,43.6864822024103,-4.30144396529489));
#2443=CARTESIAN_POINT('Ctrl Pts',(-43.274970572177,43.8451861859065,6.906671122132));
#2444=CARTESIAN_POINT('Ctrl Pts',(-42.0392931210652,21.3166233956391,-19.7983748339095));
#2445=CARTESIAN_POINT('Ctrl Pts',(-42.1035365220261,21.703776094794,-19.7008724945749));
#2446=CARTESIAN_POINT('Ctrl Pts',(-42.1653874687835,22.0639427004896,-19.6097375707642));
#2447=CARTESIAN_POINT('Ctrl Pts',(-42.3117945879794,22.9095571857452,-19.4435963148955));
#2448=CARTESIAN_POINT('Ctrl Pts',(-42.3963507604179,23.3950050653052,-19.3685899828374));
#2449=CARTESIAN_POINT('Ctrl Pts',(-42.588168330976,24.4911820982895,-19.2347059104741));
#2450=CARTESIAN_POINT('Ctrl Pts',(-42.789586739036,25.6531024620504,-19.1455413026363));
#2451=CARTESIAN_POINT('Ctrl Pts',(-43.3557150357591,29.3564690504016,-19.2804490889972));
#2452=CARTESIAN_POINT('Ctrl Pts',(-43.7145862387935,35.1929516805329,-21.49064332083));
#2453=CARTESIAN_POINT('Ctrl Pts',(-43.6773009177333,43.3489196844045,-20.9995732213363));
#2454=CARTESIAN_POINT('Ctrl Pts',(-43.6989881169763,43.570308383159,-4.26052182819047));
#2455=CARTESIAN_POINT('Ctrl Pts',(-43.713446249805,43.7179008489953,6.89884576724008));
#2456=CARTESIAN_POINT('',(-43.6964634562677,43.3138817727713,-7.));
#2457=CARTESIAN_POINT('Ctrl Pts',(-38.7969183968941,44.394004079021,-7.));
#2458=CARTESIAN_POINT('Ctrl Pts',(-39.5824872062824,44.2752225677041,-7.));
#2459=CARTESIAN_POINT('Ctrl Pts',(-40.383624369092,44.1180313263951,-6.99999999870232));
#2460=CARTESIAN_POINT('Ctrl Pts',(-42.0045203644459,43.7568506117615,-6.99999999870232));
#2461=CARTESIAN_POINT('Ctrl Pts',(-42.8603261948609,43.5407246936728,-7.));
#2462=CARTESIAN_POINT('Ctrl Pts',(-43.6964634562677,43.3138817727713,-7.));
#2463=CARTESIAN_POINT('',(-42.0392931210652,21.3166233956391,-19.7983748339095));
#2464=CARTESIAN_POINT('Ctrl Pts',(-38.4528109820677,19.9882072594734,-20.812860415189));
#2465=CARTESIAN_POINT('Ctrl Pts',(-38.7924373353566,20.0505837966598,-20.7322530011473));
#2466=CARTESIAN_POINT('Ctrl Pts',(-39.4741224602474,20.227276061885,-20.5482810966677));
#2467=CARTESIAN_POINT('Ctrl Pts',(-40.1376005105432,20.4719147190482,-20.3488344935411));
#2468=CARTESIAN_POINT('Ctrl Pts',(-40.777254608161,20.732122039195,-20.1568999346773));
#2469=CARTESIAN_POINT('Ctrl Pts',(-41.0649673693302,20.8557597733439,-20.072051305136));
#2470=CARTESIAN_POINT('Ctrl Pts',(-41.5761643163891,21.0901033897926,-19.9245913458347));
#2471=CARTESIAN_POINT('Ctrl Pts',(-41.7996485022788,21.2008092720924,-19.8619800160746));
#2472=CARTESIAN_POINT('Ctrl Pts',(-42.0392931210652,21.3166233956391,-19.7983748339095));
#2473=CARTESIAN_POINT('',(-43.6921390468915,40.65486242742,-19.3033686552624));
#2474=CARTESIAN_POINT('Ctrl Pts',(-42.0392931210652,21.3166233956391,-19.7983748339095));
#2475=CARTESIAN_POINT('Ctrl Pts',(-42.1035365220261,21.703776094794,-19.7008724945749));
#2476=CARTESIAN_POINT('Ctrl Pts',(-42.1653874687835,22.0639427004896,-19.6097375707642));
#2477=CARTESIAN_POINT('Ctrl Pts',(-42.3117945879794,22.9095571857452,-19.4435963148955));
#2478=CARTESIAN_POINT('Ctrl Pts',(-42.3963507604179,23.3950050653052,-19.3685899828374));
#2479=CARTESIAN_POINT('Ctrl Pts',(-42.588168330976,24.4911820982895,-19.2347059104741));
#2480=CARTESIAN_POINT('Ctrl Pts',(-42.789586739036,25.6531024620504,-19.1455413026363));
#2481=CARTESIAN_POINT('Ctrl Pts',(-43.3557150357591,29.3564690504016,-19.2804490889972));
#2482=CARTESIAN_POINT('Ctrl Pts',(-43.7145862387935,35.1929516805329,-21.49064332083));
#2483=CARTESIAN_POINT('Ctrl Pts',(-43.6959435782634,39.2709356824687,-21.2451082710832));
#2484=CARTESIAN_POINT('Ctrl Pts',(-43.6921390468915,40.65486242742,-19.3033686552624));
#2485=CARTESIAN_POINT('Ctrl Pts',(-43.6921390468915,40.65486242742,-19.3033686552624));
#2486=CARTESIAN_POINT('Ctrl Pts',(-43.6878230263203,42.2248471946173,-17.1005774816522));
#2487=CARTESIAN_POINT('Ctrl Pts',(-43.690606899104,42.9517899100148,-12.5568440131572));
#2488=CARTESIAN_POINT('Ctrl Pts',(-43.6964634562677,43.3138817727713,-7.));
#2489=CARTESIAN_POINT('Ctrl Pts',(-42.0392931210652,21.3166233956391,-19.7983748339095));
#2490=CARTESIAN_POINT('Ctrl Pts',(-42.1035365220261,21.703776094794,-19.7008724945749));
#2491=CARTESIAN_POINT('Ctrl Pts',(-42.1653874687835,22.0639427004896,-19.6097375707642));
#2492=CARTESIAN_POINT('Ctrl Pts',(-42.3117945879794,22.9095571857452,-19.4435963148955));
#2493=CARTESIAN_POINT('Ctrl Pts',(-42.3963507604179,23.3950050653052,-19.3685899828374));
#2494=CARTESIAN_POINT('Ctrl Pts',(-42.588168330976,24.4911820982895,-19.2347059104741));
#2495=CARTESIAN_POINT('Ctrl Pts',(-42.789586739036,25.6531024620504,-19.1455413026363));
#2496=CARTESIAN_POINT('Ctrl Pts',(-43.3557150357591,29.3564690504016,-19.2804490889972));
#2497=CARTESIAN_POINT('Ctrl Pts',(-43.7145862387935,35.1929516805329,-21.49064332083));
#2498=CARTESIAN_POINT('Ctrl Pts',(-43.6959435782634,39.2709356824687,-21.2451082710832));
#2499=CARTESIAN_POINT('Ctrl Pts',(-43.6921390468915,40.65486242742,-19.3033686552624));
#2500=CARTESIAN_POINT('Ctrl Pts',(-42.2146943388906,21.045284820031,-19.8322719910791));
#2501=CARTESIAN_POINT('Ctrl Pts',(-42.3423649564148,21.4634692283685,-19.7177684710996));
#2502=CARTESIAN_POINT('Ctrl Pts',(-42.4184565144845,21.8514878615968,-19.6140166586414));
#2503=CARTESIAN_POINT('Ctrl Pts',(-42.6299550623773,22.7584409602793,-19.423306892292));
#2504=CARTESIAN_POINT('Ctrl Pts',(-42.7359375028655,23.2687105200447,-19.3429437415488));
#2505=CARTESIAN_POINT('Ctrl Pts',(-42.9536155749315,24.3563133448252,-19.2057654872291));
#2506=CARTESIAN_POINT('Ctrl Pts',(-43.1745589816054,25.5123406558223,-19.1132881488289));
#2507=CARTESIAN_POINT('Ctrl Pts',(-43.7757424869291,29.2090772734079,-19.2361623744006));
#2508=CARTESIAN_POINT('Ctrl Pts',(-44.1533469136686,35.0581578564325,-21.4130083404207));
#2509=CARTESIAN_POINT('Ctrl Pts',(-44.130043588006,39.1537854990378,-21.149269093329));
#2510=CARTESIAN_POINT('Ctrl Pts',(-44.1252879237911,40.5417415379356,-19.2095859937261));
#2511=CARTESIAN_POINT('Ctrl Pts',(-42.3781298733175,20.790154867279,-19.867407967478));
#2512=CARTESIAN_POINT('Ctrl Pts',(-42.5242451290578,21.2026811416065,-19.749831769914));
#2513=CARTESIAN_POINT('Ctrl Pts',(-42.6741646898333,21.6266077246117,-19.6326889426841));
#2514=CARTESIAN_POINT('Ctrl Pts',(-42.9461412784183,22.5695106734192,-19.4247957245083));
#2515=CARTESIAN_POINT('Ctrl Pts',(-43.0736329340915,23.083639086345,-19.3323228761763));
#2516=CARTESIAN_POINT('Ctrl Pts',(-43.3223425704956,24.1776580277421,-19.1904768035498));
#2517=CARTESIAN_POINT('Ctrl Pts',(-43.5647785319571,25.3374390846847,-19.0917303549608));
#2518=CARTESIAN_POINT('Ctrl Pts',(-44.202082294514,29.0415301044754,-19.1965292837334));
#2519=CARTESIAN_POINT('Ctrl Pts',(-44.5979707485398,34.9143851287172,-21.335616486478));
#2520=CARTESIAN_POINT('Ctrl Pts',(-44.5688415914616,39.0297807113598,-21.0526639384048));
#2521=CARTESIAN_POINT('Ctrl Pts',(-44.562897011193,40.4224074851641,-19.1143343901481));
#2522=CARTESIAN_POINT('Ctrl Pts',(-42.8137978305062,20.194561423881,-19.9466099110955));
#2523=CARTESIAN_POINT('Ctrl Pts',(-43.0375776155009,20.6268029412863,-19.8110497187826));
#2524=CARTESIAN_POINT('Ctrl Pts',(-43.24735294029,21.0856933912105,-19.6787725827901));
#2525=CARTESIAN_POINT('Ctrl Pts',(-43.6140985078551,22.0900811813302,-19.4419840487333));
#2526=CARTESIAN_POINT('Ctrl Pts',(-43.7771427094463,22.6260281270002,-19.3379380924041));
#2527=CARTESIAN_POINT('Ctrl Pts',(-44.0818011441115,23.7510826161768,-19.1768339204986));
#2528=CARTESIAN_POINT('Ctrl Pts',(-44.3650296102596,24.9292977031901,-19.062717489346));
#2529=CARTESIAN_POINT('Ctrl Pts',(-45.0702233001645,28.6684181270705,-19.1249823613859));
#2530=CARTESIAN_POINT('Ctrl Pts',(-45.4968813452496,34.6079062470901,-21.1845266833503));
#2531=CARTESIAN_POINT('Ctrl Pts',(-45.4531876096322,38.7690539709835,-20.8621828983871));
#2532=CARTESIAN_POINT('Ctrl Pts',(-45.4442707392293,40.172808758264,-18.9254115876071));
#2533=CARTESIAN_POINT('Ctrl Pts',(-43.086030253268,19.854097933235,-19.9906758783141));
#2534=CARTESIAN_POINT('Ctrl Pts',(-43.3417360773223,20.2936766944392,-19.8479195038886));
#2535=CARTESIAN_POINT('Ctrl Pts',(-43.5613661046708,20.7744430568729,-19.7099116004761));
#2536=CARTESIAN_POINT('Ctrl Pts',(-43.9629025680117,21.8094056706579,-19.4601293745208));
#2537=CARTESIAN_POINT('Ctrl Pts',(-44.1427437403506,22.3582078708533,-19.3503585417141));
#2538=CARTESIAN_POINT('Ctrl Pts',(-44.4725327221634,23.5031625216946,-19.1784797211266));
#2539=CARTESIAN_POINT('Ctrl Pts',(-44.7750611382103,24.6960578928331,-19.0552624175994));
#2540=CARTESIAN_POINT('Ctrl Pts',(-45.5120244982301,28.462853318598,-19.0930685297054));
#2541=CARTESIAN_POINT('Ctrl Pts',(-45.9511681070882,34.4452000931784,-21.1108287341654));
#2542=CARTESIAN_POINT('Ctrl Pts',(-45.8987356243474,38.632332018285,-20.7683070132937));
#2543=CARTESIAN_POINT('Ctrl Pts',(-45.8880353798639,40.0425440841353,-18.8317403886441));
#2544=CARTESIAN_POINT('Ctrl Pts',(-43.7392919871265,19.0878374140493,-20.087737803571));
#2545=CARTESIAN_POINT('Ctrl Pts',(-44.0159034512116,19.5781958367386,-19.9280200531975));
#2546=CARTESIAN_POINT('Ctrl Pts',(-44.2652296217558,20.1005410859854,-19.7750285650836));
#2547=CARTESIAN_POINT('Ctrl Pts',(-44.7180510425887,21.1965769554898,-19.5009986241674));
#2548=CARTESIAN_POINT('Ctrl Pts',(-44.9215462928774,21.7702675757475,-19.3799601713653));
#2549=CARTESIAN_POINT('Ctrl Pts',(-45.2914455400256,22.9563659051699,-19.1883368118658));
#2550=CARTESIAN_POINT('Ctrl Pts',(-45.6242535337446,24.1811813234993,-19.047166998471));
#2551=CARTESIAN_POINT('Ctrl Pts',(-46.4139249624929,28.0159992064509,-19.0353721364592));
#2552=CARTESIAN_POINT('Ctrl Pts',(-46.867341164708,34.0998787401922,-20.9703343923783));
#2553=CARTESIAN_POINT('Ctrl Pts',(-46.7939356888709,38.3471629913409,-20.5875457371089));
#2554=CARTESIAN_POINT('Ctrl Pts',(-46.7789553465939,39.7725798197373,-18.6504966840314));
#2555=CARTESIAN_POINT('Ctrl Pts',(-44.4881000601158,18.2818792712323,-20.1822529870261));
#2556=CARTESIAN_POINT('Ctrl Pts',(-44.7789630446909,18.8165525004505,-20.008397178163));
#2557=CARTESIAN_POINT('Ctrl Pts',(-45.0449303271642,19.3752378128854,-19.8429844589262));
#2558=CARTESIAN_POINT('Ctrl Pts',(-45.5307398714295,20.5322705464983,-19.5464464718858));
#2559=CARTESIAN_POINT('Ctrl Pts',(-45.7505821332214,21.1306179676763,-19.4153212040821));
#2560=CARTESIAN_POINT('Ctrl Pts',(-46.1478080196462,22.3586128610849,-19.2047593920881));
#2561=CARTESIAN_POINT('Ctrl Pts',(-46.5025752689118,23.617907805546,-19.0458863037074));
#2562=CARTESIAN_POINT('Ctrl Pts',(-47.3341234948874,27.5334205991014,-18.9838070133276));
#2563=CARTESIAN_POINT('Ctrl Pts',(-47.7911137562705,33.7346483420433,-20.8367416071739));
#2564=CARTESIAN_POINT('Ctrl Pts',(-47.6932397884876,38.0502688428496,-20.4137749549261));
#2565=CARTESIAN_POINT('Ctrl Pts',(-47.6732659987851,39.4931806391987,-18.4753516727321));
#2566=CARTESIAN_POINT('Ctrl Pts',(-45.427686114688,17.4357784344068,-20.2412157140771));
#2567=CARTESIAN_POINT('Ctrl Pts',(-45.7190202285041,18.0033420780741,-20.0599221630886));
#2568=CARTESIAN_POINT('Ctrl Pts',(-45.986284769448,18.5903707432956,-19.8874293127802));
#2569=CARTESIAN_POINT('Ctrl Pts',(-46.4755002191797,19.797339882158,-19.5771506042984));
#2570=CARTESIAN_POINT('Ctrl Pts',(-46.6974511279674,20.4172803557989,-19.4393647461249));
#2571=CARTESIAN_POINT('Ctrl Pts',(-47.0988648269744,21.6840548768107,-19.2156056126876));
#2572=CARTESIAN_POINT('Ctrl Pts',(-47.4577904074131,22.9777229715526,-19.0436590621597));
#2573=CARTESIAN_POINT('Ctrl Pts',(-48.2965915188469,26.9839792900228,-18.941328452681));
#2574=CARTESIAN_POINT('Ctrl Pts',(-48.7259586296689,33.327648615636,-20.7233672387846));
#2575=CARTESIAN_POINT('Ctrl Pts',(-48.5954600059583,37.7319085382108,-20.2625076090895));
#2576=CARTESIAN_POINT('Ctrl Pts',(-48.5688282863549,39.1979030368123,-18.3214406254562));
#2577=CARTESIAN_POINT('Ctrl Pts',(-45.9470463458387,17.0108045410342,-20.254025881675));
#2578=CARTESIAN_POINT('Ctrl Pts',(-46.2350528884212,17.5923336233643,-20.0709519590768));
#2579=CARTESIAN_POINT('Ctrl Pts',(-46.4996714409971,18.1915093612257,-19.8966437902074));
#2580=CARTESIAN_POINT('Ctrl Pts',(-46.9844877761029,19.4201536517635,-19.5825918458073));
#2581=CARTESIAN_POINT('Ctrl Pts',(-47.2046855586327,20.0496222044398,-19.4428480702766));
#2582=CARTESIAN_POINT('Ctrl Pts',(-47.6030155636131,21.3338516283593,-19.2149577984344));
#2583=CARTESIAN_POINT('Ctrl Pts',(-47.9592800085141,22.6433733708458,-19.0386648058115));
#2584=CARTESIAN_POINT('Ctrl Pts',(-48.7898112425435,26.69368953222,-18.9215668185429));
#2585=CARTESIAN_POINT('Ctrl Pts',(-49.1951174403146,33.1132186108846,-20.6733384847061));
#2586=CARTESIAN_POINT('Ctrl Pts',(-49.045976156074,37.5678578685911,-20.1946304073433));
#2587=CARTESIAN_POINT('Ctrl Pts',(-49.0155399050986,39.0470424827655,-18.2520527371732));
#2588=CARTESIAN_POINT('',(-45.9470463458387,17.0108045410342,-20.2540258816751));
#2589=CARTESIAN_POINT('Ctrl Pts',(-42.0392931210652,21.3166233956391,-19.7983748339095));
#2590=CARTESIAN_POINT('Ctrl Pts',(-42.2146943388906,21.045284820031,-19.8322719910791));
#2591=CARTESIAN_POINT('Ctrl Pts',(-42.3781298733175,20.790154867279,-19.867407967478));
#2592=CARTESIAN_POINT('Ctrl Pts',(-42.8137978305062,20.194561423881,-19.9466099110955));
#2593=CARTESIAN_POINT('Ctrl Pts',(-43.086030253268,19.854097933235,-19.9906758783141));
#2594=CARTESIAN_POINT('Ctrl Pts',(-43.7392919871265,19.0878374140493,-20.087737803571));
#2595=CARTESIAN_POINT('Ctrl Pts',(-44.4881000601158,18.2818792712323,-20.1822529870261));
#2596=CARTESIAN_POINT('Ctrl Pts',(-45.427686114688,17.4357784344068,-20.2412157140771));
#2597=CARTESIAN_POINT('Ctrl Pts',(-45.9470463458387,17.0108045410342,-20.254025881675));
#2598=CARTESIAN_POINT('',(-49.0155399050987,39.0470424827655,-18.2520527371733));
#2599=CARTESIAN_POINT('Ctrl Pts',(-45.9470463458387,17.0108045410342,-20.254025881675));
#2600=CARTESIAN_POINT('Ctrl Pts',(-46.2350528884212,17.5923336233643,-20.0709519590768));
#2601=CARTESIAN_POINT('Ctrl Pts',(-46.4996714409971,18.1915093612257,-19.8966437902074));
#2602=CARTESIAN_POINT('Ctrl Pts',(-46.9844877761029,19.4201536517635,-19.5825918458073));
#2603=CARTESIAN_POINT('Ctrl Pts',(-47.2046855586327,20.0496222044398,-19.4428480702766));
#2604=CARTESIAN_POINT('Ctrl Pts',(-47.6030155636131,21.3338516283593,-19.2149577984344));
#2605=CARTESIAN_POINT('Ctrl Pts',(-47.9592800085141,22.6433733708458,-19.0386648058115));
#2606=CARTESIAN_POINT('Ctrl Pts',(-48.7898112425435,26.69368953222,-18.9215668185429));
#2607=CARTESIAN_POINT('Ctrl Pts',(-49.1951174403146,33.1132186108846,-20.6733384847061));
#2608=CARTESIAN_POINT('Ctrl Pts',(-49.045976156074,37.5678578685911,-20.1946304073433));
#2609=CARTESIAN_POINT('Ctrl Pts',(-49.0155399050986,39.0470424827655,-18.2520527371732));
#2610=CARTESIAN_POINT('Ctrl Pts',(-49.0155399050986,39.0470424827655,-18.2520527371732));
#2611=CARTESIAN_POINT('Ctrl Pts',(-48.5688282863549,39.1979030368123,-18.3214406254562));
#2612=CARTESIAN_POINT('Ctrl Pts',(-47.6732659987851,39.4931806391987,-18.4753516727321));
#2613=CARTESIAN_POINT('Ctrl Pts',(-46.7789553465939,39.7725798197373,-18.6504966840314));
#2614=CARTESIAN_POINT('Ctrl Pts',(-45.8880353798639,40.0425440841353,-18.8317403886441));
#2615=CARTESIAN_POINT('Ctrl Pts',(-45.4442707392293,40.172808758264,-18.9254115876071));
#2616=CARTESIAN_POINT('Ctrl Pts',(-44.562897011193,40.4224074851641,-19.1143343901481));
#2617=CARTESIAN_POINT('Ctrl Pts',(-44.1252879237911,40.5417415379356,-19.2095859937261));
#2618=CARTESIAN_POINT('Ctrl Pts',(-43.6921390468915,40.65486242742,-19.3033686552624));
#2619=CARTESIAN_POINT('Ctrl Pts',(41.1645216698882,10.2866590123097,-22.4151867710698));
#2620=CARTESIAN_POINT('Ctrl Pts',(41.6258767255117,10.7854348163403,-22.3194234531028));
#2621=CARTESIAN_POINT('Ctrl Pts',(42.1476488961321,11.3922287862233,-22.1461377006858));
#2622=CARTESIAN_POINT('Ctrl Pts',(43.1039219106913,12.564612558884,-21.7858031027601));
#2623=CARTESIAN_POINT('Ctrl Pts',(43.53842275463,13.1302023616617,-21.5987542572514));
#2624=CARTESIAN_POINT('Ctrl Pts',(44.3201531158259,14.2201778001118,-21.2108934731423));
#2625=CARTESIAN_POINT('Ctrl Pts',(44.6782019269521,14.7608442026091,-21.015836315035));
#2626=CARTESIAN_POINT('Ctrl Pts',(45.3476452706673,15.8653930319052,-20.6289394806006));
#2627=CARTESIAN_POINT('Ctrl Pts',(45.6590398032562,16.429275458704,-20.4370998042733));
#2628=CARTESIAN_POINT('Ctrl Pts',(45.9470463458387,17.0108045410342,-20.254025881675));
#2629=CARTESIAN_POINT('Ctrl Pts',(40.7383342120775,11.1374836045881,-22.4089202009035));
#2630=CARTESIAN_POINT('Ctrl Pts',(41.169571667294,11.5923793753922,-22.2785265981468));
#2631=CARTESIAN_POINT('Ctrl Pts',(41.6269297328956,12.1630791594039,-22.1079838163082));
#2632=CARTESIAN_POINT('Ctrl Pts',(42.548152660173,13.1709287162162,-21.7623692143515));
#2633=CARTESIAN_POINT('Ctrl Pts',(42.9789337643866,13.69050871142,-21.5804033123229));
#2634=CARTESIAN_POINT('Ctrl Pts',(43.7767255540462,14.7323526581087,-21.1915819140112));
#2635=CARTESIAN_POINT('Ctrl Pts',(44.1411350907708,15.2521851023112,-20.9971398412071));
#2636=CARTESIAN_POINT('Ctrl Pts',(44.8209483141836,16.3201161686267,-20.6126035167343));
#2637=CARTESIAN_POINT('Ctrl Pts',(45.1363520008719,16.8682147907396,-20.4225092650656));
#2638=CARTESIAN_POINT('Ctrl Pts',(45.427686114688,17.4357784344068,-20.2412157140771));
#2639=CARTESIAN_POINT('Ctrl Pts',(40.3399669418932,12.1110419742959,-22.3148985225954));
#2640=CARTESIAN_POINT('Ctrl Pts',(40.8016816788916,12.4910019507398,-22.1793331323326));
#2641=CARTESIAN_POINT('Ctrl Pts',(41.2279811019408,12.920953458839,-22.0315275895867));
#2642=CARTESIAN_POINT('Ctrl Pts',(42.1000757177666,13.8117537368525,-21.7001775247551));
#2643=CARTESIAN_POINT('Ctrl Pts',(42.5215856335045,14.290020681625,-21.5167878992684));
#2644=CARTESIAN_POINT('Ctrl Pts',(43.3072744211087,15.2618419670192,-21.1428329093997));
#2645=CARTESIAN_POINT('Ctrl Pts',(43.6714532929749,15.7553963076409,-20.9522675450176));
#2646=CARTESIAN_POINT('Ctrl Pts',(44.3512133515237,16.7783305323198,-20.5755056055564));
#2647=CARTESIAN_POINT('Ctrl Pts',(44.6667945382063,17.3077104163769,-20.3893090304774));
#2648=CARTESIAN_POINT('Ctrl Pts',(44.9578930874019,17.8588288528196,-20.2117343505516));
#2649=CARTESIAN_POINT('Ctrl Pts',(39.6745170395064,13.9295914843451,-22.0866130784808));
#2650=CARTESIAN_POINT('Ctrl Pts',(40.1138941787406,14.1369692591221,-21.9690063540433));
#2651=CARTESIAN_POINT('Ctrl Pts',(40.5255327517297,14.435093526983,-21.8324316748838));
#2652=CARTESIAN_POINT('Ctrl Pts',(41.343139367486,15.118662445311,-21.5242537042546));
#2653=CARTESIAN_POINT('Ctrl Pts',(41.7416369060234,15.5112957014418,-21.3542204195727));
#2654=CARTESIAN_POINT('Ctrl Pts',(42.4968574147033,16.3370558965664,-21.0062997852735));
#2655=CARTESIAN_POINT('Ctrl Pts',(42.8535803848458,16.7701828355601,-20.8284124356564));
#2656=CARTESIAN_POINT('Ctrl Pts',(43.5201310771397,17.6878261456205,-20.476153630478));
#2657=CARTESIAN_POINT('Ctrl Pts',(43.8299587992911,18.1723425166871,-20.3017821749168));
#2658=CARTESIAN_POINT('Ctrl Pts',(44.1136960236212,18.6848583426408,-20.1349953952985));
#2659=CARTESIAN_POINT('Ctrl Pts',(39.4074344073039,14.7745826246866,-21.9523493126742));
#2660=CARTESIAN_POINT('Ctrl Pts',(39.8306288028379,14.9389874208067,-21.8431412726922));
#2661=CARTESIAN_POINT('Ctrl Pts',(40.2407425016219,15.1917172153112,-21.7033760116436));
#2662=CARTESIAN_POINT('Ctrl Pts',(41.0339705449079,15.7891898373667,-21.4097203679482));
#2663=CARTESIAN_POINT('Ctrl Pts',(41.4202647104609,16.1396394925659,-21.2485192890714));
#2664=CARTESIAN_POINT('Ctrl Pts',(42.1558915412355,16.882780517203,-20.918515665759));
#2665=CARTESIAN_POINT('Ctrl Pts',(42.5053892745126,17.2817581581495,-20.7494296224847));
#2666=CARTESIAN_POINT('Ctrl Pts',(43.1587837654155,18.139107395228,-20.4138995665774));
#2667=CARTESIAN_POINT('Ctrl Pts',(43.4626805230415,18.59747899136,-20.2474555539445));
#2668=CARTESIAN_POINT('Ctrl Pts',(43.7392919871265,19.0878374140493,-20.087737803571));
#2669=CARTESIAN_POINT('Ctrl Pts',(39.0045537808807,16.335997676003,-21.6435796935625));
#2670=CARTESIAN_POINT('Ctrl Pts',(39.3907340045622,16.4690540803938,-21.5416650608819));
#2671=CARTESIAN_POINT('Ctrl Pts',(39.7734210221396,16.6553007996447,-21.4207605148172));
#2672=CARTESIAN_POINT('Ctrl Pts',(40.5203175461812,17.1097805238002,-21.1572071687916));
#2673=CARTESIAN_POINT('Ctrl Pts',(40.8845270526453,17.3780135287048,-21.0145583688308));
#2674=CARTESIAN_POINT('Ctrl Pts',(41.5829774555549,17.9720714801009,-20.723752087885));
#2675=CARTESIAN_POINT('Ctrl Pts',(41.9164516089906,18.2984537125798,-20.5753907305229));
#2676=CARTESIAN_POINT('Ctrl Pts',(42.540129849406,19.0187099360552,-20.2806900417374));
#2677=CARTESIAN_POINT('Ctrl Pts',(42.8303244292137,19.4145191720308,-20.1334322527396));
#2678=CARTESIAN_POINT('Ctrl Pts',(43.086030253268,19.854097933235,-19.9906758783141));
#2679=CARTESIAN_POINT('Ctrl Pts',(38.8481742105909,17.08128857475,-21.4796809040191));
#2680=CARTESIAN_POINT('Ctrl Pts',(39.2204395039128,17.1991638001722,-21.3819618308316));
#2681=CARTESIAN_POINT('Ctrl Pts',(39.5908897927652,17.36226069565,-21.267200681231));
#2682=CARTESIAN_POINT('Ctrl Pts',(40.3158333700327,17.759843818178,-21.0192273059416));
#2683=CARTESIAN_POINT('Ctrl Pts',(40.6703266584477,17.9943300452282,-20.8860150802528));
#2684=CARTESIAN_POINT('Ctrl Pts',(41.3502625003324,18.5161951083496,-20.6165687531485));
#2685=CARTESIAN_POINT('Ctrl Pts',(41.6757050538019,18.8035739444208,-20.4803346517329));
#2686=CARTESIAN_POINT('Ctrl Pts',(42.2828232451206,19.4470312272748,-20.2097345807979));
#2687=CARTESIAN_POINT('Ctrl Pts',(42.5537257269638,19.8048899353193,-20.0767777742275));
#2688=CARTESIAN_POINT('Ctrl Pts',(42.8137978305062,20.194561423881,-19.9466099110955));
#2689=CARTESIAN_POINT('Ctrl Pts',(38.6029363360866,18.5483505195994,-21.1458553178784));
#2690=CARTESIAN_POINT('Ctrl Pts',(38.9542750029323,18.6372931482181,-21.0567469329312));
#2691=CARTESIAN_POINT('Ctrl Pts',(39.3059190205258,18.7595567990558,-20.9538443097338));
#2692=CARTESIAN_POINT('Ctrl Pts',(39.9969624370355,19.0555727773568,-20.7356138122094));
#2693=CARTESIAN_POINT('Ctrl Pts',(40.3363618359516,19.2293251048202,-20.6202859378825));
#2694=CARTESIAN_POINT('Ctrl Pts',(40.9858165014027,19.6129483173722,-20.3928177082064));
#2695=CARTESIAN_POINT('Ctrl Pts',(41.2958717679377,19.8228192024609,-20.2806773528572));
#2696=CARTESIAN_POINT('Ctrl Pts',(41.8681760865672,20.2822771664311,-20.0658815251237));
#2697=CARTESIAN_POINT('Ctrl Pts',(42.1230842837287,20.5335897119071,-19.9639758463504));
#2698=CARTESIAN_POINT('Ctrl Pts',(42.3781298733175,20.790154867279,-19.867407967478));
#2699=CARTESIAN_POINT('Ctrl Pts',(38.514078031872,19.2701215657019,-20.9759285212811));
#2700=CARTESIAN_POINT('Ctrl Pts',(38.8584050026011,19.3453127764857,-20.891235265081));
#2701=CARTESIAN_POINT('Ctrl Pts',(39.2034794776608,19.4498930064564,-20.7940477718228));
#2702=CARTESIAN_POINT('Ctrl Pts',(39.8825756801868,19.7012384421579,-20.5899801813273));
#2703=CARTESIAN_POINT('Ctrl Pts',(40.216597407653,19.8480036478887,-20.4831000840901));
#2704=CARTESIAN_POINT('Ctrl Pts',(40.8578558989675,20.166687434395,-20.2751728222877));
#2705=CARTESIAN_POINT('Ctrl Pts',(41.1626585208933,20.3315837388694,-20.1761567699577));
#2706=CARTESIAN_POINT('Ctrl Pts',(41.7151571819077,20.6854185098582,-19.9927261202691));
#2707=CARTESIAN_POINT('Ctrl Pts',(41.9585776742125,20.8273357774847,-19.919585175996));
#2708=CARTESIAN_POINT('Ctrl Pts',(42.2146943388906,21.045284820031,-19.8322719910791));
#2709=CARTESIAN_POINT('Ctrl Pts',(38.4528109820677,19.9882072594734,-20.812860415189));
#2710=CARTESIAN_POINT('Ctrl Pts',(38.7924373353566,20.0505837966598,-20.7322530011473));
#2711=CARTESIAN_POINT('Ctrl Pts',(39.133279897802,20.1389299292724,-20.6402670489075));
#2712=CARTESIAN_POINT('Ctrl Pts',(39.8058614853953,20.3495953904666,-20.4485577951044));
#2713=CARTESIAN_POINT('Ctrl Pts',(40.1376005105432,20.4719147190482,-20.3488344935411));
#2714=CARTESIAN_POINT('Ctrl Pts',(40.777254608161,20.732122039195,-20.1568999346773));
#2715=CARTESIAN_POINT('Ctrl Pts',(41.0649673693302,20.8557597733439,-20.072051305136));
#2716=CARTESIAN_POINT('Ctrl Pts',(41.5761643163891,21.0901033897926,-19.9245913458347));
#2717=CARTESIAN_POINT('Ctrl Pts',(41.7996485022788,21.2008092720924,-19.8619800160745));
#2718=CARTESIAN_POINT('Ctrl Pts',(42.0392931210652,21.3166233956391,-19.7983748339095));
#2719=CARTESIAN_POINT('Ctrl Pts',(45.9470463458387,17.0108045410342,-20.254025881675));
#2720=CARTESIAN_POINT('Ctrl Pts',(45.6590398032562,16.429275458704,-20.4370998042733));
#2721=CARTESIAN_POINT('Ctrl Pts',(45.3476452706673,15.8653930319052,-20.6289394806006));
#2722=CARTESIAN_POINT('Ctrl Pts',(44.6782019269521,14.7608442026091,-21.015836315035));
#2723=CARTESIAN_POINT('Ctrl Pts',(44.3201531158259,14.2201778001118,-21.2108934731423));
#2724=CARTESIAN_POINT('Ctrl Pts',(43.53842275463,13.1302023616617,-21.5987542572514));
#2725=CARTESIAN_POINT('Ctrl Pts',(43.1039219106913,12.564612558884,-21.7858031027601));
#2726=CARTESIAN_POINT('Ctrl Pts',(42.1476488961321,11.3922287862233,-22.1461377006858));
#2727=CARTESIAN_POINT('Ctrl Pts',(41.6258767255117,10.7854348163403,-22.3194234531028));
#2728=CARTESIAN_POINT('Ctrl Pts',(41.1645216698882,10.2866590123097,-22.4151867710698));
#2729=CARTESIAN_POINT('Ctrl Pts',(-41.1645216698882,10.2866590123097,-22.4151867710698));
#2730=CARTESIAN_POINT('Ctrl Pts',(-40.7383342120775,11.1374836045881,-22.4089202009035));
#2731=CARTESIAN_POINT('Ctrl Pts',(-40.3399669418932,12.1110419742959,-22.3148985225954));
#2732=CARTESIAN_POINT('Ctrl Pts',(-39.6745170395064,13.9295914843451,-22.0866130784808));
#2733=CARTESIAN_POINT('Ctrl Pts',(-39.4074344073039,14.7745826246866,-21.9523493126742));
#2734=CARTESIAN_POINT('Ctrl Pts',(-39.0045537808807,16.335997676003,-21.6435796935625));
#2735=CARTESIAN_POINT('Ctrl Pts',(-38.8481742105909,17.08128857475,-21.4796809040191));
#2736=CARTESIAN_POINT('Ctrl Pts',(-38.6029363360866,18.5483505195994,-21.1458553178784));
#2737=CARTESIAN_POINT('Ctrl Pts',(-38.514078031872,19.2701215657019,-20.9759285212811));
#2738=CARTESIAN_POINT('Ctrl Pts',(-38.4528109820677,19.9882072594734,-20.812860415189));
#2739=CARTESIAN_POINT('Ctrl Pts',(-41.6258767255117,10.7854348163403,-22.3194234531027));
#2740=CARTESIAN_POINT('Ctrl Pts',(-41.169571667294,11.5923793753922,-22.2785265981468));
#2741=CARTESIAN_POINT('Ctrl Pts',(-40.8016816788917,12.4910019507398,-22.1793331323326));
#2742=CARTESIAN_POINT('Ctrl Pts',(-40.1138941787407,14.1369692591221,-21.9690063540433));
#2743=CARTESIAN_POINT('Ctrl Pts',(-39.8306288028379,14.9389874208067,-21.8431412726922));
#2744=CARTESIAN_POINT('Ctrl Pts',(-39.3907340045622,16.4690540803938,-21.5416650608819));
#2745=CARTESIAN_POINT('Ctrl Pts',(-39.2204395039128,17.1991638001722,-21.3819618308316));
#2746=CARTESIAN_POINT('Ctrl Pts',(-38.9542750029323,18.6372931482181,-21.0567469329312));
#2747=CARTESIAN_POINT('Ctrl Pts',(-38.8584050026011,19.3453127764857,-20.891235265081));
#2748=CARTESIAN_POINT('Ctrl Pts',(-38.7924373353566,20.0505837966598,-20.7322530011473));
#2749=CARTESIAN_POINT('Ctrl Pts',(-42.1476488961321,11.3922287862233,-22.1461377006858));
#2750=CARTESIAN_POINT('Ctrl Pts',(-41.6269297328955,12.1630791594039,-22.1079838163082));
#2751=CARTESIAN_POINT('Ctrl Pts',(-41.2279811019408,12.920953458839,-22.0315275895868));
#2752=CARTESIAN_POINT('Ctrl Pts',(-40.5255327517297,14.435093526983,-21.8324316748838));
#2753=CARTESIAN_POINT('Ctrl Pts',(-40.2407425016219,15.1917172153112,-21.7033760116436));
#2754=CARTESIAN_POINT('Ctrl Pts',(-39.7734210221396,16.6553007996447,-21.4207605148172));
#2755=CARTESIAN_POINT('Ctrl Pts',(-39.5908897927652,17.36226069565,-21.267200681231));
#2756=CARTESIAN_POINT('Ctrl Pts',(-39.3059190205258,18.7595567990558,-20.9538443097338));
#2757=CARTESIAN_POINT('Ctrl Pts',(-39.2034794776608,19.4498930064564,-20.7940477718228));
#2758=CARTESIAN_POINT('Ctrl Pts',(-39.133279897802,20.1389299292724,-20.6402670489075));
#2759=CARTESIAN_POINT('Ctrl Pts',(-43.1039219106913,12.564612558884,-21.7858031027601));
#2760=CARTESIAN_POINT('Ctrl Pts',(-42.548152660173,13.1709287162162,-21.7623692143514));
#2761=CARTESIAN_POINT('Ctrl Pts',(-42.1000757177666,13.8117537368525,-21.7001775247551));
#2762=CARTESIAN_POINT('Ctrl Pts',(-41.343139367486,15.118662445311,-21.5242537042546));
#2763=CARTESIAN_POINT('Ctrl Pts',(-41.0339705449079,15.7891898373667,-21.4097203679482));
#2764=CARTESIAN_POINT('Ctrl Pts',(-40.5203175461812,17.1097805238002,-21.1572071687916));
#2765=CARTESIAN_POINT('Ctrl Pts',(-40.3158333700327,17.759843818178,-21.0192273059416));
#2766=CARTESIAN_POINT('Ctrl Pts',(-39.9969624370355,19.0555727773568,-20.7356138122094));
#2767=CARTESIAN_POINT('Ctrl Pts',(-39.8825756801868,19.7012384421579,-20.5899801813273));
#2768=CARTESIAN_POINT('Ctrl Pts',(-39.8058614853953,20.3495953904666,-20.4485577951044));
#2769=CARTESIAN_POINT('Ctrl Pts',(-43.53842275463,13.1302023616617,-21.5987542572514));
#2770=CARTESIAN_POINT('Ctrl Pts',(-42.9789337643866,13.69050871142,-21.5804033123229));
#2771=CARTESIAN_POINT('Ctrl Pts',(-42.5215856335045,14.290020681625,-21.5167878992684));
#2772=CARTESIAN_POINT('Ctrl Pts',(-41.7416369060234,15.5112957014418,-21.3542204195727));
#2773=CARTESIAN_POINT('Ctrl Pts',(-41.4202647104609,16.1396394925659,-21.2485192890714));
#2774=CARTESIAN_POINT('Ctrl Pts',(-40.8845270526453,17.3780135287048,-21.0145583688308));
#2775=CARTESIAN_POINT('Ctrl Pts',(-40.6703266584477,17.9943300452282,-20.8860150802528));
#2776=CARTESIAN_POINT('Ctrl Pts',(-40.3363618359516,19.2293251048202,-20.6202859378825));
#2777=CARTESIAN_POINT('Ctrl Pts',(-40.216597407653,19.8480036478887,-20.4831000840901));
#2778=CARTESIAN_POINT('Ctrl Pts',(-40.1376005105432,20.4719147190482,-20.3488344935411));
#2779=CARTESIAN_POINT('Ctrl Pts',(-44.3201531158259,14.2201778001118,-21.2108934731423));
#2780=CARTESIAN_POINT('Ctrl Pts',(-43.7767255540462,14.7323526581087,-21.1915819140112));
#2781=CARTESIAN_POINT('Ctrl Pts',(-43.3072744211087,15.2618419670192,-21.1428329093997));
#2782=CARTESIAN_POINT('Ctrl Pts',(-42.4968574147033,16.3370558965664,-21.0062997852735));
#2783=CARTESIAN_POINT('Ctrl Pts',(-42.1558915412355,16.882780517203,-20.918515665759));
#2784=CARTESIAN_POINT('Ctrl Pts',(-41.5829774555549,17.9720714801009,-20.723752087885));
#2785=CARTESIAN_POINT('Ctrl Pts',(-41.3502625003324,18.5161951083496,-20.6165687531485));
#2786=CARTESIAN_POINT('Ctrl Pts',(-40.9858165014027,19.6129483173722,-20.3928177082064));
#2787=CARTESIAN_POINT('Ctrl Pts',(-40.8578558989675,20.166687434395,-20.2751728222877));
#2788=CARTESIAN_POINT('Ctrl Pts',(-40.777254608161,20.732122039195,-20.1568999346773));
#2789=CARTESIAN_POINT('Ctrl Pts',(-44.6782019269521,14.7608442026091,-21.015836315035));
#2790=CARTESIAN_POINT('Ctrl Pts',(-44.1411350907708,15.2521851023112,-20.9971398412071));
#2791=CARTESIAN_POINT('Ctrl Pts',(-43.6714532929749,15.7553963076409,-20.9522675450176));
#2792=CARTESIAN_POINT('Ctrl Pts',(-42.8535803848458,16.7701828355601,-20.8284124356564));
#2793=CARTESIAN_POINT('Ctrl Pts',(-42.5053892745126,17.2817581581495,-20.7494296224847));
#2794=CARTESIAN_POINT('Ctrl Pts',(-41.9164516089906,18.2984537125798,-20.5753907305229));
#2795=CARTESIAN_POINT('Ctrl Pts',(-41.6757050538019,18.8035739444207,-20.4803346517329));
#2796=CARTESIAN_POINT('Ctrl Pts',(-41.2958717679376,19.8228192024609,-20.2806773528572));
#2797=CARTESIAN_POINT('Ctrl Pts',(-41.1626585208933,20.3315837388694,-20.1761567699577));
#2798=CARTESIAN_POINT('Ctrl Pts',(-41.0649673693302,20.8557597733439,-20.072051305136));
#2799=CARTESIAN_POINT('Ctrl Pts',(-45.3476452706673,15.8653930319052,-20.6289394806006));
#2800=CARTESIAN_POINT('Ctrl Pts',(-44.8209483141836,16.3201161686267,-20.6126035167343));
#2801=CARTESIAN_POINT('Ctrl Pts',(-44.3512133515237,16.7783305323198,-20.5755056055564));
#2802=CARTESIAN_POINT('Ctrl Pts',(-43.5201310771397,17.6878261456205,-20.476153630478));
#2803=CARTESIAN_POINT('Ctrl Pts',(-43.1587837654155,18.139107395228,-20.4138995665774));
#2804=CARTESIAN_POINT('Ctrl Pts',(-42.540129849406,19.0187099360552,-20.2806900417374));
#2805=CARTESIAN_POINT('Ctrl Pts',(-42.2828232451206,19.4470312272748,-20.2097345807979));
#2806=CARTESIAN_POINT('Ctrl Pts',(-41.8681760865672,20.2822771664311,-20.0658815251237));
#2807=CARTESIAN_POINT('Ctrl Pts',(-41.7151571819077,20.6854185098582,-19.9927261202691));
#2808=CARTESIAN_POINT('Ctrl Pts',(-41.5761643163891,21.0901033897926,-19.9245913458347));
#2809=CARTESIAN_POINT('Ctrl Pts',(-45.6590398032562,16.429275458704,-20.4370998042733));
#2810=CARTESIAN_POINT('Ctrl Pts',(-45.1363520008719,16.8682147907396,-20.4225092650656));
#2811=CARTESIAN_POINT('Ctrl Pts',(-44.6667945382063,17.3077104163769,-20.3893090304774));
#2812=CARTESIAN_POINT('Ctrl Pts',(-43.8299587992911,18.1723425166871,-20.3017821749168));
#2813=CARTESIAN_POINT('Ctrl Pts',(-43.4626805230415,18.5974789913599,-20.2474555539445));
#2814=CARTESIAN_POINT('Ctrl Pts',(-42.8303244292137,19.4145191720308,-20.1334322527396));
#2815=CARTESIAN_POINT('Ctrl Pts',(-42.5537257269638,19.8048899353193,-20.0767777742274));
#2816=CARTESIAN_POINT('Ctrl Pts',(-42.1230842837287,20.5335897119071,-19.9639758463504));
#2817=CARTESIAN_POINT('Ctrl Pts',(-41.9585776742124,20.8273357774847,-19.919585175996));
#2818=CARTESIAN_POINT('Ctrl Pts',(-41.7996485022788,21.2008092720924,-19.8619800160746));
#2819=CARTESIAN_POINT('Ctrl Pts',(-45.9470463458387,17.0108045410342,-20.254025881675));
#2820=CARTESIAN_POINT('Ctrl Pts',(-45.427686114688,17.4357784344068,-20.2412157140771));
#2821=CARTESIAN_POINT('Ctrl Pts',(-44.9578930874019,17.8588288528196,-20.2117343505516));
#2822=CARTESIAN_POINT('Ctrl Pts',(-44.1136960236212,18.6848583426408,-20.1349953952985));
#2823=CARTESIAN_POINT('Ctrl Pts',(-43.7392919871265,19.0878374140493,-20.087737803571));
#2824=CARTESIAN_POINT('Ctrl Pts',(-43.086030253268,19.854097933235,-19.9906758783141));
#2825=CARTESIAN_POINT('Ctrl Pts',(-42.8137978305062,20.194561423881,-19.9466099110955));
#2826=CARTESIAN_POINT('Ctrl Pts',(-42.3781298733175,20.790154867279,-19.867407967478));
#2827=CARTESIAN_POINT('Ctrl Pts',(-42.2146943388906,21.045284820031,-19.8322719910791));
#2828=CARTESIAN_POINT('Ctrl Pts',(-42.0392931210652,21.3166233956391,-19.7983748339095));
#2829=CARTESIAN_POINT('Ctrl Pts',(-41.1645216698882,10.2866590123097,-22.4151867710698));
#2830=CARTESIAN_POINT('Ctrl Pts',(-41.6258767255117,10.7854348163403,-22.3194234531027));
#2831=CARTESIAN_POINT('Ctrl Pts',(-42.1476488961321,11.3922287862233,-22.1461377006858));
#2832=CARTESIAN_POINT('Ctrl Pts',(-43.1039219106913,12.564612558884,-21.7858031027601));
#2833=CARTESIAN_POINT('Ctrl Pts',(-43.53842275463,13.1302023616617,-21.5987542572514));
#2834=CARTESIAN_POINT('Ctrl Pts',(-44.3201531158259,14.2201778001118,-21.2108934731423));
#2835=CARTESIAN_POINT('Ctrl Pts',(-44.6782019269521,14.7608442026091,-21.015836315035));
#2836=CARTESIAN_POINT('Ctrl Pts',(-45.3476452706673,15.8653930319052,-20.6289394806006));
#2837=CARTESIAN_POINT('Ctrl Pts',(-45.6590398032562,16.429275458704,-20.4370998042733));
#2838=CARTESIAN_POINT('Ctrl Pts',(-45.9470463458387,17.0108045410342,-20.254025881675));
#2839=CARTESIAN_POINT('Ctrl Pts',(49.0155399050986,39.0470424827655,-18.2520527371732));
#2840=CARTESIAN_POINT('Ctrl Pts',(49.0231489678425,38.6772463292219,-18.7376971547158));
#2841=CARTESIAN_POINT('Ctrl Pts',(49.0335164300329,38.2606917372609,-19.1168900952902));
#2842=CARTESIAN_POINT('Ctrl Pts',(49.054409160927,37.3476667018672,-19.6996937731177));
#2843=CARTESIAN_POINT('Ctrl Pts',(49.0649344296307,36.8511962584346,-19.9033045103707));
#2844=CARTESIAN_POINT('Ctrl Pts',(49.088708456942,35.2623126889743,-20.3067445430693));
#2845=CARTESIAN_POINT('Ctrl Pts',(49.1050493963655,31.6866565934036,-20.2840558922254));
#2846=CARTESIAN_POINT('Ctrl Pts',(48.6547091766197,24.5538465059984,-18.3376429298218));
#2847=CARTESIAN_POINT('Ctrl Pts',(46.9046179336121,18.6848051658992,-19.6697410989644));
#2848=CARTESIAN_POINT('Ctrl Pts',(45.0362507380783,15.3015106051065,-20.8207791569278));
#2849=CARTESIAN_POINT('Ctrl Pts',(44.3201531158259,14.2201778001118,-21.2108934731423));
#2850=CARTESIAN_POINT('Ctrl Pts',(43.53842275463,13.1302023616617,-21.5987542572514));
#2851=CARTESIAN_POINT('Ctrl Pts',(43.1039219106913,12.564612558884,-21.7858031027601));
#2852=CARTESIAN_POINT('Ctrl Pts',(42.1476488961321,11.3922287862233,-22.1461377006858));
#2853=CARTESIAN_POINT('Ctrl Pts',(41.6258767255117,10.7854348163403,-22.3194234531028));
#2854=CARTESIAN_POINT('Ctrl Pts',(41.1645216698882,10.2866590123097,-22.4151867710698));
#2855=CARTESIAN_POINT('Ctrl Pts',(49.4622515238424,38.8961819287187,-18.1826648488903));
#2856=CARTESIAN_POINT('Ctrl Pts',(49.4708117194292,38.5230882462819,-18.668686938067));
#2857=CARTESIAN_POINT('Ctrl Pts',(49.4824751143934,38.1024861534281,-19.0487208963567));
#2858=CARTESIAN_POINT('Ctrl Pts',(49.5064983546199,37.1801079429646,-19.6339723760718));
#2859=CARTESIAN_POINT('Ctrl Pts',(49.5188581998822,36.678331825355,-19.8391898974972));
#2860=CARTESIAN_POINT('Ctrl Pts',(49.5487174884313,35.0720066295094,-20.2483575438411));
#2861=CARTESIAN_POINT('Ctrl Pts',(49.5795550765781,31.4553688657518,-20.2407531648003));
#2862=CARTESIAN_POINT('Ctrl Pts',(49.1559492046665,24.2382701638452,-18.3279703356638));
#2863=CARTESIAN_POINT('Ctrl Pts',(47.4112691195994,18.3090010526071,-19.6773499395379));
#2864=CARTESIAN_POINT('Ctrl Pts',(45.5669568486612,14.8310036636991,-20.8388605454527));
#2865=CARTESIAN_POINT('Ctrl Pts',(44.8635806776056,13.708002942115,-21.2302050322733));
#2866=CARTESIAN_POINT('Ctrl Pts',(44.0979117448735,12.5698960119035,-21.61710520218));
#2867=CARTESIAN_POINT('Ctrl Pts',(43.6865320463905,11.9957209497666,-21.7959197051975));
#2868=CARTESIAN_POINT('Ctrl Pts',(42.8385302493617,10.8254782046157,-22.1233758614211));
#2869=CARTESIAN_POINT('Ctrl Pts',(42.3288451970872,10.2627542778432,-22.2823465420656));
#2870=CARTESIAN_POINT('Ctrl Pts',(41.8758422329557,9.74409481968833,-22.362268355857));
#2871=CARTESIAN_POINT('Ctrl Pts',(49.907893617545,38.7420996218183,-18.1208445959624));
#2872=CARTESIAN_POINT('Ctrl Pts',(49.9175238375802,38.3652962193767,-18.6072915657275));
#2873=CARTESIAN_POINT('Ctrl Pts',(49.9306451569149,37.9401481190386,-18.9881676346652));
#2874=CARTESIAN_POINT('Ctrl Pts',(49.9582405098878,37.0073053729052,-19.5757725288805));
#2875=CARTESIAN_POINT('Ctrl Pts',(49.9727145435261,36.4996107271097,-19.7825013541582));
#2876=CARTESIAN_POINT('Ctrl Pts',(50.0097214894525,34.8739212470407,-20.1969588014935));
#2877=CARTESIAN_POINT('Ctrl Pts',(50.0580747613529,31.2121201161711,-20.2029575821735));
#2878=CARTESIAN_POINT('Ctrl Pts',(49.6725913903534,23.9055783978566,-18.318048459714));
#2879=CARTESIAN_POINT('Ctrl Pts',(47.955724028886,17.9220134994371,-19.6749580924551));
#2880=CARTESIAN_POINT('Ctrl Pts',(46.1584566071729,14.3669228826334,-20.834027734735));
#2881=CARTESIAN_POINT('Ctrl Pts',(45.4809846682274,13.2131425350318,-21.2200791459238));
#2882=CARTESIAN_POINT('Ctrl Pts',(44.7589094550596,12.0522494578918,-21.5916309807251));
#2883=CARTESIAN_POINT('Ctrl Pts',(44.3755702113646,11.4682465545526,-21.770157109932));
#2884=CARTESIAN_POINT('Ctrl Pts',(43.6150463065754,10.2996117213341,-22.0683748150036));
#2885=CARTESIAN_POINT('Ctrl Pts',(43.2343280388954,9.73133276135778,-22.1885292873154));
#2886=CARTESIAN_POINT('Ctrl Pts',(42.8387990195451,9.13738900359286,-22.2591069700876));
#2887=CARTESIAN_POINT('Ctrl Pts',(50.7951665087999,38.4290484894774,-18.0104824043756));
#2888=CARTESIAN_POINT('Ctrl Pts',(50.8071013240607,38.0443041386542,-18.4978893165315));
#2889=CARTESIAN_POINT('Ctrl Pts',(50.8233659645674,37.6094196500705,-18.8804825306341));
#2890=CARTESIAN_POINT('Ctrl Pts',(50.858740881612,36.6541995819687,-19.4726964383812));
#2891=CARTESIAN_POINT('Ctrl Pts',(50.8778511581498,36.1338640024505,-19.6823171320258));
#2892=CARTESIAN_POINT('Ctrl Pts',(50.9307294201181,34.4669244043745,-20.1067027457448));
#2893=CARTESIAN_POINT('Ctrl Pts',(51.0186756734746,30.7093137701359,-20.1375681043244));
#2894=CARTESIAN_POINT('Ctrl Pts',(50.7273605418387,23.217723264509,-18.2987735632327));
#2895=CARTESIAN_POINT('Ctrl Pts',(49.1024881763,17.1360070516556,-19.6538764031434));
#2896=CARTESIAN_POINT('Ctrl Pts',(47.4317811106881,13.4547828951254,-20.7892450181891));
#2897=CARTESIAN_POINT('Ctrl Pts',(46.8185090809209,12.2542236253886,-21.1578068866322));
#2898=CARTESIAN_POINT('Ctrl Pts',(46.18280548606,11.0559041203562,-21.5014950869501));
#2899=CARTESIAN_POINT('Ctrl Pts',(45.8537379060826,10.4578642501923,-21.6609023530464));
#2900=CARTESIAN_POINT('Ctrl Pts',(45.2380734963811,9.25711033955998,-21.9124287002475));
#2901=CARTESIAN_POINT('Ctrl Pts',(44.955770981144,8.65203218735247,-22.0032482513646));
#2902=CARTESIAN_POINT('Ctrl Pts',(44.719154275719,8.01729848254813,-22.0437100025302));
#2903=CARTESIAN_POINT('Ctrl Pts',(51.2367973063522,38.2700796640368,-17.9619404657168));
#2904=CARTESIAN_POINT('Ctrl Pts',(51.2499666923902,37.8811040848371,-18.4498824396749));
#2905=CARTESIAN_POINT('Ctrl Pts',(51.2679167296985,37.441029215492,-18.8333506882945));
#2906=CARTESIAN_POINT('Ctrl Pts',(51.3074990980682,36.4738963610917,-19.4278201950731));
#2907=CARTESIAN_POINT('Ctrl Pts',(51.3291314291296,35.9468383760365,-19.6388214532322));
#2908=CARTESIAN_POINT('Ctrl Pts',(51.3907333497624,34.2580129441769,-20.0678454323435));
#2909=CARTESIAN_POINT('Ctrl Pts',(51.5007569008215,30.4497561736816,-20.1099742091021));
#2910=CARTESIAN_POINT('Ctrl Pts',(51.2654875076371,22.86255989715,-18.2894205427013));
#2911=CARTESIAN_POINT('Ctrl Pts',(49.7047974144277,16.7369881570442,-19.6351865609144));
#2912=CARTESIAN_POINT('Ctrl Pts',(48.1136058556917,13.0067236886831,-20.7492951123609));
#2913=CARTESIAN_POINT('Ctrl Pts',(47.5386295029926,11.7901651228286,-21.1056605136902));
#2914=CARTESIAN_POINT('Ctrl Pts',(46.9557894169462,10.5769061455704,-21.432559718802));
#2915=CARTESIAN_POINT('Ctrl Pts',(46.6534697579269,9.97273694481035,-21.5819230453358));
#2916=CARTESIAN_POINT('Ctrl Pts',(46.0948252518598,8.7603022752434,-21.8142273525268));
#2917=CARTESIAN_POINT('Ctrl Pts',(45.8336535711657,8.14507931763591,-21.8999577568099));
#2918=CARTESIAN_POINT('Ctrl Pts',(45.6365527453036,7.50391377759888,-21.9314744207423));
#2919=CARTESIAN_POINT('Ctrl Pts',(52.5528643856818,37.7881788906555,-17.8334466864826));
#2920=CARTESIAN_POINT('Ctrl Pts',(52.5698744482219,37.3861816745457,-18.3231827626259));
#2921=CARTESIAN_POINT('Ctrl Pts',(52.5930771184376,36.9300980628594,-18.7093716076052));
#2922=CARTESIAN_POINT('Ctrl Pts',(52.6458630462769,35.926216179479,-19.3105976272345));
#2923=CARTESIAN_POINT('Ctrl Pts',(52.6754463039005,35.378417907785,-19.5256348018843));
#2924=CARTESIAN_POINT('Ctrl Pts',(52.7647600159684,33.6221382994095,-19.967933008337));
#2925=CARTESIAN_POINT('Ctrl Pts',(52.9456431968924,29.6580399094852,-20.0412761512545));
#2926=CARTESIAN_POINT('Ctrl Pts',(52.8981162724463,21.7810012624681,-18.2638158927373));
#2927=CARTESIAN_POINT('Ctrl Pts',(51.5718769454366,15.5373877685193,-19.560225111758));
#2928=CARTESIAN_POINT('Ctrl Pts',(50.247674106392,11.6913323122017,-20.5928367072722));
#2929=CARTESIAN_POINT('Ctrl Pts',(49.7852107770307,10.4384519759768,-20.9114722715285));
#2930=CARTESIAN_POINT('Ctrl Pts',(49.3310212838367,9.19361955298958,-21.1933169493473));
#2931=CARTESIAN_POINT('Ctrl Pts',(49.1080634553233,8.57522729811486,-21.315843845038));
#2932=CARTESIAN_POINT('Ctrl Pts',(48.6892266621376,7.33996954023376,-21.5001000140022));
#2933=CARTESIAN_POINT('Ctrl Pts',(48.4933476974653,6.72310403722739,-21.5618292872757));
#2934=CARTESIAN_POINT('Ctrl Pts',(48.3204106785503,6.10374132947048,-21.5811563813506));
#2935=CARTESIAN_POINT('Ctrl Pts',(55.1496972910314,36.8044001556544,-17.6449872749834));
#2936=CARTESIAN_POINT('Ctrl Pts',(55.1749365632578,36.3750478586032,-18.139067222611));
#2937=CARTESIAN_POINT('Ctrl Pts',(55.2094302692996,35.8851963620063,-18.5310792315455));
#2938=CARTESIAN_POINT('Ctrl Pts',(55.2909481380543,34.8037737403264,-19.1457771398996));
#2939=CARTESIAN_POINT('Ctrl Pts',(55.3379723007672,34.2122026152436,-19.3684630393192));
#2940=CARTESIAN_POINT('Ctrl Pts',(55.4888728574732,32.3138279531752,-19.8347462251124));
#2941=CARTESIAN_POINT('Ctrl Pts',(55.8299862451541,28.0224334817585,-19.9602145468361));
#2942=CARTESIAN_POINT('Ctrl Pts',(56.2363652717209,19.5536098626842,-18.2224242393311));
#2943=CARTESIAN_POINT('Ctrl Pts',(55.5466432739591,13.1280121727079,-19.334734523567));
#2944=CARTESIAN_POINT('Ctrl Pts',(54.8701866705509,9.17569453062109,-20.1334851466791));
#2945=CARTESIAN_POINT('Ctrl Pts',(54.623253356399,7.89687512558632,-20.3720992938618));
#2946=CARTESIAN_POINT('Ctrl Pts',(54.369315058447,6.63458125279698,-20.5792633516152));
#2947=CARTESIAN_POINT('Ctrl Pts',(54.2388434175709,6.01169708252502,-20.6671203357772));
#2948=CARTESIAN_POINT('Ctrl Pts',(53.9746140580597,4.7796699019749,-20.7937521555031));
#2949=CARTESIAN_POINT('Ctrl Pts',(53.8408563394245,4.17052689169674,-20.832526991067));
#2950=CARTESIAN_POINT('Ctrl Pts',(53.7073150349302,3.56686227528964,-20.8379447227474));
#2951=CARTESIAN_POINT('Ctrl Pts',(59.1889111026552,35.1583022194825,-17.5621116042084));
#2952=CARTESIAN_POINT('Ctrl Pts',(59.226210794856,34.6949715163506,-18.0681554715264));
#2953=CARTESIAN_POINT('Ctrl Pts',(59.2776610982508,34.1612466047765,-18.4736268901126));
#2954=CARTESIAN_POINT('Ctrl Pts',(59.4038175501178,32.9768442518819,-19.1160298198216));
#2955=CARTESIAN_POINT('Ctrl Pts',(59.47852369859,32.3261668105613,-19.3529613309444));
#2956=CARTESIAN_POINT('Ctrl Pts',(59.729957845657,30.2344595226868,-19.8598534881173));
#2957=CARTESIAN_POINT('Ctrl Pts',(60.3420889463926,25.4923450912861,-20.0580282976818));
#2958=CARTESIAN_POINT('Ctrl Pts',(61.6058988419995,16.2254749889659,-18.2665715230463));
#2959=CARTESIAN_POINT('Ctrl Pts',(62.3091030885967,9.68164438474767,-18.8032812371745));
#2960=CARTESIAN_POINT('Ctrl Pts',(62.4705160293416,5.74884498797963,-19.2784036627531));
#2961=CARTESIAN_POINT('Ctrl Pts',(62.4791195925845,4.48458823884388,-19.4264829515935));
#2962=CARTESIAN_POINT('Ctrl Pts',(62.4630150648432,3.23835758353658,-19.556446324115));
#2963=CARTESIAN_POINT('Ctrl Pts',(62.4426087554805,2.62425530279714,-19.6123700522165));
#2964=CARTESIAN_POINT('Ctrl Pts',(62.3749803299564,1.40876473741502,-19.6931331022914));
#2965=CARTESIAN_POINT('Ctrl Pts',(62.327758213795,0.807376452772331,-19.7179724242649));
#2966=CARTESIAN_POINT('Ctrl Pts',(62.2660743363267,0.209689117312166,-19.72078529827));
#2967=CARTESIAN_POINT('Ctrl Pts',(62.5434441692365,33.7526999484793,-17.4904207007397));
#2968=CARTESIAN_POINT('Ctrl Pts',(62.5788798076416,33.3193351828334,-18.0172494617616));
#2969=CARTESIAN_POINT('Ctrl Pts',(62.6293625921434,32.8147010988195,-18.4461038857647));
#2970=CARTESIAN_POINT('Ctrl Pts',(62.7561680604526,31.6862407497036,-19.1377678237652));
#2971=CARTESIAN_POINT('Ctrl Pts',(62.8324907442598,31.0624144846016,-19.4005773377625));
#2972=CARTESIAN_POINT('Ctrl Pts',(63.0938370553076,29.0471671011338,-19.9847941607931));
#2973=CARTESIAN_POINT('Ctrl Pts',(63.7460427159075,24.4415979815529,-20.3363809310092));
#2974=CARTESIAN_POINT('Ctrl Pts',(65.2253537694797,15.291065024534,-18.6323503440411));
#2975=CARTESIAN_POINT('Ctrl Pts',(66.4148630849061,8.64797366718098,-18.6568545915308));
#2976=CARTESIAN_POINT('Ctrl Pts',(66.9944536321553,4.63339421508181,-18.9090436161568));
#2977=CARTESIAN_POINT('Ctrl Pts',(67.1540516295213,3.34210924673861,-19.0107747151965));
#2978=CARTESIAN_POINT('Ctrl Pts',(67.2942784860391,2.07012258612064,-19.1144503810917));
#2979=CARTESIAN_POINT('Ctrl Pts',(67.354706343874,1.44377840967427,-19.167260497467));
#2980=CARTESIAN_POINT('Ctrl Pts',(67.4536192037061,0.206232581053707,-19.2679358185132));
#2981=CARTESIAN_POINT('Ctrl Pts',(67.4921042057033,-0.404969071120477,-19.315801023184));
#2982=CARTESIAN_POINT('Ctrl Pts',(67.5183319222869,-1.01067735288509,-19.3577490327225));
#2983=CARTESIAN_POINT('Ctrl Pts',(64.018859795173,32.4173054835807,-16.2731028365637));
#2984=CARTESIAN_POINT('Ctrl Pts',(64.0487427700138,32.0424377685947,-16.7589383791983));
#2985=CARTESIAN_POINT('Ctrl Pts',(64.096791190211,31.6030053350233,-17.1571410974346));
#2986=CARTESIAN_POINT('Ctrl Pts',(64.2227271487661,30.611279381075,-17.8032092401936));
#2987=CARTESIAN_POINT('Ctrl Pts',(64.3006146871241,30.0589858606981,-18.0510746647164));
#2988=CARTESIAN_POINT('Ctrl Pts',(64.5692983206114,28.2572161949074,-18.6065575303395));
#2989=CARTESIAN_POINT('Ctrl Pts',(65.2467496612395,24.0741204446856,-18.9650696298049));
#2990=CARTESIAN_POINT('Ctrl Pts',(66.6867492441068,15.1806131230373,-17.2960229416735));
#2991=CARTESIAN_POINT('Ctrl Pts',(67.9561811903166,8.47782723582604,-17.0817218240202));
#2992=CARTESIAN_POINT('Ctrl Pts',(68.6708896897086,4.3735548525528,-17.2464098974804));
#2993=CARTESIAN_POINT('Ctrl Pts',(68.8875649409142,3.04809805529699,-17.3346784903155));
#2994=CARTESIAN_POINT('Ctrl Pts',(69.091451241178,1.74099181910749,-17.4358159524838));
#2995=CARTESIAN_POINT('Ctrl Pts',(69.1869999158389,1.0966139815459,-17.4928191182345));
#2996=CARTESIAN_POINT('Ctrl Pts',(69.3632998209063,-0.176757570028953,-17.615876904228));
#2997=CARTESIAN_POINT('Ctrl Pts',(69.4440510513127,-0.805751284042216,-17.6819315244707));
#2998=CARTESIAN_POINT('Ctrl Pts',(69.5163993129356,-1.42853615504031,-17.7506031645389));
#2999=CARTESIAN_POINT('Ctrl Pts',(64.6361999220639,31.7301985878027,-15.5457533707323));
#3000=CARTESIAN_POINT('Ctrl Pts',(64.6620638829945,31.4011660391191,-15.9844780873313));
#3001=CARTESIAN_POINT('Ctrl Pts',(64.7129033402957,31.0092480120807,-16.3362073237688));
#3002=CARTESIAN_POINT('Ctrl Pts',(64.8480732036742,30.0979706683924,-16.8936889422588));
#3003=CARTESIAN_POINT('Ctrl Pts',(64.9310201648998,29.5851016048563,-17.1026381970209));
#3004=CARTESIAN_POINT('Ctrl Pts',(65.2128379321266,27.89720318143,-17.5771431872339));
#3005=CARTESIAN_POINT('Ctrl Pts',(65.903242389751,23.9006490604674,-17.8880630508096));
#3006=CARTESIAN_POINT('Ctrl Pts',(67.3055055600601,15.1481710074814,-16.2268493841007));
#3007=CARTESIAN_POINT('Ctrl Pts',(68.5959320131153,8.41479187980508,-15.9078977462057));
#3008=CARTESIAN_POINT('Ctrl Pts',(69.3649907833006,4.25931549272533,-16.0366240615627));
#3009=CARTESIAN_POINT('Ctrl Pts',(69.6057451513902,2.91384371448267,-16.1200910031442));
#3010=CARTESIAN_POINT('Ctrl Pts',(69.8369826662977,1.58582941826586,-16.2213587318136));
#3011=CARTESIAN_POINT('Ctrl Pts',(69.9478429971604,0.930551011170372,-16.2808929896922));
#3012=CARTESIAN_POINT('Ctrl Pts',(70.1583292301745,-0.364934347694198,-16.415283994727));
#3013=CARTESIAN_POINT('Ctrl Pts',(70.2579551323259,-1.00514129946328,-16.4901407418834));
#3014=CARTESIAN_POINT('Ctrl Pts',(70.3511050323569,-1.63900553691889,-16.5714195847735));
#3015=CARTESIAN_POINT('Ctrl Pts',(64.8132585654854,31.5149564988766,-15.3061666046213));
#3016=CARTESIAN_POINT('Ctrl Pts',(64.8490079659966,31.1912425773488,-15.7112825751824));
#3017=CARTESIAN_POINT('Ctrl Pts',(64.8986736988324,30.8133439975925,-16.03315400263));
#3018=CARTESIAN_POINT('Ctrl Pts',(65.0385329737688,29.9308964261036,-16.550142008589));
#3019=CARTESIAN_POINT('Ctrl Pts',(65.1243074594681,29.4337445574972,-16.7432717709734));
#3020=CARTESIAN_POINT('Ctrl Pts',(65.4116526324423,27.7830259168768,-17.1772890682188));
#3021=CARTESIAN_POINT('Ctrl Pts',(66.1064298418957,23.8445364964306,-17.4638357030789));
#3022=CARTESIAN_POINT('Ctrl Pts',(67.4931007618178,15.1411542748281,-15.8036232221782));
#3023=CARTESIAN_POINT('Ctrl Pts',(68.7873642490638,8.39745307107418,-15.4522467712577));
#3024=CARTESIAN_POINT('Ctrl Pts',(69.5723383253005,4.22384909302235,-15.5702839534936));
#3025=CARTESIAN_POINT('Ctrl Pts',(69.8203758140121,2.87121747669565,-15.6524719449653));
#3026=CARTESIAN_POINT('Ctrl Pts',(70.059983982596,1.5356757817628,-15.7540163238624));
#3027=CARTESIAN_POINT('Ctrl Pts',(70.1755734068241,0.876449894993304,-15.8144667070237));
#3028=CARTESIAN_POINT('Ctrl Pts',(70.3967038833753,-0.427106890603265,-15.952659116167));
#3029=CARTESIAN_POINT('Ctrl Pts',(70.5022449356984,-1.07143778943034,-16.0304011421491));
#3030=CARTESIAN_POINT('Ctrl Pts',(70.6019522761802,-1.70941866101192,-16.1157566172394));
#3031=CARTESIAN_POINT('Ctrl Pts',(65.1099330545775,31.1120594070243,-14.8327191840653));
#3032=CARTESIAN_POINT('Ctrl Pts',(65.1679424872166,30.7995030781126,-15.1202354605378));
#3033=CARTESIAN_POINT('Ctrl Pts',(65.2291769782517,30.453656451859,-15.3629324358652));
#3034=CARTESIAN_POINT('Ctrl Pts',(65.3847739354166,29.6316748934375,-15.7589052279866));
#3035=CARTESIAN_POINT('Ctrl Pts',(65.4765127543371,29.1594505984607,-15.9099456990418));
#3036=CARTESIAN_POINT('Ctrl Pts',(65.7772661408521,27.5743074812908,-16.2477995116398));
#3037=CARTESIAN_POINT('Ctrl Pts',(66.4809206328962,23.7301403179932,-16.4624367345655));
#3038=CARTESIAN_POINT('Ctrl Pts',(67.8320503847048,15.1260073360855,-14.7998824894433));
#3039=CARTESIAN_POINT('Ctrl Pts',(69.1303895474624,8.36129282790771,-14.3891292182244));
#3040=CARTESIAN_POINT('Ctrl Pts',(69.9438062334895,4.14938336819018,-14.4883975182521));
#3041=CARTESIAN_POINT('Ctrl Pts',(70.2051113030559,2.7814662895798,-14.5685938991043));
#3042=CARTESIAN_POINT('Ctrl Pts',(70.4600587305672,1.42974193810481,-14.6710236398546));
#3043=CARTESIAN_POINT('Ctrl Pts',(70.5843536232952,0.761976125935013,-14.7333551901787));
#3044=CARTESIAN_POINT('Ctrl Pts',(70.825145037529,-0.559196414781527,-14.8789315368683));
#3045=CARTESIAN_POINT('Ctrl Pts',(70.9416415590347,-1.21260314332827,-14.9621763332337));
#3046=CARTESIAN_POINT('Ctrl Pts',(71.0535185303455,-1.85974715181965,-15.0552176956914));
#3047=CARTESIAN_POINT('Ctrl Pts',(65.2295489002481,30.9244044040981,-14.5988585296201));
#3048=CARTESIAN_POINT('Ctrl Pts',(65.2955740403779,30.6025267455209,-14.8477485562077));
#3049=CARTESIAN_POINT('Ctrl Pts',(65.3716166158277,30.2957282776123,-14.999377437598));
#3050=CARTESIAN_POINT('Ctrl Pts',(65.5368533792267,29.5103472414086,-15.3168258729829));
#3051=CARTESIAN_POINT('Ctrl Pts',(65.6332734202752,29.0400483490679,-15.4356854959507));
#3052=CARTESIAN_POINT('Ctrl Pts',(65.9440649489463,27.4797663102581,-15.7181640740759));
#3053=CARTESIAN_POINT('Ctrl Pts',(66.6522239717519,23.6718567035927,-15.8852651137827));
#3054=CARTESIAN_POINT('Ctrl Pts',(67.983404805834,15.1178771299962,-14.2193679186308));
#3055=CARTESIAN_POINT('Ctrl Pts',(69.2819826099125,8.34247139347214,-13.7816626401391));
#3056=CARTESIAN_POINT('Ctrl Pts',(70.1079265996786,4.110384043061,-13.8728511910799));
#3057=CARTESIAN_POINT('Ctrl Pts',(70.3752161294778,2.73434134025098,-13.9523349114223));
#3058=CARTESIAN_POINT('Ctrl Pts',(70.6371321622401,1.37396173094988,-14.0553733637979));
#3059=CARTESIAN_POINT('Ctrl Pts',(70.7654034301027,0.701603473053789,-14.1186699560023));
#3060=CARTESIAN_POINT('Ctrl Pts',(71.0152115384818,-0.629113396050722,-14.2678288361296));
#3061=CARTESIAN_POINT('Ctrl Pts',(71.1367483789984,-1.28747200725914,-14.3536911240526));
#3062=CARTESIAN_POINT('Ctrl Pts',(71.2542375406875,-1.93966251853436,-14.4503417416776));
#3063=CARTESIAN_POINT('Ctrl Pts',(65.3561391424106,30.7181475534004,-14.3379506211809));
#3064=CARTESIAN_POINT('Ctrl Pts',(65.4345351422297,30.4187725699977,-14.4777532502301));
#3065=CARTESIAN_POINT('Ctrl Pts',(65.5073289191177,30.1309410042729,-14.5975410709284));
#3066=CARTESIAN_POINT('Ctrl Pts',(65.6760633633393,29.4006751881385,-14.8062236857852));
#3067=CARTESIAN_POINT('Ctrl Pts',(65.7720040306728,28.9582409377289,-14.8951184799437));
#3068=CARTESIAN_POINT('Ctrl Pts',(66.0945463683418,27.3990341594733,-15.1154633226095));
#3069=CARTESIAN_POINT('Ctrl Pts',(66.8072866546777,23.6096908081258,-15.2203743746799));
#3070=CARTESIAN_POINT('Ctrl Pts',(68.1171753498949,15.1048361446053,-13.5483999149932));
#3071=CARTESIAN_POINT('Ctrl Pts',(69.415554537182,8.31849435672249,-13.0867567412598));
#3072=CARTESIAN_POINT('Ctrl Pts',(70.2528392792544,4.06523840559945,-13.1711768075677));
#3073=CARTESIAN_POINT('Ctrl Pts',(70.5255578605699,2.68059247022927,-13.2501925566923));
#3074=CARTESIAN_POINT('Ctrl Pts',(70.7937868680291,1.31098778936558,-13.35393855403));
#3075=CARTESIAN_POINT('Ctrl Pts',(70.9256565848306,0.633706076186967,-13.4181766768055));
#3076=CARTESIAN_POINT('Ctrl Pts',(71.1836050370755,-0.707327865326058,-13.570675555272));
#3077=CARTESIAN_POINT('Ctrl Pts',(71.3096837725188,-1.37108009366047,-13.658936310963));
#3078=CARTESIAN_POINT('Ctrl Pts',(71.4322163135321,-2.02882346440393,-13.7588545754629));
#3079=CARTESIAN_POINT('',(65.3561391424106,30.7181475534004,-14.3379506211809));
#3080=CARTESIAN_POINT('Ctrl Pts',(49.0155399050986,39.0470424827655,-18.2520527371732));
#3081=CARTESIAN_POINT('Ctrl Pts',(49.4622515238424,38.8961819287187,-18.1826648488903));
#3082=CARTESIAN_POINT('Ctrl Pts',(49.907893617545,38.7420996218183,-18.1208445959624));
#3083=CARTESIAN_POINT('Ctrl Pts',(50.7951665087999,38.4290484894774,-18.0104824043756));
#3084=CARTESIAN_POINT('Ctrl Pts',(51.2367973063522,38.2700796640368,-17.9619404657168));
#3085=CARTESIAN_POINT('Ctrl Pts',(52.5528643856818,37.7881788906555,-17.8334466864826));
#3086=CARTESIAN_POINT('Ctrl Pts',(55.1496972910314,36.8044001556544,-17.6449872749834));
#3087=CARTESIAN_POINT('Ctrl Pts',(59.1889111026552,35.1583022194825,-17.5621116042084));
#3088=CARTESIAN_POINT('Ctrl Pts',(62.5434441692365,33.7526999484793,-17.4904207007397));
#3089=CARTESIAN_POINT('Ctrl Pts',(64.018859795173,32.4173054835807,-16.2731028365637));
#3090=CARTESIAN_POINT('Ctrl Pts',(64.6361999220639,31.7301985878027,-15.5457533707323));
#3091=CARTESIAN_POINT('Ctrl Pts',(64.8132585654854,31.5149564988766,-15.3061666046213));
#3092=CARTESIAN_POINT('Ctrl Pts',(65.1099330545775,31.1120594070243,-14.8327191840653));
#3093=CARTESIAN_POINT('Ctrl Pts',(65.2295489002481,30.9244044040981,-14.5988585296201));
#3094=CARTESIAN_POINT('Ctrl Pts',(65.3561391424106,30.7181475534004,-14.3379506211809));
#3095=CARTESIAN_POINT('',(68.1437263191374,15.2977311244466,-13.7802074349898));
#3096=CARTESIAN_POINT('Ctrl Pts',(65.3561391424106,30.7181475534004,-14.3379506211809));
#3097=CARTESIAN_POINT('Ctrl Pts',(65.4345351422297,30.4187725699977,-14.4777532502301));
#3098=CARTESIAN_POINT('Ctrl Pts',(65.5073289191177,30.1309410042729,-14.5975410709284));
#3099=CARTESIAN_POINT('Ctrl Pts',(65.6760633633393,29.4006751881385,-14.8062236857852));
#3100=CARTESIAN_POINT('Ctrl Pts',(65.7720040306728,28.9582409377289,-14.8951184799437));
#3101=CARTESIAN_POINT('Ctrl Pts',(66.0945463683418,27.3990341594733,-15.1154633226095));
#3102=CARTESIAN_POINT('Ctrl Pts',(66.8072866546777,23.6096908081258,-15.2203743746799));
#3103=CARTESIAN_POINT('Ctrl Pts',(67.593219871808,18.5067780100135,-14.2171896988679));
#3104=CARTESIAN_POINT('Ctrl Pts',(68.1437263191374,15.2977311244466,-13.7802074349898));
#3105=CARTESIAN_POINT('',(71.4322163135321,-2.02882346440393,-13.7588545754629));
#3106=CARTESIAN_POINT('Ctrl Pts',(68.1437263191374,15.2977311244466,-13.7802074349898));
#3107=CARTESIAN_POINT('Ctrl Pts',(68.6942327664669,12.0886842388796,-13.3432251711117));
#3108=CARTESIAN_POINT('Ctrl Pts',(69.415554537182,8.31849435672249,-13.0867567412598));
#3109=CARTESIAN_POINT('Ctrl Pts',(70.2528392792544,4.06523840559945,-13.1711768075677));
#3110=CARTESIAN_POINT('Ctrl Pts',(70.5255578605699,2.68059247022927,-13.2501925566923));
#3111=CARTESIAN_POINT('Ctrl Pts',(70.7937868680291,1.31098778936558,-13.35393855403));
#3112=CARTESIAN_POINT('Ctrl Pts',(70.9256565848306,0.633706076186967,-13.4181766768055));
#3113=CARTESIAN_POINT('Ctrl Pts',(71.1836050370755,-0.707327865326058,-13.570675555272));
#3114=CARTESIAN_POINT('Ctrl Pts',(71.3096837725188,-1.37108009366047,-13.658936310963));
#3115=CARTESIAN_POINT('Ctrl Pts',(71.4322163135321,-2.02882346440393,-13.7588545754629));
#3116=CARTESIAN_POINT('Ctrl Pts',(71.4322163135321,-2.02882346440393,-13.7588545754629));
#3117=CARTESIAN_POINT('Ctrl Pts',(71.2542375406875,-1.93966251853436,-14.4503417416776));
#3118=CARTESIAN_POINT('Ctrl Pts',(71.0535185303455,-1.85974715181965,-15.0552176956914));
#3119=CARTESIAN_POINT('Ctrl Pts',(70.6019522761802,-1.70941866101192,-16.1157566172394));
#3120=CARTESIAN_POINT('Ctrl Pts',(70.3511050323569,-1.63900553691889,-16.5714195847735));
#3121=CARTESIAN_POINT('Ctrl Pts',(69.5163993129356,-1.42853615504031,-17.7506031645389));
#3122=CARTESIAN_POINT('Ctrl Pts',(67.5183319222869,-1.01067735288509,-19.3577490327225));
#3123=CARTESIAN_POINT('Ctrl Pts',(62.2660743363267,0.209689117312166,-19.72078529827));
#3124=CARTESIAN_POINT('Ctrl Pts',(53.7073150349302,3.56686227528964,-20.8379447227474));
#3125=CARTESIAN_POINT('Ctrl Pts',(48.3204106785503,6.10374132947048,-21.5811563813506));
#3126=CARTESIAN_POINT('Ctrl Pts',(45.6365527453036,7.50391377759888,-21.9314744207423));
#3127=CARTESIAN_POINT('Ctrl Pts',(44.719154275719,8.01729848254813,-22.0437100025302));
#3128=CARTESIAN_POINT('Ctrl Pts',(42.8387990195451,9.13738900359286,-22.2591069700876));
#3129=CARTESIAN_POINT('Ctrl Pts',(41.8758422329557,9.74409481968833,-22.362268355857));
#3130=CARTESIAN_POINT('Ctrl Pts',(41.1645216698882,10.2866590123097,-22.4151867710698));
#3131=CARTESIAN_POINT('Ctrl Pts',(-41.1645216698882,10.2866590123097,-22.4151867710698));
#3132=CARTESIAN_POINT('Ctrl Pts',(-41.6258767255117,10.7854348163403,-22.3194234531027));
#3133=CARTESIAN_POINT('Ctrl Pts',(-42.1476488961321,11.3922287862233,-22.1461377006858));
#3134=CARTESIAN_POINT('Ctrl Pts',(-43.1039219106913,12.564612558884,-21.7858031027601));
#3135=CARTESIAN_POINT('Ctrl Pts',(-43.53842275463,13.1302023616617,-21.5987542572514));
#3136=CARTESIAN_POINT('Ctrl Pts',(-44.3201531158259,14.2201778001118,-21.2108934731423));
#3137=CARTESIAN_POINT('Ctrl Pts',(-45.0362507380783,15.3015106051064,-20.8207791569278));
#3138=CARTESIAN_POINT('Ctrl Pts',(-46.9046179336122,18.6848051658992,-19.6697410989644));
#3139=CARTESIAN_POINT('Ctrl Pts',(-48.6547091766197,24.5538465059984,-18.3376429298218));
#3140=CARTESIAN_POINT('Ctrl Pts',(-49.1050493963655,31.6866565934036,-20.2840558922254));
#3141=CARTESIAN_POINT('Ctrl Pts',(-49.088708456942,35.2623126889743,-20.3067445430693));
#3142=CARTESIAN_POINT('Ctrl Pts',(-49.0649344296307,36.8511962584346,-19.9033045103707));
#3143=CARTESIAN_POINT('Ctrl Pts',(-49.054409160927,37.3476667018672,-19.6996937731177));
#3144=CARTESIAN_POINT('Ctrl Pts',(-49.0335164300329,38.2606917372609,-19.1168900952902));
#3145=CARTESIAN_POINT('Ctrl Pts',(-49.0231489678425,38.6772463292219,-18.7376971547157));
#3146=CARTESIAN_POINT('Ctrl Pts',(-49.0155399050986,39.0470424827655,-18.2520527371732));
#3147=CARTESIAN_POINT('Ctrl Pts',(-41.8758422329557,9.74409481968833,-22.362268355857));
#3148=CARTESIAN_POINT('Ctrl Pts',(-42.3288451970872,10.2627542778432,-22.2823465420656));
#3149=CARTESIAN_POINT('Ctrl Pts',(-42.8385302493617,10.8254782046157,-22.1233758614211));
#3150=CARTESIAN_POINT('Ctrl Pts',(-43.6865320463905,11.9957209497666,-21.7959197051975));
#3151=CARTESIAN_POINT('Ctrl Pts',(-44.0979117448734,12.5698960119035,-21.61710520218));
#3152=CARTESIAN_POINT('Ctrl Pts',(-44.8635806776056,13.708002942115,-21.2302050322733));
#3153=CARTESIAN_POINT('Ctrl Pts',(-45.5669568486612,14.8310036636991,-20.8388605454527));
#3154=CARTESIAN_POINT('Ctrl Pts',(-47.4112691195995,18.3090010526071,-19.6773499395379));
#3155=CARTESIAN_POINT('Ctrl Pts',(-49.1559492046665,24.2382701638452,-18.3279703356638));
#3156=CARTESIAN_POINT('Ctrl Pts',(-49.5795550765781,31.4553688657518,-20.2407531648003));
#3157=CARTESIAN_POINT('Ctrl Pts',(-49.5487174884313,35.0720066295094,-20.2483575438411));
#3158=CARTESIAN_POINT('Ctrl Pts',(-49.5188581998822,36.678331825355,-19.8391898974972));
#3159=CARTESIAN_POINT('Ctrl Pts',(-49.5064983546199,37.1801079429646,-19.6339723760718));
#3160=CARTESIAN_POINT('Ctrl Pts',(-49.4824751143934,38.1024861534281,-19.0487208963567));
#3161=CARTESIAN_POINT('Ctrl Pts',(-49.4708117194292,38.5230882462819,-18.668686938067));
#3162=CARTESIAN_POINT('Ctrl Pts',(-49.4622515238424,38.8961819287187,-18.1826648488903));
#3163=CARTESIAN_POINT('Ctrl Pts',(-42.8387990195451,9.13738900359285,-22.2591069700876));
#3164=CARTESIAN_POINT('Ctrl Pts',(-43.2343280388954,9.73133276135777,-22.1885292873154));
#3165=CARTESIAN_POINT('Ctrl Pts',(-43.6150463065754,10.2996117213341,-22.0683748150036));
#3166=CARTESIAN_POINT('Ctrl Pts',(-44.3755702113646,11.4682465545526,-21.770157109932));
#3167=CARTESIAN_POINT('Ctrl Pts',(-44.7589094550596,12.0522494578918,-21.5916309807251));
#3168=CARTESIAN_POINT('Ctrl Pts',(-45.4809846682274,13.2131425350318,-21.2200791459237));
#3169=CARTESIAN_POINT('Ctrl Pts',(-46.1584566071729,14.3669228826334,-20.834027734735));
#3170=CARTESIAN_POINT('Ctrl Pts',(-47.955724028886,17.9220134994371,-19.6749580924551));
#3171=CARTESIAN_POINT('Ctrl Pts',(-49.6725913903534,23.9055783978566,-18.318048459714));
#3172=CARTESIAN_POINT('Ctrl Pts',(-50.0580747613529,31.2121201161711,-20.2029575821735));
#3173=CARTESIAN_POINT('Ctrl Pts',(-50.0097214894525,34.8739212470407,-20.1969588014935));
#3174=CARTESIAN_POINT('Ctrl Pts',(-49.9727145435261,36.4996107271097,-19.7825013541582));
#3175=CARTESIAN_POINT('Ctrl Pts',(-49.9582405098878,37.0073053729052,-19.5757725288805));
#3176=CARTESIAN_POINT('Ctrl Pts',(-49.9306451569149,37.9401481190386,-18.9881676346652));
#3177=CARTESIAN_POINT('Ctrl Pts',(-49.9175238375802,38.3652962193767,-18.6072915657275));
#3178=CARTESIAN_POINT('Ctrl Pts',(-49.907893617545,38.7420996218183,-18.1208445959624));
#3179=CARTESIAN_POINT('Ctrl Pts',(-44.719154275719,8.01729848254813,-22.0437100025302));
#3180=CARTESIAN_POINT('Ctrl Pts',(-44.955770981144,8.65203218735247,-22.0032482513646));
#3181=CARTESIAN_POINT('Ctrl Pts',(-45.2380734963811,9.25711033955998,-21.9124287002475));
#3182=CARTESIAN_POINT('Ctrl Pts',(-45.8537379060826,10.4578642501923,-21.6609023530464));
#3183=CARTESIAN_POINT('Ctrl Pts',(-46.18280548606,11.0559041203562,-21.5014950869501));
#3184=CARTESIAN_POINT('Ctrl Pts',(-46.8185090809209,12.2542236253886,-21.1578068866322));
#3185=CARTESIAN_POINT('Ctrl Pts',(-47.4317811106881,13.4547828951254,-20.7892450181891));
#3186=CARTESIAN_POINT('Ctrl Pts',(-49.1024881763,17.1360070516556,-19.6538764031433));
#3187=CARTESIAN_POINT('Ctrl Pts',(-50.7273605418388,23.217723264509,-18.2987735632327));
#3188=CARTESIAN_POINT('Ctrl Pts',(-51.0186756734746,30.7093137701359,-20.1375681043244));
#3189=CARTESIAN_POINT('Ctrl Pts',(-50.9307294201181,34.4669244043745,-20.1067027457448));
#3190=CARTESIAN_POINT('Ctrl Pts',(-50.8778511581498,36.1338640024505,-19.6823171320258));
#3191=CARTESIAN_POINT('Ctrl Pts',(-50.858740881612,36.6541995819687,-19.4726964383812));
#3192=CARTESIAN_POINT('Ctrl Pts',(-50.8233659645674,37.6094196500705,-18.8804825306341));
#3193=CARTESIAN_POINT('Ctrl Pts',(-50.8071013240607,38.0443041386542,-18.4978893165315));
#3194=CARTESIAN_POINT('Ctrl Pts',(-50.7951665087999,38.4290484894774,-18.0104824043756));
#3195=CARTESIAN_POINT('Ctrl Pts',(-45.6365527453036,7.50391377759888,-21.9314744207423));
#3196=CARTESIAN_POINT('Ctrl Pts',(-45.8336535711657,8.14507931763591,-21.8999577568099));
#3197=CARTESIAN_POINT('Ctrl Pts',(-46.0948252518599,8.7603022752434,-21.8142273525268));
#3198=CARTESIAN_POINT('Ctrl Pts',(-46.6534697579269,9.97273694481035,-21.5819230453358));
#3199=CARTESIAN_POINT('Ctrl Pts',(-46.9557894169462,10.5769061455704,-21.432559718802));
#3200=CARTESIAN_POINT('Ctrl Pts',(-47.5386295029926,11.7901651228286,-21.1056605136902));
#3201=CARTESIAN_POINT('Ctrl Pts',(-48.1136058556917,13.0067236886831,-20.7492951123609));
#3202=CARTESIAN_POINT('Ctrl Pts',(-49.7047974144277,16.7369881570442,-19.6351865609144));
#3203=CARTESIAN_POINT('Ctrl Pts',(-51.2654875076371,22.86255989715,-18.2894205427013));
#3204=CARTESIAN_POINT('Ctrl Pts',(-51.5007569008215,30.4497561736816,-20.1099742091021));
#3205=CARTESIAN_POINT('Ctrl Pts',(-51.3907333497624,34.2580129441769,-20.0678454323435));
#3206=CARTESIAN_POINT('Ctrl Pts',(-51.3291314291296,35.9468383760365,-19.6388214532322));
#3207=CARTESIAN_POINT('Ctrl Pts',(-51.3074990980682,36.4738963610917,-19.4278201950731));
#3208=CARTESIAN_POINT('Ctrl Pts',(-51.2679167296985,37.441029215492,-18.8333506882945));
#3209=CARTESIAN_POINT('Ctrl Pts',(-51.2499666923902,37.8811040848371,-18.4498824396749));
#3210=CARTESIAN_POINT('Ctrl Pts',(-51.2367973063522,38.2700796640368,-17.9619404657168));
#3211=CARTESIAN_POINT('Ctrl Pts',(-48.3204106785503,6.10374132947048,-21.5811563813506));
#3212=CARTESIAN_POINT('Ctrl Pts',(-48.4933476974653,6.72310403722738,-21.5618292872757));
#3213=CARTESIAN_POINT('Ctrl Pts',(-48.6892266621376,7.33996954023376,-21.5001000140022));
#3214=CARTESIAN_POINT('Ctrl Pts',(-49.1080634553234,8.57522729811486,-21.315843845038));
#3215=CARTESIAN_POINT('Ctrl Pts',(-49.3310212838367,9.19361955298958,-21.1933169493473));
#3216=CARTESIAN_POINT('Ctrl Pts',(-49.7852107770307,10.4384519759768,-20.9114722715285));
#3217=CARTESIAN_POINT('Ctrl Pts',(-50.247674106392,11.6913323122017,-20.5928367072722));
#3218=CARTESIAN_POINT('Ctrl Pts',(-51.5718769454366,15.5373877685193,-19.560225111758));
#3219=CARTESIAN_POINT('Ctrl Pts',(-52.8981162724463,21.7810012624681,-18.2638158927373));
#3220=CARTESIAN_POINT('Ctrl Pts',(-52.9456431968924,29.6580399094852,-20.0412761512545));
#3221=CARTESIAN_POINT('Ctrl Pts',(-52.7647600159684,33.6221382994095,-19.967933008337));
#3222=CARTESIAN_POINT('Ctrl Pts',(-52.6754463039005,35.3784179077849,-19.5256348018843));
#3223=CARTESIAN_POINT('Ctrl Pts',(-52.6458630462769,35.926216179479,-19.3105976272345));
#3224=CARTESIAN_POINT('Ctrl Pts',(-52.5930771184376,36.9300980628593,-18.7093716076052));
#3225=CARTESIAN_POINT('Ctrl Pts',(-52.5698744482219,37.3861816745457,-18.3231827626259));
#3226=CARTESIAN_POINT('Ctrl Pts',(-52.5528643856818,37.7881788906555,-17.8334466864826));
#3227=CARTESIAN_POINT('Ctrl Pts',(-53.7073150349302,3.56686227528964,-20.8379447227474));
#3228=CARTESIAN_POINT('Ctrl Pts',(-53.8408563394245,4.17052689169674,-20.832526991067));
#3229=CARTESIAN_POINT('Ctrl Pts',(-53.9746140580597,4.7796699019749,-20.7937521555031));
#3230=CARTESIAN_POINT('Ctrl Pts',(-54.238843417571,6.01169708252502,-20.6671203357772));
#3231=CARTESIAN_POINT('Ctrl Pts',(-54.369315058447,6.63458125279698,-20.5792633516152));
#3232=CARTESIAN_POINT('Ctrl Pts',(-54.623253356399,7.89687512558632,-20.3720992938619));
#3233=CARTESIAN_POINT('Ctrl Pts',(-54.8701866705509,9.17569453062108,-20.1334851466791));
#3234=CARTESIAN_POINT('Ctrl Pts',(-55.5466432739592,13.1280121727079,-19.334734523567));
#3235=CARTESIAN_POINT('Ctrl Pts',(-56.2363652717209,19.5536098626842,-18.2224242393311));
#3236=CARTESIAN_POINT('Ctrl Pts',(-55.8299862451541,28.0224334817585,-19.9602145468361));
#3237=CARTESIAN_POINT('Ctrl Pts',(-55.4888728574732,32.3138279531752,-19.8347462251124));
#3238=CARTESIAN_POINT('Ctrl Pts',(-55.3379723007672,34.2122026152436,-19.3684630393192));
#3239=CARTESIAN_POINT('Ctrl Pts',(-55.2909481380543,34.8037737403264,-19.1457771398996));
#3240=CARTESIAN_POINT('Ctrl Pts',(-55.2094302692996,35.8851963620062,-18.5310792315455));
#3241=CARTESIAN_POINT('Ctrl Pts',(-55.1749365632578,36.3750478586032,-18.139067222611));
#3242=CARTESIAN_POINT('Ctrl Pts',(-55.1496972910314,36.8044001556544,-17.6449872749834));
#3243=CARTESIAN_POINT('Ctrl Pts',(-62.2660743363267,0.209689117312166,-19.72078529827));
#3244=CARTESIAN_POINT('Ctrl Pts',(-62.327758213795,0.807376452772331,-19.7179724242649));
#3245=CARTESIAN_POINT('Ctrl Pts',(-62.3749803299564,1.40876473741502,-19.6931331022914));
#3246=CARTESIAN_POINT('Ctrl Pts',(-62.4426087554805,2.62425530279714,-19.6123700522165));
#3247=CARTESIAN_POINT('Ctrl Pts',(-62.4630150648432,3.23835758353658,-19.556446324115));
#3248=CARTESIAN_POINT('Ctrl Pts',(-62.4791195925844,4.48458823884388,-19.4264829515935));
#3249=CARTESIAN_POINT('Ctrl Pts',(-62.4705160293416,5.74884498797963,-19.2784036627531));
#3250=CARTESIAN_POINT('Ctrl Pts',(-62.3091030885967,9.68164438474767,-18.8032812371745));
#3251=CARTESIAN_POINT('Ctrl Pts',(-61.6058988419995,16.2254749889659,-18.2665715230463));
#3252=CARTESIAN_POINT('Ctrl Pts',(-60.3420889463926,25.4923450912862,-20.0580282976818));
#3253=CARTESIAN_POINT('Ctrl Pts',(-59.729957845657,30.2344595226868,-19.8598534881173));
#3254=CARTESIAN_POINT('Ctrl Pts',(-59.47852369859,32.3261668105613,-19.3529613309444));
#3255=CARTESIAN_POINT('Ctrl Pts',(-59.4038175501178,32.9768442518819,-19.1160298198216));
#3256=CARTESIAN_POINT('Ctrl Pts',(-59.2776610982508,34.1612466047765,-18.4736268901126));
#3257=CARTESIAN_POINT('Ctrl Pts',(-59.226210794856,34.6949715163506,-18.0681554715264));
#3258=CARTESIAN_POINT('Ctrl Pts',(-59.1889111026551,35.1583022194825,-17.5621116042084));
#3259=CARTESIAN_POINT('Ctrl Pts',(-67.5183319222869,-1.01067735288509,-19.3577490327225));
#3260=CARTESIAN_POINT('Ctrl Pts',(-67.4921042057033,-0.404969071120477,
-19.315801023184));
#3261=CARTESIAN_POINT('Ctrl Pts',(-67.4536192037061,0.206232581053707,-19.2679358185132));
#3262=CARTESIAN_POINT('Ctrl Pts',(-67.354706343874,1.44377840967427,-19.167260497467));
#3263=CARTESIAN_POINT('Ctrl Pts',(-67.2942784860391,2.07012258612064,-19.1144503810917));
#3264=CARTESIAN_POINT('Ctrl Pts',(-67.1540516295213,3.34210924673861,-19.0107747151965));
#3265=CARTESIAN_POINT('Ctrl Pts',(-66.9944536321553,4.63339421508181,-18.9090436161568));
#3266=CARTESIAN_POINT('Ctrl Pts',(-66.4148630849061,8.64797366718098,-18.6568545915308));
#3267=CARTESIAN_POINT('Ctrl Pts',(-65.2253537694797,15.291065024534,-18.6323503440411));
#3268=CARTESIAN_POINT('Ctrl Pts',(-63.7460427159074,24.4415979815529,-20.3363809310092));
#3269=CARTESIAN_POINT('Ctrl Pts',(-63.0938370553076,29.0471671011338,-19.9847941607931));
#3270=CARTESIAN_POINT('Ctrl Pts',(-62.8324907442598,31.0624144846016,-19.4005773377625));
#3271=CARTESIAN_POINT('Ctrl Pts',(-62.7561680604526,31.6862407497036,-19.1377678237652));
#3272=CARTESIAN_POINT('Ctrl Pts',(-62.6293625921434,32.8147010988195,-18.4461038857647));
#3273=CARTESIAN_POINT('Ctrl Pts',(-62.5788798076416,33.3193351828334,-18.0172494617616));
#3274=CARTESIAN_POINT('Ctrl Pts',(-62.5434441692365,33.7526999484793,-17.4904207007397));
#3275=CARTESIAN_POINT('Ctrl Pts',(-69.5163993129356,-1.42853615504031,-17.7506031645389));
#3276=CARTESIAN_POINT('Ctrl Pts',(-69.4440510513128,-0.805751284042216,
-17.6819315244707));
#3277=CARTESIAN_POINT('Ctrl Pts',(-69.3632998209063,-0.176757570028953,
-17.615876904228));
#3278=CARTESIAN_POINT('Ctrl Pts',(-69.1869999158389,1.0966139815459,-17.4928191182345));
#3279=CARTESIAN_POINT('Ctrl Pts',(-69.091451241178,1.74099181910749,-17.4358159524838));
#3280=CARTESIAN_POINT('Ctrl Pts',(-68.8875649409142,3.04809805529699,-17.3346784903155));
#3281=CARTESIAN_POINT('Ctrl Pts',(-68.6708896897086,4.3735548525528,-17.2464098974804));
#3282=CARTESIAN_POINT('Ctrl Pts',(-67.9561811903166,8.47782723582604,-17.0817218240202));
#3283=CARTESIAN_POINT('Ctrl Pts',(-66.6867492441068,15.1806131230373,-17.2960229416735));
#3284=CARTESIAN_POINT('Ctrl Pts',(-65.2467496612395,24.0741204446856,-18.9650696298049));
#3285=CARTESIAN_POINT('Ctrl Pts',(-64.5692983206114,28.2572161949074,-18.6065575303395));
#3286=CARTESIAN_POINT('Ctrl Pts',(-64.3006146871241,30.0589858606981,-18.0510746647164));
#3287=CARTESIAN_POINT('Ctrl Pts',(-64.2227271487661,30.611279381075,-17.8032092401936));
#3288=CARTESIAN_POINT('Ctrl Pts',(-64.096791190211,31.6030053350233,-17.1571410974346));
#3289=CARTESIAN_POINT('Ctrl Pts',(-64.0487427700138,32.0424377685947,-16.7589383791983));
#3290=CARTESIAN_POINT('Ctrl Pts',(-64.018859795173,32.4173054835807,-16.2731028365637));
#3291=CARTESIAN_POINT('Ctrl Pts',(-70.3511050323569,-1.63900553691889,-16.5714195847735));
#3292=CARTESIAN_POINT('Ctrl Pts',(-70.2579551323259,-1.00514129946328,-16.4901407418834));
#3293=CARTESIAN_POINT('Ctrl Pts',(-70.1583292301745,-0.364934347694198,
-16.415283994727));
#3294=CARTESIAN_POINT('Ctrl Pts',(-69.9478429971605,0.930551011170372,-16.2808929896922));
#3295=CARTESIAN_POINT('Ctrl Pts',(-69.8369826662977,1.58582941826586,-16.2213587318136));
#3296=CARTESIAN_POINT('Ctrl Pts',(-69.6057451513902,2.91384371448267,-16.1200910031442));
#3297=CARTESIAN_POINT('Ctrl Pts',(-69.3649907833006,4.25931549272533,-16.0366240615627));
#3298=CARTESIAN_POINT('Ctrl Pts',(-68.5959320131153,8.41479187980508,-15.9078977462057));
#3299=CARTESIAN_POINT('Ctrl Pts',(-67.3055055600601,15.1481710074814,-16.2268493841007));
#3300=CARTESIAN_POINT('Ctrl Pts',(-65.903242389751,23.9006490604674,-17.8880630508096));
#3301=CARTESIAN_POINT('Ctrl Pts',(-65.2128379321266,27.8972031814299,-17.5771431872339));
#3302=CARTESIAN_POINT('Ctrl Pts',(-64.9310201648998,29.5851016048563,-17.1026381970209));
#3303=CARTESIAN_POINT('Ctrl Pts',(-64.8480732036742,30.0979706683924,-16.8936889422588));
#3304=CARTESIAN_POINT('Ctrl Pts',(-64.7129033402957,31.0092480120807,-16.3362073237688));
#3305=CARTESIAN_POINT('Ctrl Pts',(-64.6620638829945,31.4011660391191,-15.9844780873313));
#3306=CARTESIAN_POINT('Ctrl Pts',(-64.6361999220639,31.7301985878027,-15.5457533707323));
#3307=CARTESIAN_POINT('Ctrl Pts',(-70.6019522761802,-1.70941866101192,-16.1157566172394));
#3308=CARTESIAN_POINT('Ctrl Pts',(-70.5022449356984,-1.07143778943034,-16.0304011421491));
#3309=CARTESIAN_POINT('Ctrl Pts',(-70.3967038833753,-0.427106890603265,
-15.952659116167));
#3310=CARTESIAN_POINT('Ctrl Pts',(-70.1755734068241,0.876449894993304,-15.8144667070237));
#3311=CARTESIAN_POINT('Ctrl Pts',(-70.059983982596,1.5356757817628,-15.7540163238624));
#3312=CARTESIAN_POINT('Ctrl Pts',(-69.8203758140121,2.87121747669565,-15.6524719449653));
#3313=CARTESIAN_POINT('Ctrl Pts',(-69.5723383253005,4.22384909302235,-15.5702839534936));
#3314=CARTESIAN_POINT('Ctrl Pts',(-68.7873642490638,8.39745307107417,-15.4522467712577));
#3315=CARTESIAN_POINT('Ctrl Pts',(-67.4931007618178,15.1411542748281,-15.8036232221782));
#3316=CARTESIAN_POINT('Ctrl Pts',(-66.1064298418957,23.8445364964306,-17.4638357030789));
#3317=CARTESIAN_POINT('Ctrl Pts',(-65.4116526324423,27.7830259168768,-17.1772890682188));
#3318=CARTESIAN_POINT('Ctrl Pts',(-65.1243074594681,29.4337445574972,-16.7432717709734));
#3319=CARTESIAN_POINT('Ctrl Pts',(-65.0385329737688,29.9308964261036,-16.550142008589));
#3320=CARTESIAN_POINT('Ctrl Pts',(-64.8986736988324,30.8133439975925,-16.03315400263));
#3321=CARTESIAN_POINT('Ctrl Pts',(-64.8490079659966,31.1912425773488,-15.7112825751824));
#3322=CARTESIAN_POINT('Ctrl Pts',(-64.8132585654854,31.5149564988766,-15.3061666046213));
#3323=CARTESIAN_POINT('Ctrl Pts',(-71.0535185303455,-1.85974715181965,-15.0552176956914));
#3324=CARTESIAN_POINT('Ctrl Pts',(-70.9416415590347,-1.21260314332827,-14.9621763332337));
#3325=CARTESIAN_POINT('Ctrl Pts',(-70.825145037529,-0.559196414781527,-14.8789315368683));
#3326=CARTESIAN_POINT('Ctrl Pts',(-70.5843536232952,0.761976125935012,-14.7333551901787));
#3327=CARTESIAN_POINT('Ctrl Pts',(-70.4600587305672,1.42974193810481,-14.6710236398546));
#3328=CARTESIAN_POINT('Ctrl Pts',(-70.2051113030559,2.7814662895798,-14.5685938991043));
#3329=CARTESIAN_POINT('Ctrl Pts',(-69.9438062334895,4.14938336819018,-14.4883975182521));
#3330=CARTESIAN_POINT('Ctrl Pts',(-69.1303895474624,8.36129282790771,-14.3891292182244));
#3331=CARTESIAN_POINT('Ctrl Pts',(-67.8320503847048,15.1260073360855,-14.7998824894433));
#3332=CARTESIAN_POINT('Ctrl Pts',(-66.4809206328962,23.7301403179932,-16.4624367345655));
#3333=CARTESIAN_POINT('Ctrl Pts',(-65.7772661408521,27.5743074812908,-16.2477995116398));
#3334=CARTESIAN_POINT('Ctrl Pts',(-65.4765127543371,29.1594505984607,-15.9099456990418));
#3335=CARTESIAN_POINT('Ctrl Pts',(-65.3847739354166,29.6316748934375,-15.7589052279866));
#3336=CARTESIAN_POINT('Ctrl Pts',(-65.2291769782517,30.453656451859,-15.3629324358652));
#3337=CARTESIAN_POINT('Ctrl Pts',(-65.1679424872166,30.7995030781126,-15.1202354605378));
#3338=CARTESIAN_POINT('Ctrl Pts',(-65.1099330545776,31.1120594070243,-14.8327191840653));
#3339=CARTESIAN_POINT('Ctrl Pts',(-71.2542375406875,-1.93966251853436,-14.4503417416776));
#3340=CARTESIAN_POINT('Ctrl Pts',(-71.1367483789984,-1.28747200725914,-14.3536911240526));
#3341=CARTESIAN_POINT('Ctrl Pts',(-71.0152115384818,-0.629113396050722,
-14.2678288361296));
#3342=CARTESIAN_POINT('Ctrl Pts',(-70.7654034301027,0.701603473053789,-14.1186699560023));
#3343=CARTESIAN_POINT('Ctrl Pts',(-70.6371321622401,1.37396173094988,-14.0553733637979));
#3344=CARTESIAN_POINT('Ctrl Pts',(-70.3752161294778,2.73434134025098,-13.9523349114223));
#3345=CARTESIAN_POINT('Ctrl Pts',(-70.1079265996786,4.110384043061,-13.8728511910799));
#3346=CARTESIAN_POINT('Ctrl Pts',(-69.2819826099125,8.34247139347214,-13.7816626401391));
#3347=CARTESIAN_POINT('Ctrl Pts',(-67.983404805834,15.1178771299962,-14.2193679186308));
#3348=CARTESIAN_POINT('Ctrl Pts',(-66.6522239717519,23.6718567035927,-15.8852651137827));
#3349=CARTESIAN_POINT('Ctrl Pts',(-65.9440649489463,27.4797663102581,-15.7181640740759));
#3350=CARTESIAN_POINT('Ctrl Pts',(-65.6332734202752,29.0400483490679,-15.4356854959507));
#3351=CARTESIAN_POINT('Ctrl Pts',(-65.5368533792267,29.5103472414086,-15.3168258729829));
#3352=CARTESIAN_POINT('Ctrl Pts',(-65.3716166158278,30.2957282776123,-14.999377437598));
#3353=CARTESIAN_POINT('Ctrl Pts',(-65.2955740403779,30.6025267455209,-14.8477485562077));
#3354=CARTESIAN_POINT('Ctrl Pts',(-65.2295489002481,30.9244044040981,-14.5988585296201));
#3355=CARTESIAN_POINT('Ctrl Pts',(-71.4322163135321,-2.02882346440393,-13.7588545754629));
#3356=CARTESIAN_POINT('Ctrl Pts',(-71.3096837725188,-1.37108009366047,-13.658936310963));
#3357=CARTESIAN_POINT('Ctrl Pts',(-71.1836050370755,-0.707327865326058,
-13.570675555272));
#3358=CARTESIAN_POINT('Ctrl Pts',(-70.9256565848306,0.633706076186967,-13.4181766768055));
#3359=CARTESIAN_POINT('Ctrl Pts',(-70.7937868680291,1.31098778936558,-13.35393855403));
#3360=CARTESIAN_POINT('Ctrl Pts',(-70.5255578605699,2.68059247022927,-13.2501925566923));
#3361=CARTESIAN_POINT('Ctrl Pts',(-70.2528392792544,4.06523840559945,-13.1711768075677));
#3362=CARTESIAN_POINT('Ctrl Pts',(-69.415554537182,8.31849435672249,-13.0867567412598));
#3363=CARTESIAN_POINT('Ctrl Pts',(-68.1171753498949,15.1048361446054,-13.5483999149932));
#3364=CARTESIAN_POINT('Ctrl Pts',(-66.8072866546776,23.6096908081258,-15.2203743746799));
#3365=CARTESIAN_POINT('Ctrl Pts',(-66.0945463683418,27.3990341594733,-15.1154633226095));
#3366=CARTESIAN_POINT('Ctrl Pts',(-65.7720040306728,28.958240937729,-14.8951184799437));
#3367=CARTESIAN_POINT('Ctrl Pts',(-65.6760633633393,29.4006751881385,-14.8062236857852));
#3368=CARTESIAN_POINT('Ctrl Pts',(-65.5073289191177,30.1309410042729,-14.5975410709284));
#3369=CARTESIAN_POINT('Ctrl Pts',(-65.4345351422297,30.4187725699978,-14.4777532502301));
#3370=CARTESIAN_POINT('Ctrl Pts',(-65.3561391424106,30.7181475534004,-14.3379506211809));
#3371=CARTESIAN_POINT('',(-71.4322163135321,-2.02882346440393,-13.7588545754629));
#3372=CARTESIAN_POINT('Ctrl Pts',(-41.1645216698882,10.2866590123097,-22.4151867710698));
#3373=CARTESIAN_POINT('Ctrl Pts',(-41.8758422329557,9.74409481968833,-22.362268355857));
#3374=CARTESIAN_POINT('Ctrl Pts',(-42.8387990195451,9.13738900359285,-22.2591069700876));
#3375=CARTESIAN_POINT('Ctrl Pts',(-44.719154275719,8.01729848254813,-22.0437100025302));
#3376=CARTESIAN_POINT('Ctrl Pts',(-45.6365527453036,7.50391377759888,-21.9314744207423));
#3377=CARTESIAN_POINT('Ctrl Pts',(-48.3204106785503,6.10374132947048,-21.5811563813506));
#3378=CARTESIAN_POINT('Ctrl Pts',(-53.7073150349302,3.56686227528964,-20.8379447227474));
#3379=CARTESIAN_POINT('Ctrl Pts',(-62.2660743363267,0.209689117312166,-19.72078529827));
#3380=CARTESIAN_POINT('Ctrl Pts',(-67.5183319222869,-1.01067735288509,-19.3577490327225));
#3381=CARTESIAN_POINT('Ctrl Pts',(-69.5163993129356,-1.42853615504031,-17.7506031645389));
#3382=CARTESIAN_POINT('Ctrl Pts',(-70.3511050323569,-1.63900553691889,-16.5714195847735));
#3383=CARTESIAN_POINT('Ctrl Pts',(-70.6019522761802,-1.70941866101192,-16.1157566172394));
#3384=CARTESIAN_POINT('Ctrl Pts',(-71.0535185303455,-1.85974715181965,-15.0552176956914));
#3385=CARTESIAN_POINT('Ctrl Pts',(-71.2542375406875,-1.93966251853436,-14.4503417416776));
#3386=CARTESIAN_POINT('Ctrl Pts',(-71.4322163135321,-2.02882346440393,-13.7588545754629));
#3387=CARTESIAN_POINT('',(-68.1437263191375,15.2977311244466,-13.7802074349898));
#3388=CARTESIAN_POINT('Ctrl Pts',(-71.4322163135321,-2.02882346440393,-13.7588545754629));
#3389=CARTESIAN_POINT('Ctrl Pts',(-71.3096837725188,-1.37108009366047,-13.658936310963));
#3390=CARTESIAN_POINT('Ctrl Pts',(-71.1836050370755,-0.707327865326058,
-13.570675555272));
#3391=CARTESIAN_POINT('Ctrl Pts',(-70.9256565848306,0.633706076186967,-13.4181766768055));
#3392=CARTESIAN_POINT('Ctrl Pts',(-70.7937868680291,1.31098778936558,-13.35393855403));
#3393=CARTESIAN_POINT('Ctrl Pts',(-70.5255578605699,2.68059247022927,-13.2501925566923));
#3394=CARTESIAN_POINT('Ctrl Pts',(-70.2528392792544,4.06523840559945,-13.1711768075677));
#3395=CARTESIAN_POINT('Ctrl Pts',(-69.415554537182,8.31849435672249,-13.0867567412598));
#3396=CARTESIAN_POINT('Ctrl Pts',(-68.6942327664669,12.0886842388796,-13.3432251711117));
#3397=CARTESIAN_POINT('Ctrl Pts',(-68.1437263191374,15.2977311244466,-13.7802074349898));
#3398=CARTESIAN_POINT('',(-65.3561391424106,30.7181475534004,-14.3379506211809));
#3399=CARTESIAN_POINT('Ctrl Pts',(-68.1437263191374,15.2977311244466,-13.7802074349898));
#3400=CARTESIAN_POINT('Ctrl Pts',(-67.593219871808,18.5067780100135,-14.2171896988679));
#3401=CARTESIAN_POINT('Ctrl Pts',(-66.8072866546776,23.6096908081258,-15.2203743746799));
#3402=CARTESIAN_POINT('Ctrl Pts',(-66.0945463683418,27.3990341594733,-15.1154633226095));
#3403=CARTESIAN_POINT('Ctrl Pts',(-65.7720040306728,28.958240937729,-14.8951184799437));
#3404=CARTESIAN_POINT('Ctrl Pts',(-65.6760633633393,29.4006751881385,-14.8062236857852));
#3405=CARTESIAN_POINT('Ctrl Pts',(-65.5073289191177,30.1309410042729,-14.5975410709284));
#3406=CARTESIAN_POINT('Ctrl Pts',(-65.4345351422297,30.4187725699978,-14.4777532502301));
#3407=CARTESIAN_POINT('Ctrl Pts',(-65.3561391424106,30.7181475534004,-14.3379506211809));
#3408=CARTESIAN_POINT('Ctrl Pts',(-65.3561391424106,30.7181475534004,-14.3379506211809));
#3409=CARTESIAN_POINT('Ctrl Pts',(-65.2295489002481,30.9244044040981,-14.5988585296201));
#3410=CARTESIAN_POINT('Ctrl Pts',(-65.1099330545776,31.1120594070243,-14.8327191840653));
#3411=CARTESIAN_POINT('Ctrl Pts',(-64.8132585654854,31.5149564988766,-15.3061666046213));
#3412=CARTESIAN_POINT('Ctrl Pts',(-64.6361999220639,31.7301985878027,-15.5457533707323));
#3413=CARTESIAN_POINT('Ctrl Pts',(-64.018859795173,32.4173054835807,-16.2731028365637));
#3414=CARTESIAN_POINT('Ctrl Pts',(-62.5434441692365,33.7526999484793,-17.4904207007397));
#3415=CARTESIAN_POINT('Ctrl Pts',(-59.1889111026551,35.1583022194825,-17.5621116042084));
#3416=CARTESIAN_POINT('Ctrl Pts',(-55.1496972910314,36.8044001556544,-17.6449872749834));
#3417=CARTESIAN_POINT('Ctrl Pts',(-52.5528643856818,37.7881788906555,-17.8334466864826));
#3418=CARTESIAN_POINT('Ctrl Pts',(-51.2367973063522,38.2700796640368,-17.9619404657168));
#3419=CARTESIAN_POINT('Ctrl Pts',(-50.7951665087999,38.4290484894774,-18.0104824043756));
#3420=CARTESIAN_POINT('Ctrl Pts',(-49.907893617545,38.7420996218183,-18.1208445959624));
#3421=CARTESIAN_POINT('Ctrl Pts',(-49.4622515238424,38.8961819287187,-18.1826648488903));
#3422=CARTESIAN_POINT('Ctrl Pts',(-49.0155399050986,39.0470424827655,-18.2520527371732));
#3423=CARTESIAN_POINT('Ctrl Pts',(71.4322163135321,-2.02882346440393,-13.7588545754629));
#3424=CARTESIAN_POINT('Ctrl Pts',(71.2542375406875,-1.93966251853436,-14.4503417416776));
#3425=CARTESIAN_POINT('Ctrl Pts',(71.0535185303455,-1.85974715181965,-15.0552176956914));
#3426=CARTESIAN_POINT('Ctrl Pts',(70.6019522761803,-1.70941866101192,-16.1157566172394));
#3427=CARTESIAN_POINT('Ctrl Pts',(70.351105032357,-1.63900553691889,-16.5714195847735));
#3428=CARTESIAN_POINT('Ctrl Pts',(69.5163993129356,-1.42853615504031,-17.7506031645389));
#3429=CARTESIAN_POINT('Ctrl Pts',(67.5183319222869,-1.01067735288509,-19.3577490327225));
#3430=CARTESIAN_POINT('Ctrl Pts',(62.2660743363267,0.209689117312165,-19.72078529827));
#3431=CARTESIAN_POINT('Ctrl Pts',(53.7073150349302,3.56686227528964,-20.8379447227474));
#3432=CARTESIAN_POINT('Ctrl Pts',(48.3204106785503,6.10374132947048,-21.5811563813506));
#3433=CARTESIAN_POINT('Ctrl Pts',(45.6365527453036,7.50391377759888,-21.9314744207423));
#3434=CARTESIAN_POINT('Ctrl Pts',(44.719154275719,8.01729848254813,-22.0437100025302));
#3435=CARTESIAN_POINT('Ctrl Pts',(42.8387990195451,9.13738900359286,-22.2591069700876));
#3436=CARTESIAN_POINT('Ctrl Pts',(41.8758422329557,9.74409481968833,-22.362268355857));
#3437=CARTESIAN_POINT('Ctrl Pts',(41.1645216698882,10.2866590123097,-22.4151867710698));
#3438=CARTESIAN_POINT('Ctrl Pts',(71.5547488545454,-2.68656683514739,-13.8587728399628));
#3439=CARTESIAN_POINT('Ctrl Pts',(71.3717267023767,-2.59185302980958,-14.5469923593026));
#3440=CARTESIAN_POINT('Ctrl Pts',(71.1653955016564,-2.50689116031104,-15.1482590581491));
#3441=CARTESIAN_POINT('Ctrl Pts',(70.7016596166621,-2.3473995325935,-16.2011120923296));
#3442=CARTESIAN_POINT('Ctrl Pts',(70.444254932388,-2.2728697743745,-16.6526984276636));
#3443=CARTESIAN_POINT('Ctrl Pts',(69.5887475745584,-2.0513210260384,-17.8192748046072));
#3444=CARTESIAN_POINT('Ctrl Pts',(67.5445596388705,-1.61638563464969,-19.3996970422611));
#3445=CARTESIAN_POINT('Ctrl Pts',(62.2043904588585,-0.387998218148,-19.723598172275));
#3446=CARTESIAN_POINT('Ctrl Pts',(53.573773730436,2.96319765888255,-20.8433624544279));
#3447=CARTESIAN_POINT('Ctrl Pts',(48.1474736596354,5.48437862171358,-21.6004834754256));
#3448=CARTESIAN_POINT('Ctrl Pts',(45.4394519194416,6.86274823756186,-21.9629910846747));
#3449=CARTESIAN_POINT('Ctrl Pts',(44.5439714748764,7.3505146235566,-22.0761529220211));
#3450=CARTESIAN_POINT('Ctrl Pts',(42.7692105820258,8.34474406252107,-22.2933292688597));
#3451=CARTESIAN_POINT('Ctrl Pts',(41.8684459830165,8.93820069428524,-22.3960514101346));
#3452=CARTESIAN_POINT('Ctrl Pts',(41.1427868991371,9.45256009616054,-22.4782447098046));
#3453=CARTESIAN_POINT('Ctrl Pts',(71.6737352011286,-3.33830134829989,-13.9703486132716));
#3454=CARTESIAN_POINT('Ctrl Pts',(71.4851681852383,-3.23787544115159,-14.6544313066295));
#3455=CARTESIAN_POINT('Ctrl Pts',(71.2726529227726,-3.14777244874706,-15.2510969866991));
#3456=CARTESIAN_POINT('Ctrl Pts',(70.7955332453027,-2.97903037692958,-16.2940810165281));
#3457=CARTESIAN_POINT('Ctrl Pts',(70.5309288302986,-2.90039129751664,-16.7403993662875));
#3458=CARTESIAN_POINT('Ctrl Pts',(69.6526928673977,-2.66789705402132,-17.8905634645009));
#3459=CARTESIAN_POINT('Ctrl Pts',(67.5585300700405,-2.21660054600473,-19.4357278566674));
#3460=CARTESIAN_POINT('Ctrl Pts',(62.1282448200835,-0.981984604425641,-19.7043845983115));
#3461=CARTESIAN_POINT('Ctrl Pts',(53.4404488400828,2.36501143634652,-20.8154230822249));
#3462=CARTESIAN_POINT('Ctrl Pts',(47.9974785864779,4.86251870920615,-21.577408390302));
#3463=CARTESIAN_POINT('Ctrl Pts',(45.3081543832984,6.19833249771459,-21.9381208614037));
#3464=CARTESIAN_POINT('Ctrl Pts',(44.4170731361757,6.65811378589718,-22.0549783212814));
#3465=CARTESIAN_POINT('Ctrl Pts',(42.7037653212737,7.5739177006178,-22.267435053175));
#3466=CARTESIAN_POINT('Ctrl Pts',(41.8818394801063,8.04314184553996,-22.3576653612084));
#3467=CARTESIAN_POINT('Ctrl Pts',(41.1174329423351,8.5020826799199,-22.4498518555916));
#3468=CARTESIAN_POINT('Ctrl Pts',(71.9094201488232,-4.63278322327586,-14.2156809383716));
#3469=CARTESIAN_POINT('Ctrl Pts',(71.7090756457507,-4.52074278330966,-14.8902649451699));
#3470=CARTESIAN_POINT('Ctrl Pts',(71.4834050526023,-4.42024669822415,-15.4763167438318));
#3471=CARTESIAN_POINT('Ctrl Pts',(70.9778480123273,-4.23290228095985,-16.4964270161786));
#3472=CARTESIAN_POINT('Ctrl Pts',(70.6979615652006,-4.14605394878104,-16.9304854898634));
#3473=CARTESIAN_POINT('Ctrl Pts',(69.7716329321135,-3.89181914632263,-18.0422775603953));
#3474=CARTESIAN_POINT('Ctrl Pts',(67.5722984991108,-3.40859031771779,-19.5043282993688));
#3475=CARTESIAN_POINT('Ctrl Pts',(61.9595348470411,-2.16295540698764,-19.637677998264));
#3476=CARTESIAN_POINT('Ctrl Pts',(53.1803083644244,1.18023730679075,-20.7112002607888));
#3477=CARTESIAN_POINT('Ctrl Pts',(47.7357666668703,3.62251031317584,-21.4682422416126));
#3478=CARTESIAN_POINT('Ctrl Pts',(45.0965578145517,4.86651249329553,-21.8253500851056));
#3479=CARTESIAN_POINT('Ctrl Pts',(44.230665196522,5.28499083282328,-21.9408171751168));
#3480=CARTESIAN_POINT('Ctrl Pts',(42.5868685943695,6.07461108794582,-22.1512302282905));
#3481=CARTESIAN_POINT('Ctrl Pts',(41.7985058410548,6.45104354831322,-22.2418641189998));
#3482=CARTESIAN_POINT('Ctrl Pts',(41.0739518973563,6.76275118532738,-22.3274256369295));
#3483=CARTESIAN_POINT('Ctrl Pts',(72.0261187499346,-5.27553058509933,-14.3494374901628));
#3484=CARTESIAN_POINT('Ctrl Pts',(71.8195416234015,-5.1575877141257,-15.0186596363832));
#3485=CARTESIAN_POINT('Ctrl Pts',(71.586899761316,-5.05183965926522,-15.5986985724146));
#3486=CARTESIAN_POINT('Ctrl Pts',(71.0662891507111,-4.85514334065403,-16.6058040916308));
#3487=CARTESIAN_POINT('Ctrl Pts',(70.7783204021918,-4.76419507690332,-17.0328706748154));
#3488=CARTESIAN_POINT('Ctrl Pts',(69.8266277039901,-4.49916521064102,-18.1227029963961));
#3489=CARTESIAN_POINT('Ctrl Pts',(67.5720964970111,-4.00036517807583,-19.5368979276638));
#3490=CARTESIAN_POINT('Ctrl Pts',(61.8669705127736,-2.749939823272,-19.59018497218));
#3491=CARTESIAN_POINT('Ctrl Pts',(53.0534927791193,0.593649399770996,-20.6349168115557));
#3492=CARTESIAN_POINT('Ctrl Pts',(47.6240498204201,3.00436182965296,-21.3821511780468));
#3493=CARTESIAN_POINT('Ctrl Pts',(45.0180973108533,4.19488610375688,-21.7332305064305));
#3494=CARTESIAN_POINT('Ctrl Pts',(44.1638434738964,4.59834822139251,-21.8456891163264));
#3495=CARTESIAN_POINT('Ctrl Pts',(42.5450718831275,5.34642723998174,-22.0523528547942));
#3496=CARTESIAN_POINT('Ctrl Pts',(41.7699778966632,5.69021016554966,-22.1530756765212));
#3497=CARTESIAN_POINT('Ctrl Pts',(41.0558248091796,5.97389710697553,-22.2333922724805));
#3498=CARTESIAN_POINT('Ctrl Pts',(72.379989900143,-7.19483778935555,-14.782276954557));
#3499=CARTESIAN_POINT('Ctrl Pts',(72.1541560772038,-7.05909436479554,-15.4343459525765));
#3500=CARTESIAN_POINT('Ctrl Pts',(71.899954400834,-6.93754172036964,-15.995086059985));
#3501=CARTESIAN_POINT('Ctrl Pts',(71.3328162306162,-6.71274724754735,-16.9603194244238));
#3502=CARTESIAN_POINT('Ctrl Pts',(71.0198797367683,-6.60950541915097,-17.3648126814541));
#3503=CARTESIAN_POINT('Ctrl Pts',(69.9899693630827,-6.31214004164814,-18.3835385732428));
#3504=CARTESIAN_POINT('Ctrl Pts',(67.5657450471439,-5.76684971738766,-19.6419748396122));
#3505=CARTESIAN_POINT('Ctrl Pts',(61.5834067074142,-4.50099000969282,-19.4289468814722));
#3506=CARTESIAN_POINT('Ctrl Pts',(52.6919246959255,-1.14775455635268,-20.3611055444162));
#3507=CARTESIAN_POINT('Ctrl Pts',(47.3349081239195,1.16854228028959,-21.0620365896183));
#3508=CARTESIAN_POINT('Ctrl Pts',(44.8097009423325,2.25668740509203,-21.3884941272706));
#3509=CARTESIAN_POINT('Ctrl Pts',(43.9935153992062,2.6077352311064,-21.4933119756633));
#3510=CARTESIAN_POINT('Ctrl Pts',(42.4384095141926,3.26637491513584,-21.6870093508788));
#3511=CARTESIAN_POINT('Ctrl Pts',(41.6994891723052,3.57396677315091,-21.7758888777017));
#3512=CARTESIAN_POINT('Ctrl Pts',(41.0122838475875,3.84976987875314,-21.8528314137795));
#3513=CARTESIAN_POINT('Ctrl Pts',(73.1028335880575,-10.9977126730112,-15.7742351194275));
#3514=CARTESIAN_POINT('Ctrl Pts',(72.8362510682083,-10.8259950990221,-16.3877275551758));
#3515=CARTESIAN_POINT('Ctrl Pts',(72.536345733378,-10.6726385545033,-16.9048290424134));
#3516=CARTESIAN_POINT('Ctrl Pts',(71.8706850494398,-10.3914779725771,-17.7748865157566));
#3517=CARTESIAN_POINT('Ctrl Pts',(71.5049297003319,-10.2636739351697,-18.1278425018622));
#3518=CARTESIAN_POINT('Ctrl Pts',(70.3100820551191,-9.90183625587014,-18.9834468023145));
#3519=CARTESIAN_POINT('Ctrl Pts',(67.5300603731367,-9.26445862896225,-19.8816007717616));
#3520=CARTESIAN_POINT('Ctrl Pts',(60.9927958864669,-7.96347813280538,-19.031434650233));
#3521=CARTESIAN_POINT('Ctrl Pts',(52.0443032204243,-4.55712340885768,-19.6336393323769));
#3522=CARTESIAN_POINT('Ctrl Pts',(46.9406601023175,-2.42859321361615,-20.1744418218368));
#3523=CARTESIAN_POINT('Ctrl Pts',(44.5456227203703,-1.42210030931932,-20.4352490814724));
#3524=CARTESIAN_POINT('Ctrl Pts',(43.7734076225723,-1.09623137344102,-20.5205858371685));
#3525=CARTESIAN_POINT('Ctrl Pts',(42.2999958354872,-0.475732858370655,-20.6814768093421));
#3526=CARTESIAN_POINT('Ctrl Pts',(41.5987991462001,-0.181103279178576,-20.7570310258196));
#3527=CARTESIAN_POINT('Ctrl Pts',(40.9424901692395,0.0919156422146125,-20.8244017005942));
#3528=CARTESIAN_POINT('Ctrl Pts',(75.298768616949,-19.8754780911862,-18.8774827359968));
#3529=CARTESIAN_POINT('Ctrl Pts',(74.9479362363245,-19.6279746003553,-19.4141905159178));
#3530=CARTESIAN_POINT('Ctrl Pts',(74.5532498081218,-19.4056309524131,-19.8422032183563));
#3531=CARTESIAN_POINT('Ctrl Pts',(73.6831493142128,-18.9979060436717,-20.5135232975668));
#3532=CARTESIAN_POINT('Ctrl Pts',(73.2077352485064,-18.8125247828725,-20.7568306743389));
#3533=CARTESIAN_POINT('Ctrl Pts',(71.6708722816106,-18.2917886332378,-21.2587220601031));
#3534=CARTESIAN_POINT('Ctrl Pts',(68.1546632687118,-17.3919468650204,-21.350381853424));
#3535=CARTESIAN_POINT('Ctrl Pts',(60.500726977493,-15.7989253218598,-18.9036230425012));
#3536=CARTESIAN_POINT('Ctrl Pts',(51.5722133288203,-11.9443556468132,-18.2204034085147));
#3537=CARTESIAN_POINT('Ctrl Pts',(46.6701198078803,-9.56909369952438,-18.202052143414));
#3538=CARTESIAN_POINT('Ctrl Pts',(44.3806233653807,-8.45064074526043,-18.2246389205514));
#3539=CARTESIAN_POINT('Ctrl Pts',(43.6443829375426,-8.08935276373587,-18.2374615812118));
#3540=CARTESIAN_POINT('Ctrl Pts',(42.2400379445109,-7.40310248099534,-18.2681108708405));
#3541=CARTESIAN_POINT('Ctrl Pts',(41.5719333793173,-7.07814017977938,-18.2859374998089));
#3542=CARTESIAN_POINT('Ctrl Pts',(40.9450396237732,-6.77797388897527,-18.3034743621373));
#3543=CARTESIAN_POINT('Ctrl Pts',(82.1971896476685,-34.0252155940957,-25.0196261609885));
#3544=CARTESIAN_POINT('Ctrl Pts',(81.9082447614048,-33.7542576136847,-25.7308292628436));
#3545=CARTESIAN_POINT('Ctrl Pts',(81.5831817643581,-33.4859097718444,-26.3423650377148));
#3546=CARTESIAN_POINT('Ctrl Pts',(80.8578292249296,-32.9466558042979,-27.3870922591486));
#3547=CARTESIAN_POINT('Ctrl Pts',(80.4575396825477,-32.6757496785917,-27.8202837057111));
#3548=CARTESIAN_POINT('Ctrl Pts',(79.1393457517455,-31.8475260341642,-28.8838270414244));
#3549=CARTESIAN_POINT('Ctrl Pts',(76.0336566755141,-30.1290576760725,-30.0667896969542));
#3550=CARTESIAN_POINT('Ctrl Pts',(68.3315827158384,-26.4881247393153,-28.5771935829067));
#3551=CARTESIAN_POINT('Ctrl Pts',(56.7831562873592,-20.5668633659626,-25.8311155210943));
#3552=CARTESIAN_POINT('Ctrl Pts',(50.1698682362233,-17.1702193703549,-24.3830975594336));
#3553=CARTESIAN_POINT('Ctrl Pts',(47.0864043797233,-15.5964378960244,-23.7561138705011));
#3554=CARTESIAN_POINT('Ctrl Pts',(46.095779789068,-15.0926008251598,-23.5632901895066));
#3555=CARTESIAN_POINT('Ctrl Pts',(44.2173493643483,-14.1428604777116,-23.2206102269268));
#3556=CARTESIAN_POINT('Ctrl Pts',(43.3295435302839,-13.696957201128,-23.0707539453416));
#3557=CARTESIAN_POINT('Ctrl Pts',(42.5073597579657,-13.2882309649131,-22.9476941811827));
#3558=CARTESIAN_POINT('Ctrl Pts',(76.2058900924433,-45.2987421749421,-25.1613033376837));
#3559=CARTESIAN_POINT('Ctrl Pts',(76.0253012439861,-44.9771807296307,-25.8357091099843));
#3560=CARTESIAN_POINT('Ctrl Pts',(75.7821454067491,-44.6580155582957,-26.4097450774483));
#3561=CARTESIAN_POINT('Ctrl Pts',(75.1825751434527,-44.0178077198894,-27.3830271409033));
#3562=CARTESIAN_POINT('Ctrl Pts',(74.8261607173932,-43.6967650528181,-27.7822732368944));
#3563=CARTESIAN_POINT('Ctrl Pts',(73.6048426390866,-42.7208157424662,-28.7567513249592));
#3564=CARTESIAN_POINT('Ctrl Pts',(70.5539072819608,-40.7176318852106,-29.8126667014555));
#3565=CARTESIAN_POINT('Ctrl Pts',(63.1400423417442,-36.72236331902,-28.6643059561522));
#3566=CARTESIAN_POINT('Ctrl Pts',(54.5209426950028,-30.7843826904595,-27.7902770481075));
#3567=CARTESIAN_POINT('Ctrl Pts',(49.6209128273746,-27.3648957089101,-27.3451881504753));
#3568=CARTESIAN_POINT('Ctrl Pts',(47.2839516751594,-25.763829269371,-27.1321883695607));
#3569=CARTESIAN_POINT('Ctrl Pts',(46.5238069213541,-25.2482532980639,-27.0627792205727));
#3570=CARTESIAN_POINT('Ctrl Pts',(45.0525045845314,-24.2674592867457,-26.9265296885699));
#3571=CARTESIAN_POINT('Ctrl Pts',(44.341347001514,-23.8022412467345,-26.859689305555));
#3572=CARTESIAN_POINT('Ctrl Pts',(43.6603342923512,-23.3692682961467,-26.7938269105297));
#3573=CARTESIAN_POINT('Ctrl Pts',(70.7870407525955,-47.2077009100614,-26.7140399778439));
#3574=CARTESIAN_POINT('Ctrl Pts',(70.6579837330065,-46.9213949256239,-27.3924474636921));
#3575=CARTESIAN_POINT('Ctrl Pts',(70.4669050524001,-46.6429616722627,-27.9644429143149));
#3576=CARTESIAN_POINT('Ctrl Pts',(69.9740561754742,-46.0939578732964,-28.9232386252479));
#3577=CARTESIAN_POINT('Ctrl Pts',(69.6722859791546,-45.8233873276911,-29.3100388855581));
#3578=CARTESIAN_POINT('Ctrl Pts',(68.6209658261084,-45.0116456209144,-30.2340902012271));
#3579=CARTESIAN_POINT('Ctrl Pts',(65.934287263666,-43.3880419275167,-31.136794971518));
#3580=CARTESIAN_POINT('Ctrl Pts',(59.3374067571359,-40.2084691088343,-29.572046425054));
#3581=CARTESIAN_POINT('Ctrl Pts',(52.0513713921021,-35.1362333693302,-28.3355767047531));
#3582=CARTESIAN_POINT('Ctrl Pts',(47.9587837097909,-32.1804933074788,-27.7122686435839));
#3583=CARTESIAN_POINT('Ctrl Pts',(46.0080915600065,-30.7954984815467,-27.417947599771));
#3584=CARTESIAN_POINT('Ctrl Pts',(45.3737944586402,-30.3493127404016,-27.3227294162953));
#3585=CARTESIAN_POINT('Ctrl Pts',(44.145250170018,-29.5009454888901,-27.1376658268684));
#3586=CARTESIAN_POINT('Ctrl Pts',(43.551002982762,-29.0987639785237,-27.0478204209171));
#3587=CARTESIAN_POINT('Ctrl Pts',(42.9808720943879,-28.7251074981038,-26.9604589613617));
#3588=CARTESIAN_POINT('Ctrl Pts',(68.3334332157476,-47.3848428817403,-27.5352373896777));
#3589=CARTESIAN_POINT('Ctrl Pts',(68.2238558302168,-47.12121901121,-28.2185484503571));
#3590=CARTESIAN_POINT('Ctrl Pts',(68.054532589391,-46.8684177279041,-28.7922632525134));
#3591=CARTESIAN_POINT('Ctrl Pts',(67.6094222130251,-46.375844776095,-29.7486568043009));
#3592=CARTESIAN_POINT('Ctrl Pts',(67.3336350774848,-46.1360731075919,-30.1313355539321));
#3593=CARTESIAN_POINT('Ctrl Pts',(66.3661195526052,-45.4233791848176,-31.0350524208198));
#3594=CARTESIAN_POINT('Ctrl Pts',(63.8704720298102,-44.0244756702096,-31.8652086265711));
#3595=CARTESIAN_POINT('Ctrl Pts',(57.6896460791528,-41.3084578884713,-30.0518025339723));
#3596=CARTESIAN_POINT('Ctrl Pts',(50.8980527849749,-36.7012679979594,-28.4807644062873));
#3597=CARTESIAN_POINT('Ctrl Pts',(47.1095290524633,-33.9956770098918,-27.6867621134211));
#3598=CARTESIAN_POINT('Ctrl Pts',(45.3097790225883,-32.728481206497,-27.3178273142399));
#3599=CARTESIAN_POINT('Ctrl Pts',(44.7256143186935,-32.3203492204719,-27.1995267723882));
#3600=CARTESIAN_POINT('Ctrl Pts',(43.5965843778721,-31.5452539007899,-26.9728305127622));
#3601=CARTESIAN_POINT('Ctrl Pts',(43.0517191409455,-31.1782905671332,-26.864434794988));
#3602=CARTESIAN_POINT('Ctrl Pts',(42.5304013982572,-30.8382292707383,-26.7612661767492));
#3603=CARTESIAN_POINT('Ctrl Pts',(67.0956592318785,-47.4198361895863,-27.9588537940994));
#3604=CARTESIAN_POINT('Ctrl Pts',(66.9956045437553,-47.1681844285659,-28.6448823550894));
#3605=CARTESIAN_POINT('Ctrl Pts',(66.8372427854546,-46.9295187830102,-29.2195178848149));
#3606=CARTESIAN_POINT('Ctrl Pts',(66.416103420666,-46.4662892347265,-30.1751046416576));
#3607=CARTESIAN_POINT('Ctrl Pts',(66.1534890064479,-46.2425223503361,-30.5558622182694));
#3608=CARTESIAN_POINT('Ctrl Pts',(65.2287881601918,-45.5817417442927,-31.449518279525));
#3609=CARTESIAN_POINT('Ctrl Pts',(62.8315662392859,-44.3003568995552,-32.2428262966593));
#3610=CARTESIAN_POINT('Ctrl Pts',(56.8642607640653,-41.8256142317185,-30.2992409617138));
#3611=CARTESIAN_POINT('Ctrl Pts',(50.3134825725876,-37.4587816261286,-28.5459822444449));
#3612=CARTESIAN_POINT('Ctrl Pts',(46.673492256555,-34.8825485411125,-27.6587732865485));
#3613=CARTESIAN_POINT('Ctrl Pts',(44.9479964751118,-33.6763519908546,-27.2492181275536));
#3614=CARTESIAN_POINT('Ctrl Pts',(44.3885811107262,-33.2879398061436,-27.1183746278808));
#3615=CARTESIAN_POINT('Ctrl Pts',(43.3089312758291,-32.5508569195597,-26.8691360031658));
#3616=CARTESIAN_POINT('Ctrl Pts',(42.7886968053175,-32.2021862176867,-26.7507408781235));
#3617=CARTESIAN_POINT('Ctrl Pts',(42.2918933325844,-31.8796036666099,-26.6391192410527));
#3618=CARTESIAN_POINT('Ctrl Pts',(66.6817069419745,-47.42485379336,-28.1016742343796));
#3619=CARTESIAN_POINT('Ctrl Pts',(66.584790299717,-47.1772979109355,-28.788652914289));
#3620=CARTESIAN_POINT('Ctrl Pts',(66.4296289220705,-46.9412813059265,-29.3641601727824));
#3621=CARTESIAN_POINT('Ctrl Pts',(66.0164968546906,-46.488020888809,-30.3195437120816));
#3622=CARTESIAN_POINT('Ctrl Pts',(65.7583360305675,-46.2698484751467,-30.699645613995));
#3623=CARTESIAN_POINT('Ctrl Pts',(64.8480263201104,-45.626611893705,-31.5900043572448));
#3624=CARTESIAN_POINT('Ctrl Pts',(62.484097946845,-44.3852613690036,-32.3709339937824));
#3625=CARTESIAN_POINT('Ctrl Pts',(56.5888814963536,-41.9925266717057,-30.3829804998414));
#3626=CARTESIAN_POINT('Ctrl Pts',(50.1173073503213,-37.7071188878275,-28.5664921883959));
#3627=CARTESIAN_POINT('Ctrl Pts',(46.5262450800448,-35.1747189981884,-27.6469044172924));
#3628=CARTESIAN_POINT('Ctrl Pts',(44.825297912825,-33.9892054892875,-27.223256891338));
#3629=CARTESIAN_POINT('Ctrl Pts',(44.2740795184048,-33.6074820589737,-27.0880654426194));
#3630=CARTESIAN_POINT('Ctrl Pts',(43.2108268741531,-32.8832993946196,-26.8310250245431));
#3631=CARTESIAN_POINT('Ctrl Pts',(42.6987926243216,-32.5408401605793,-26.7091760551853));
#3632=CARTESIAN_POINT('Ctrl Pts',(42.2101785244255,-32.2241973834929,-26.5946451719221));
#3633=CARTESIAN_POINT('Ctrl Pts',(65.8510804382715,-47.4215953365572,-28.3905450592192));
#3634=CARTESIAN_POINT('Ctrl Pts',(65.7604037011418,-47.1823363867508,-29.0794682624499));
#3635=CARTESIAN_POINT('Ctrl Pts',(65.6124440630567,-46.9556815386748,-29.6557952468138));
#3636=CARTESIAN_POINT('Ctrl Pts',(65.2154145752706,-46.5228942589688,-30.6107537845331));
#3637=CARTESIAN_POINT('Ctrl Pts',(64.9661632639765,-46.3158755830487,-30.9896006675071));
#3638=CARTESIAN_POINT('Ctrl Pts',(64.084851264004,-45.7084348221169,-31.8733073041694));
#3639=CARTESIAN_POINT('Ctrl Pts',(61.7879949996972,-44.5480143675669,-32.6293845284554));
#3640=CARTESIAN_POINT('Ctrl Pts',(56.0378721315806,-42.3208785439183,-30.5517196383103));
#3641=CARTESIAN_POINT('Ctrl Pts',(49.7236384209846,-38.199626130201,-28.6062827408629));
#3642=CARTESIAN_POINT('Ctrl Pts',(46.2298491491503,-35.7556065256758,-27.6206274184817));
#3643=CARTESIAN_POINT('Ctrl Pts',(44.5777964084569,-34.6118090564671,-27.1682429115867));
#3644=CARTESIAN_POINT('Ctrl Pts',(44.0429191440964,-34.2435786222398,-27.024188601671));
#3645=CARTESIAN_POINT('Ctrl Pts',(43.0123980364728,-33.5454258135427,-26.7512569252072));
#3646=CARTESIAN_POINT('Ctrl Pts',(42.5167541932097,-33.2155034390727,-26.6223795586591));
#3647=CARTESIAN_POINT('Ctrl Pts',(42.0445367885066,-32.9108537355178,-26.5019386097627));
#3648=CARTESIAN_POINT('Ctrl Pts',(65.4344062244725,-47.4133192759809,-28.5365954437787));
#3649=CARTESIAN_POINT('Ctrl Pts',(65.3468313466048,-47.1782613801965,-29.2265130514112));
#3650=CARTESIAN_POINT('Ctrl Pts',(65.2027612961178,-46.957773366136,-29.802920665205));
#3651=CARTESIAN_POINT('Ctrl Pts',(64.8139016047229,-46.5358540142558,-30.7575689973365));
#3652=CARTESIAN_POINT('Ctrl Pts',(64.5691402915299,-46.334561026789,-31.1357761008695));
#3653=CARTESIAN_POINT('Ctrl Pts',(63.7024380479789,-45.7453876011165,-32.0161241733741));
#3654=CARTESIAN_POINT('Ctrl Pts',(61.4393603449902,-44.6258628966819,-32.7597273660054));
#3655=CARTESIAN_POINT('Ctrl Pts',(55.7622420345195,-42.4823179761436,-30.6367192386516));
#3656=CARTESIAN_POINT('Ctrl Pts',(49.5261447139143,-38.4437961108757,-28.6255633493789));
#3657=CARTESIAN_POINT('Ctrl Pts',(46.080700394766,-36.0443235960874,-27.606219288927));
#3658=CARTESIAN_POINT('Ctrl Pts',(44.4529934663755,-34.9215591252138,-27.139190168051));
#3659=CARTESIAN_POINT('Ctrl Pts',(43.9262603621094,-34.560132932676,-26.9906209459839));
#3660=CARTESIAN_POINT('Ctrl Pts',(42.9120736004685,-33.8751097574058,-26.7095998044939));
#3661=CARTESIAN_POINT('Ctrl Pts',(42.4246199430937,-33.5515127746735,-26.577147885071));
#3662=CARTESIAN_POINT('Ctrl Pts',(41.9606098607465,-33.2529163706599,-26.4537061167337));
#3663=CARTESIAN_POINT('Ctrl Pts',(65.018208655265,-47.407371110474,-28.6820802227111));
#3664=CARTESIAN_POINT('Ctrl Pts',(64.9337356366594,-47.1765142687116,-29.3729922347454));
#3665=CARTESIAN_POINT('Ctrl Pts',(64.7932318683304,-46.9606140900729,-29.9498641251967));
#3666=CARTESIAN_POINT('Ctrl Pts',(64.4124397472258,-46.5490634017013,-30.9043235573401));
#3667=CARTESIAN_POINT('Ctrl Pts',(64.1721513944502,-46.3534128919684,-31.2819110990321));
#3668=CARTESIAN_POINT('Ctrl Pts',(63.3200248319539,-45.782340380116,-32.1589410425788));
#3669=CARTESIAN_POINT('Ctrl Pts',(61.0907256902833,-44.7037114257968,-32.8900702035554));
#3670=CARTESIAN_POINT('Ctrl Pts',(55.4866119374584,-42.6437574083689,-30.7217188389929));
#3671=CARTESIAN_POINT('Ctrl Pts',(49.328651006844,-38.6879660915503,-28.6448439578949));
#3672=CARTESIAN_POINT('Ctrl Pts',(45.9315516403817,-36.333040666499,-27.5918111593724));
#3673=CARTESIAN_POINT('Ctrl Pts',(44.3281905242942,-35.2313091939604,-27.1101374245153));
#3674=CARTESIAN_POINT('Ctrl Pts',(43.8096015801223,-34.8766872431121,-26.9570532902969));
#3675=CARTESIAN_POINT('Ctrl Pts',(42.8117491644641,-34.204793701269,-26.6679426837807));
#3676=CARTESIAN_POINT('Ctrl Pts',(42.3324856929778,-33.8875221102743,-26.5319162114828));
#3677=CARTESIAN_POINT('Ctrl Pts',(41.8766829329864,-33.5949790058019,-26.4054736237048));
#3678=CARTESIAN_POINT('',(65.018208655265,-47.407371110474,-28.6820802227111));
#3679=CARTESIAN_POINT('Ctrl Pts',(71.4322163135321,-2.02882346440393,-13.7588545754629));
#3680=CARTESIAN_POINT('Ctrl Pts',(71.5547488545454,-2.68656683514739,-13.8587728399628));
#3681=CARTESIAN_POINT('Ctrl Pts',(71.6737352011286,-3.33830134829989,-13.9703486132716));
#3682=CARTESIAN_POINT('Ctrl Pts',(71.9094201488232,-4.63278322327586,-14.2156809383716));
#3683=CARTESIAN_POINT('Ctrl Pts',(72.0261187499346,-5.27553058509933,-14.3494374901628));
#3684=CARTESIAN_POINT('Ctrl Pts',(72.379989900143,-7.19483778935555,-14.782276954557));
#3685=CARTESIAN_POINT('Ctrl Pts',(73.1028335880575,-10.9977126730112,-15.7742351194275));
#3686=CARTESIAN_POINT('Ctrl Pts',(75.298768616949,-19.8754780911862,-18.8774827359968));
#3687=CARTESIAN_POINT('Ctrl Pts',(82.1971896476685,-34.0252155940957,-25.0196261609885));
#3688=CARTESIAN_POINT('Ctrl Pts',(76.2058900924433,-45.2987421749421,-25.1613033376837));
#3689=CARTESIAN_POINT('Ctrl Pts',(70.7870407525955,-47.2077009100614,-26.7140399778439));
#3690=CARTESIAN_POINT('Ctrl Pts',(68.3334332157476,-47.3848428817403,-27.5352373896777));
#3691=CARTESIAN_POINT('Ctrl Pts',(67.0956592318785,-47.4198361895863,-27.9588537940994));
#3692=CARTESIAN_POINT('Ctrl Pts',(66.6817069419745,-47.42485379336,-28.1016742343796));
#3693=CARTESIAN_POINT('Ctrl Pts',(65.8510804382715,-47.4215953365572,-28.3905450592192));
#3694=CARTESIAN_POINT('Ctrl Pts',(65.4344062244725,-47.4133192759809,-28.5365954437787));
#3695=CARTESIAN_POINT('Ctrl Pts',(65.018208655265,-47.407371110474,-28.6820802227111));
#3696=CARTESIAN_POINT('Ctrl Pts',(65.018208655265,-47.407371110474,-28.6820802227111));
#3697=CARTESIAN_POINT('Ctrl Pts',(64.9337356366594,-47.1765142687116,-29.3729922347454));
#3698=CARTESIAN_POINT('Ctrl Pts',(64.7932318683304,-46.9606140900729,-29.9498641251967));
#3699=CARTESIAN_POINT('Ctrl Pts',(64.4124397472258,-46.5490634017013,-30.9043235573401));
#3700=CARTESIAN_POINT('Ctrl Pts',(64.1721513944502,-46.3534128919684,-31.2819110990321));
#3701=CARTESIAN_POINT('Ctrl Pts',(63.3200248319539,-45.782340380116,-32.1589410425788));
#3702=CARTESIAN_POINT('Ctrl Pts',(61.0907256902833,-44.7037114257968,-32.8900702035554));
#3703=CARTESIAN_POINT('Ctrl Pts',(55.4866119374584,-42.6437574083689,-30.7217188389929));
#3704=CARTESIAN_POINT('Ctrl Pts',(49.328651006844,-38.6879660915503,-28.6448439578949));
#3705=CARTESIAN_POINT('Ctrl Pts',(45.9315516403817,-36.333040666499,-27.5918111593724));
#3706=CARTESIAN_POINT('Ctrl Pts',(44.3281905242942,-35.2313091939604,-27.1101374245153));
#3707=CARTESIAN_POINT('Ctrl Pts',(43.8096015801223,-34.8766872431121,-26.9570532902969));
#3708=CARTESIAN_POINT('Ctrl Pts',(42.8117491644641,-34.204793701269,-26.6679426837807));
#3709=CARTESIAN_POINT('Ctrl Pts',(42.3324856929778,-33.8875221102743,-26.5319162114828));
#3710=CARTESIAN_POINT('Ctrl Pts',(41.8766829329864,-33.5949790058019,-26.4054736237048));
#3711=CARTESIAN_POINT('Ctrl Pts',(-41.1645216698882,10.2866590123097,-22.4151867710698));
#3712=CARTESIAN_POINT('Ctrl Pts',(-41.8758422329557,9.74409481968833,-22.362268355857));
#3713=CARTESIAN_POINT('Ctrl Pts',(-42.8387990195451,9.13738900359285,-22.2591069700876));
#3714=CARTESIAN_POINT('Ctrl Pts',(-44.719154275719,8.01729848254813,-22.0437100025302));
#3715=CARTESIAN_POINT('Ctrl Pts',(-45.6365527453036,7.50391377759888,-21.9314744207423));
#3716=CARTESIAN_POINT('Ctrl Pts',(-48.3204106785503,6.10374132947048,-21.5811563813506));
#3717=CARTESIAN_POINT('Ctrl Pts',(-53.7073150349302,3.56686227528964,-20.8379447227474));
#3718=CARTESIAN_POINT('Ctrl Pts',(-62.2660743363267,0.209689117312166,-19.72078529827));
#3719=CARTESIAN_POINT('Ctrl Pts',(-67.5183319222869,-1.01067735288509,-19.3577490327225));
#3720=CARTESIAN_POINT('Ctrl Pts',(-69.5163993129356,-1.42853615504031,-17.7506031645389));
#3721=CARTESIAN_POINT('Ctrl Pts',(-70.3511050323569,-1.63900553691889,-16.5714195847735));
#3722=CARTESIAN_POINT('Ctrl Pts',(-70.6019522761802,-1.70941866101192,-16.1157566172394));
#3723=CARTESIAN_POINT('Ctrl Pts',(-71.0535185303455,-1.85974715181965,-15.0552176956914));
#3724=CARTESIAN_POINT('Ctrl Pts',(-71.2542375406875,-1.93966251853436,-14.4503417416776));
#3725=CARTESIAN_POINT('Ctrl Pts',(-71.4322163135321,-2.02882346440393,-13.7588545754629));
#3726=CARTESIAN_POINT('Ctrl Pts',(-41.1427868991371,9.45256009616055,-22.4782447098046));
#3727=CARTESIAN_POINT('Ctrl Pts',(-41.8684459830165,8.93820069428524,-22.3960514101346));
#3728=CARTESIAN_POINT('Ctrl Pts',(-42.7692105820258,8.34474406252107,-22.2933292688597));
#3729=CARTESIAN_POINT('Ctrl Pts',(-44.5439714748764,7.3505146235566,-22.0761529220211));
#3730=CARTESIAN_POINT('Ctrl Pts',(-45.4394519194416,6.86274823756186,-21.9629910846747));
#3731=CARTESIAN_POINT('Ctrl Pts',(-48.1474736596354,5.48437862171358,-21.6004834754256));
#3732=CARTESIAN_POINT('Ctrl Pts',(-53.573773730436,2.96319765888255,-20.8433624544279));
#3733=CARTESIAN_POINT('Ctrl Pts',(-62.2043904588585,-0.387998218147999,
-19.723598172275));
#3734=CARTESIAN_POINT('Ctrl Pts',(-67.5445596388705,-1.61638563464969,-19.3996970422611));
#3735=CARTESIAN_POINT('Ctrl Pts',(-69.5887475745584,-2.0513210260384,-17.8192748046072));
#3736=CARTESIAN_POINT('Ctrl Pts',(-70.444254932388,-2.2728697743745,-16.6526984276636));
#3737=CARTESIAN_POINT('Ctrl Pts',(-70.7016596166621,-2.3473995325935,-16.2011120923296));
#3738=CARTESIAN_POINT('Ctrl Pts',(-71.1653955016564,-2.50689116031104,-15.1482590581491));
#3739=CARTESIAN_POINT('Ctrl Pts',(-71.3717267023767,-2.59185302980958,-14.5469923593026));
#3740=CARTESIAN_POINT('Ctrl Pts',(-71.5547488545454,-2.68656683514739,-13.8587728399628));
#3741=CARTESIAN_POINT('Ctrl Pts',(-41.1174329423351,8.5020826799199,-22.4498518555916));
#3742=CARTESIAN_POINT('Ctrl Pts',(-41.8818394801063,8.04314184553996,-22.3576653612084));
#3743=CARTESIAN_POINT('Ctrl Pts',(-42.7037653212737,7.5739177006178,-22.267435053175));
#3744=CARTESIAN_POINT('Ctrl Pts',(-44.4170731361757,6.65811378589718,-22.0549783212814));
#3745=CARTESIAN_POINT('Ctrl Pts',(-45.3081543832984,6.19833249771459,-21.9381208614037));
#3746=CARTESIAN_POINT('Ctrl Pts',(-47.9974785864779,4.86251870920615,-21.577408390302));
#3747=CARTESIAN_POINT('Ctrl Pts',(-53.4404488400827,2.36501143634653,-20.8154230822249));
#3748=CARTESIAN_POINT('Ctrl Pts',(-62.1282448200835,-0.98198460442564,-19.7043845983115));
#3749=CARTESIAN_POINT('Ctrl Pts',(-67.5585300700404,-2.21660054600473,-19.4357278566674));
#3750=CARTESIAN_POINT('Ctrl Pts',(-69.6526928673977,-2.66789705402132,-17.8905634645009));
#3751=CARTESIAN_POINT('Ctrl Pts',(-70.5309288302987,-2.90039129751664,-16.7403993662875));
#3752=CARTESIAN_POINT('Ctrl Pts',(-70.7955332453027,-2.97903037692958,-16.2940810165281));
#3753=CARTESIAN_POINT('Ctrl Pts',(-71.2726529227726,-3.14777244874706,-15.2510969866991));
#3754=CARTESIAN_POINT('Ctrl Pts',(-71.4851681852383,-3.2378754411516,-14.6544313066295));
#3755=CARTESIAN_POINT('Ctrl Pts',(-71.6737352011286,-3.33830134829989,-13.9703486132716));
#3756=CARTESIAN_POINT('Ctrl Pts',(-41.0739518973563,6.76275118532738,-22.3274256369295));
#3757=CARTESIAN_POINT('Ctrl Pts',(-41.7985058410548,6.45104354831321,-22.2418641189998));
#3758=CARTESIAN_POINT('Ctrl Pts',(-42.5868685943695,6.07461108794582,-22.1512302282905));
#3759=CARTESIAN_POINT('Ctrl Pts',(-44.230665196522,5.28499083282328,-21.9408171751168));
#3760=CARTESIAN_POINT('Ctrl Pts',(-45.0965578145517,4.86651249329553,-21.8253500851056));
#3761=CARTESIAN_POINT('Ctrl Pts',(-47.7357666668703,3.62251031317584,-21.4682422416126));
#3762=CARTESIAN_POINT('Ctrl Pts',(-53.1803083644244,1.18023730679075,-20.7112002607888));
#3763=CARTESIAN_POINT('Ctrl Pts',(-61.9595348470411,-2.16295540698764,-19.637677998264));
#3764=CARTESIAN_POINT('Ctrl Pts',(-67.5722984991108,-3.40859031771779,-19.5043282993688));
#3765=CARTESIAN_POINT('Ctrl Pts',(-69.7716329321135,-3.89181914632263,-18.0422775603953));
#3766=CARTESIAN_POINT('Ctrl Pts',(-70.6979615652006,-4.14605394878104,-16.9304854898635));
#3767=CARTESIAN_POINT('Ctrl Pts',(-70.9778480123273,-4.23290228095985,-16.4964270161786));
#3768=CARTESIAN_POINT('Ctrl Pts',(-71.4834050526023,-4.42024669822415,-15.4763167438318));
#3769=CARTESIAN_POINT('Ctrl Pts',(-71.7090756457507,-4.52074278330966,-14.8902649451699));
#3770=CARTESIAN_POINT('Ctrl Pts',(-71.9094201488232,-4.63278322327586,-14.2156809383716));
#3771=CARTESIAN_POINT('Ctrl Pts',(-41.0558248091796,5.97389710697552,-22.2333922724805));
#3772=CARTESIAN_POINT('Ctrl Pts',(-41.7699778966632,5.69021016554966,-22.1530756765212));
#3773=CARTESIAN_POINT('Ctrl Pts',(-42.5450718831275,5.34642723998174,-22.0523528547942));
#3774=CARTESIAN_POINT('Ctrl Pts',(-44.1638434738964,4.59834822139251,-21.8456891163264));
#3775=CARTESIAN_POINT('Ctrl Pts',(-45.0180973108533,4.19488610375688,-21.7332305064305));
#3776=CARTESIAN_POINT('Ctrl Pts',(-47.6240498204201,3.00436182965296,-21.3821511780468));
#3777=CARTESIAN_POINT('Ctrl Pts',(-53.0534927791193,0.593649399770999,-20.6349168115557));
#3778=CARTESIAN_POINT('Ctrl Pts',(-61.8669705127736,-2.749939823272,-19.59018497218));
#3779=CARTESIAN_POINT('Ctrl Pts',(-67.5720964970111,-4.00036517807583,-19.5368979276638));
#3780=CARTESIAN_POINT('Ctrl Pts',(-69.8266277039901,-4.49916521064102,-18.1227029963961));
#3781=CARTESIAN_POINT('Ctrl Pts',(-70.7783204021919,-4.76419507690332,-17.0328706748154));
#3782=CARTESIAN_POINT('Ctrl Pts',(-71.0662891507112,-4.85514334065403,-16.6058040916308));
#3783=CARTESIAN_POINT('Ctrl Pts',(-71.586899761316,-5.05183965926522,-15.5986985724147));
#3784=CARTESIAN_POINT('Ctrl Pts',(-71.8195416234015,-5.1575877141257,-15.0186596363832));
#3785=CARTESIAN_POINT('Ctrl Pts',(-72.0261187499346,-5.27553058509933,-14.3494374901628));
#3786=CARTESIAN_POINT('Ctrl Pts',(-41.0122838475875,3.84976987875314,-21.8528314137795));
#3787=CARTESIAN_POINT('Ctrl Pts',(-41.6994891723052,3.57396677315091,-21.7758888777017));
#3788=CARTESIAN_POINT('Ctrl Pts',(-42.4384095141926,3.26637491513584,-21.6870093508788));
#3789=CARTESIAN_POINT('Ctrl Pts',(-43.9935153992062,2.6077352311064,-21.4933119756633));
#3790=CARTESIAN_POINT('Ctrl Pts',(-44.8097009423325,2.25668740509203,-21.3884941272706));
#3791=CARTESIAN_POINT('Ctrl Pts',(-47.3349081239195,1.16854228028959,-21.0620365896183));
#3792=CARTESIAN_POINT('Ctrl Pts',(-52.6919246959255,-1.14775455635268,-20.3611055444162));
#3793=CARTESIAN_POINT('Ctrl Pts',(-61.5834067074142,-4.50099000969282,-19.4289468814722));
#3794=CARTESIAN_POINT('Ctrl Pts',(-67.5657450471438,-5.76684971738766,-19.6419748396122));
#3795=CARTESIAN_POINT('Ctrl Pts',(-69.9899693630827,-6.31214004164814,-18.3835385732428));
#3796=CARTESIAN_POINT('Ctrl Pts',(-71.0198797367683,-6.60950541915098,-17.3648126814541));
#3797=CARTESIAN_POINT('Ctrl Pts',(-71.3328162306162,-6.71274724754735,-16.9603194244238));
#3798=CARTESIAN_POINT('Ctrl Pts',(-71.899954400834,-6.93754172036964,-15.995086059985));
#3799=CARTESIAN_POINT('Ctrl Pts',(-72.1541560772039,-7.05909436479555,-15.4343459525765));
#3800=CARTESIAN_POINT('Ctrl Pts',(-72.379989900143,-7.19483778935555,-14.782276954557));
#3801=CARTESIAN_POINT('Ctrl Pts',(-40.9424901692395,0.0919156422146142,
-20.8244017005942));
#3802=CARTESIAN_POINT('Ctrl Pts',(-41.5987991462001,-0.181103279178575,
-20.7570310258196));
#3803=CARTESIAN_POINT('Ctrl Pts',(-42.2999958354872,-0.475732858370654,
-20.6814768093421));
#3804=CARTESIAN_POINT('Ctrl Pts',(-43.7734076225723,-1.09623137344102,-20.5205858371685));
#3805=CARTESIAN_POINT('Ctrl Pts',(-44.5456227203703,-1.42210030931931,-20.4352490814724));
#3806=CARTESIAN_POINT('Ctrl Pts',(-46.9406601023175,-2.42859321361615,-20.1744418218368));
#3807=CARTESIAN_POINT('Ctrl Pts',(-52.0443032204242,-4.55712340885768,-19.6336393323769));
#3808=CARTESIAN_POINT('Ctrl Pts',(-60.9927958864668,-7.96347813280538,-19.031434650233));
#3809=CARTESIAN_POINT('Ctrl Pts',(-67.5300603731367,-9.26445862896225,-19.8816007717616));
#3810=CARTESIAN_POINT('Ctrl Pts',(-70.3100820551191,-9.90183625587014,-18.9834468023145));
#3811=CARTESIAN_POINT('Ctrl Pts',(-71.5049297003319,-10.2636739351697,-18.1278425018622));
#3812=CARTESIAN_POINT('Ctrl Pts',(-71.8706850494398,-10.3914779725771,-17.7748865157566));
#3813=CARTESIAN_POINT('Ctrl Pts',(-72.536345733378,-10.6726385545033,-16.9048290424134));
#3814=CARTESIAN_POINT('Ctrl Pts',(-72.8362510682083,-10.8259950990221,-16.3877275551758));
#3815=CARTESIAN_POINT('Ctrl Pts',(-73.1028335880575,-10.9977126730112,-15.7742351194275));
#3816=CARTESIAN_POINT('Ctrl Pts',(-40.9450396237732,-6.77797388897527,-18.3034743621373));
#3817=CARTESIAN_POINT('Ctrl Pts',(-41.5719333793173,-7.07814017977938,-18.2859374998089));
#3818=CARTESIAN_POINT('Ctrl Pts',(-42.2400379445109,-7.40310248099534,-18.2681108708405));
#3819=CARTESIAN_POINT('Ctrl Pts',(-43.6443829375426,-8.08935276373587,-18.2374615812118));
#3820=CARTESIAN_POINT('Ctrl Pts',(-44.3806233653807,-8.45064074526043,-18.2246389205514));
#3821=CARTESIAN_POINT('Ctrl Pts',(-46.6701198078803,-9.56909369952437,-18.2020521434141));
#3822=CARTESIAN_POINT('Ctrl Pts',(-51.5722133288204,-11.9443556468132,-18.2204034085147));
#3823=CARTESIAN_POINT('Ctrl Pts',(-60.500726977493,-15.7989253218598,-18.9036230425012));
#3824=CARTESIAN_POINT('Ctrl Pts',(-68.1546632687118,-17.3919468650204,-21.350381853424));
#3825=CARTESIAN_POINT('Ctrl Pts',(-71.6708722816106,-18.2917886332378,-21.2587220601031));
#3826=CARTESIAN_POINT('Ctrl Pts',(-73.2077352485064,-18.8125247828725,-20.7568306743389));
#3827=CARTESIAN_POINT('Ctrl Pts',(-73.6831493142128,-18.9979060436717,-20.5135232975668));
#3828=CARTESIAN_POINT('Ctrl Pts',(-74.5532498081218,-19.4056309524131,-19.8422032183563));
#3829=CARTESIAN_POINT('Ctrl Pts',(-74.9479362363245,-19.6279746003553,-19.4141905159178));
#3830=CARTESIAN_POINT('Ctrl Pts',(-75.298768616949,-19.8754780911862,-18.8774827359968));
#3831=CARTESIAN_POINT('Ctrl Pts',(-42.5073597579657,-13.2882309649131,-22.9476941811827));
#3832=CARTESIAN_POINT('Ctrl Pts',(-43.3295435302839,-13.696957201128,-23.0707539453416));
#3833=CARTESIAN_POINT('Ctrl Pts',(-44.2173493643483,-14.1428604777116,-23.2206102269268));
#3834=CARTESIAN_POINT('Ctrl Pts',(-46.095779789068,-15.0926008251598,-23.5632901895066));
#3835=CARTESIAN_POINT('Ctrl Pts',(-47.0864043797233,-15.5964378960244,-23.7561138705011));
#3836=CARTESIAN_POINT('Ctrl Pts',(-50.1698682362233,-17.1702193703549,-24.3830975594336));
#3837=CARTESIAN_POINT('Ctrl Pts',(-56.7831562873592,-20.5668633659626,-25.8311155210943));
#3838=CARTESIAN_POINT('Ctrl Pts',(-68.3315827158384,-26.4881247393152,-28.5771935829067));
#3839=CARTESIAN_POINT('Ctrl Pts',(-76.0336566755141,-30.1290576760725,-30.0667896969542));
#3840=CARTESIAN_POINT('Ctrl Pts',(-79.1393457517455,-31.8475260341642,-28.8838270414244));
#3841=CARTESIAN_POINT('Ctrl Pts',(-80.4575396825477,-32.6757496785917,-27.8202837057111));
#3842=CARTESIAN_POINT('Ctrl Pts',(-80.8578292249296,-32.9466558042979,-27.3870922591486));
#3843=CARTESIAN_POINT('Ctrl Pts',(-81.5831817643581,-33.4859097718444,-26.3423650377148));
#3844=CARTESIAN_POINT('Ctrl Pts',(-81.9082447614048,-33.7542576136847,-25.7308292628436));
#3845=CARTESIAN_POINT('Ctrl Pts',(-82.1971896476685,-34.0252155940957,-25.0196261609885));
#3846=CARTESIAN_POINT('Ctrl Pts',(-43.6603342923512,-23.3692682961467,-26.7938269105297));
#3847=CARTESIAN_POINT('Ctrl Pts',(-44.341347001514,-23.8022412467345,-26.859689305555));
#3848=CARTESIAN_POINT('Ctrl Pts',(-45.0525045845314,-24.2674592867457,-26.9265296885699));
#3849=CARTESIAN_POINT('Ctrl Pts',(-46.5238069213541,-25.2482532980639,-27.0627792205727));
#3850=CARTESIAN_POINT('Ctrl Pts',(-47.2839516751594,-25.763829269371,-27.1321883695607));
#3851=CARTESIAN_POINT('Ctrl Pts',(-49.6209128273746,-27.3648957089101,-27.3451881504753));
#3852=CARTESIAN_POINT('Ctrl Pts',(-54.5209426950028,-30.7843826904595,-27.7902770481075));
#3853=CARTESIAN_POINT('Ctrl Pts',(-63.1400423417441,-36.7223633190201,-28.6643059561522));
#3854=CARTESIAN_POINT('Ctrl Pts',(-70.5539072819608,-40.7176318852107,-29.8126667014555));
#3855=CARTESIAN_POINT('Ctrl Pts',(-73.6048426390867,-42.7208157424662,-28.7567513249592));
#3856=CARTESIAN_POINT('Ctrl Pts',(-74.8261607173932,-43.6967650528181,-27.7822732368944));
#3857=CARTESIAN_POINT('Ctrl Pts',(-75.1825751434527,-44.0178077198894,-27.3830271409033));
#3858=CARTESIAN_POINT('Ctrl Pts',(-75.7821454067491,-44.6580155582957,-26.4097450774483));
#3859=CARTESIAN_POINT('Ctrl Pts',(-76.0253012439861,-44.9771807296307,-25.8357091099843));
#3860=CARTESIAN_POINT('Ctrl Pts',(-76.2058900924433,-45.2987421749421,-25.1613033376837));
#3861=CARTESIAN_POINT('Ctrl Pts',(-42.9808720943879,-28.7251074981038,-26.9604589613617));
#3862=CARTESIAN_POINT('Ctrl Pts',(-43.551002982762,-29.0987639785237,-27.0478204209171));
#3863=CARTESIAN_POINT('Ctrl Pts',(-44.145250170018,-29.5009454888901,-27.1376658268684));
#3864=CARTESIAN_POINT('Ctrl Pts',(-45.3737944586402,-30.3493127404016,-27.3227294162953));
#3865=CARTESIAN_POINT('Ctrl Pts',(-46.0080915600065,-30.7954984815467,-27.417947599771));
#3866=CARTESIAN_POINT('Ctrl Pts',(-47.9587837097909,-32.1804933074788,-27.7122686435839));
#3867=CARTESIAN_POINT('Ctrl Pts',(-52.0513713921021,-35.1362333693302,-28.3355767047531));
#3868=CARTESIAN_POINT('Ctrl Pts',(-59.3374067571359,-40.2084691088344,-29.572046425054));
#3869=CARTESIAN_POINT('Ctrl Pts',(-65.934287263666,-43.3880419275169,-31.1367949715181));
#3870=CARTESIAN_POINT('Ctrl Pts',(-68.6209658261084,-45.0116456209144,-30.2340902012271));
#3871=CARTESIAN_POINT('Ctrl Pts',(-69.6722859791547,-45.8233873276912,-29.3100388855581));
#3872=CARTESIAN_POINT('Ctrl Pts',(-69.9740561754742,-46.0939578732964,-28.9232386252479));
#3873=CARTESIAN_POINT('Ctrl Pts',(-70.4669050524001,-46.6429616722627,-27.9644429143149));
#3874=CARTESIAN_POINT('Ctrl Pts',(-70.6579837330065,-46.9213949256239,-27.3924474636921));
#3875=CARTESIAN_POINT('Ctrl Pts',(-70.7870407525955,-47.2077009100614,-26.7140399778439));
#3876=CARTESIAN_POINT('Ctrl Pts',(-42.5304013982572,-30.8382292707383,-26.7612661767492));
#3877=CARTESIAN_POINT('Ctrl Pts',(-43.0517191409455,-31.1782905671332,-26.864434794988));
#3878=CARTESIAN_POINT('Ctrl Pts',(-43.5965843778721,-31.5452539007899,-26.9728305127622));
#3879=CARTESIAN_POINT('Ctrl Pts',(-44.7256143186935,-32.3203492204719,-27.1995267723882));
#3880=CARTESIAN_POINT('Ctrl Pts',(-45.3097790225884,-32.728481206497,-27.3178273142399));
#3881=CARTESIAN_POINT('Ctrl Pts',(-47.1095290524633,-33.9956770098918,-27.6867621134211));
#3882=CARTESIAN_POINT('Ctrl Pts',(-50.8980527849749,-36.7012679979594,-28.4807644062873));
#3883=CARTESIAN_POINT('Ctrl Pts',(-57.6896460791528,-41.3084578884713,-30.0518025339723));
#3884=CARTESIAN_POINT('Ctrl Pts',(-63.8704720298103,-44.0244756702095,-31.8652086265711));
#3885=CARTESIAN_POINT('Ctrl Pts',(-66.3661195526052,-45.4233791848176,-31.0350524208197));
#3886=CARTESIAN_POINT('Ctrl Pts',(-67.3336350774848,-46.1360731075919,-30.1313355539321));
#3887=CARTESIAN_POINT('Ctrl Pts',(-67.6094222130251,-46.375844776095,-29.7486568043009));
#3888=CARTESIAN_POINT('Ctrl Pts',(-68.054532589391,-46.8684177279041,-28.7922632525134));
#3889=CARTESIAN_POINT('Ctrl Pts',(-68.2238558302168,-47.12121901121,-28.2185484503571));
#3890=CARTESIAN_POINT('Ctrl Pts',(-68.3334332157476,-47.3848428817403,-27.5352373896777));
#3891=CARTESIAN_POINT('Ctrl Pts',(-42.2918933325844,-31.8796036666099,-26.6391192410527));
#3892=CARTESIAN_POINT('Ctrl Pts',(-42.7886968053175,-32.2021862176867,-26.7507408781235));
#3893=CARTESIAN_POINT('Ctrl Pts',(-43.3089312758291,-32.5508569195597,-26.8691360031658));
#3894=CARTESIAN_POINT('Ctrl Pts',(-44.3885811107262,-33.2879398061436,-27.1183746278809));
#3895=CARTESIAN_POINT('Ctrl Pts',(-44.9479964751118,-33.6763519908546,-27.2492181275536));
#3896=CARTESIAN_POINT('Ctrl Pts',(-46.673492256555,-34.8825485411125,-27.6587732865485));
#3897=CARTESIAN_POINT('Ctrl Pts',(-50.3134825725876,-37.4587816261286,-28.5459822444449));
#3898=CARTESIAN_POINT('Ctrl Pts',(-56.8642607640654,-41.8256142317185,-30.2992409617138));
#3899=CARTESIAN_POINT('Ctrl Pts',(-62.8315662392858,-44.3003568995552,-32.2428262966593));
#3900=CARTESIAN_POINT('Ctrl Pts',(-65.2287881601918,-45.5817417442927,-31.4495182795249));
#3901=CARTESIAN_POINT('Ctrl Pts',(-66.1534890064479,-46.2425223503361,-30.5558622182695));
#3902=CARTESIAN_POINT('Ctrl Pts',(-66.416103420666,-46.4662892347265,-30.1751046416576));
#3903=CARTESIAN_POINT('Ctrl Pts',(-66.8372427854546,-46.9295187830102,-29.2195178848149));
#3904=CARTESIAN_POINT('Ctrl Pts',(-66.9956045437553,-47.1681844285659,-28.6448823550894));
#3905=CARTESIAN_POINT('Ctrl Pts',(-67.0956592318785,-47.4198361895863,-27.9588537940994));
#3906=CARTESIAN_POINT('Ctrl Pts',(-42.2101785244255,-32.2241973834929,-26.5946451719221));
#3907=CARTESIAN_POINT('Ctrl Pts',(-42.6987926243216,-32.5408401605793,-26.7091760551853));
#3908=CARTESIAN_POINT('Ctrl Pts',(-43.2108268741531,-32.8832993946196,-26.8310250245431));
#3909=CARTESIAN_POINT('Ctrl Pts',(-44.2740795184049,-33.6074820589737,-27.0880654426194));
#3910=CARTESIAN_POINT('Ctrl Pts',(-44.825297912825,-33.9892054892875,-27.223256891338));
#3911=CARTESIAN_POINT('Ctrl Pts',(-46.5262450800448,-35.1747189981884,-27.6469044172924));
#3912=CARTESIAN_POINT('Ctrl Pts',(-50.1173073503213,-37.7071188878275,-28.5664921883959));
#3913=CARTESIAN_POINT('Ctrl Pts',(-56.5888814963535,-41.9925266717057,-30.3829804998414));
#3914=CARTESIAN_POINT('Ctrl Pts',(-62.484097946845,-44.3852613690036,-32.3709339937824));
#3915=CARTESIAN_POINT('Ctrl Pts',(-64.8480263201104,-45.626611893705,-31.5900043572448));
#3916=CARTESIAN_POINT('Ctrl Pts',(-65.7583360305675,-46.2698484751466,-30.699645613995));
#3917=CARTESIAN_POINT('Ctrl Pts',(-66.0164968546906,-46.488020888809,-30.3195437120816));
#3918=CARTESIAN_POINT('Ctrl Pts',(-66.4296289220705,-46.9412813059265,-29.3641601727824));
#3919=CARTESIAN_POINT('Ctrl Pts',(-66.584790299717,-47.1772979109355,-28.788652914289));
#3920=CARTESIAN_POINT('Ctrl Pts',(-66.6817069419745,-47.4248537933599,-28.1016742343796));
#3921=CARTESIAN_POINT('Ctrl Pts',(-42.0445367885066,-32.9108537355178,-26.5019386097627));
#3922=CARTESIAN_POINT('Ctrl Pts',(-42.5167541932097,-33.2155034390727,-26.6223795586591));
#3923=CARTESIAN_POINT('Ctrl Pts',(-43.0123980364728,-33.5454258135426,-26.7512569252072));
#3924=CARTESIAN_POINT('Ctrl Pts',(-44.0429191440964,-34.2435786222398,-27.024188601671));
#3925=CARTESIAN_POINT('Ctrl Pts',(-44.5777964084569,-34.6118090564671,-27.1682429115867));
#3926=CARTESIAN_POINT('Ctrl Pts',(-46.2298491491503,-35.7556065256758,-27.6206274184817));
#3927=CARTESIAN_POINT('Ctrl Pts',(-49.7236384209846,-38.199626130201,-28.6062827408629));
#3928=CARTESIAN_POINT('Ctrl Pts',(-56.0378721315806,-42.3208785439183,-30.5517196383103));
#3929=CARTESIAN_POINT('Ctrl Pts',(-61.7879949996972,-44.5480143675669,-32.6293845284554));
#3930=CARTESIAN_POINT('Ctrl Pts',(-64.084851264004,-45.7084348221169,-31.8733073041694));
#3931=CARTESIAN_POINT('Ctrl Pts',(-64.9661632639765,-46.3158755830487,-30.9896006675071));
#3932=CARTESIAN_POINT('Ctrl Pts',(-65.2154145752706,-46.5228942589688,-30.6107537845331));
#3933=CARTESIAN_POINT('Ctrl Pts',(-65.6124440630567,-46.9556815386748,-29.6557952468138));
#3934=CARTESIAN_POINT('Ctrl Pts',(-65.7604037011418,-47.1823363867508,-29.0794682624499));
#3935=CARTESIAN_POINT('Ctrl Pts',(-65.8510804382715,-47.4215953365572,-28.3905450592192));
#3936=CARTESIAN_POINT('Ctrl Pts',(-41.9606098607465,-33.2529163706599,-26.4537061167337));
#3937=CARTESIAN_POINT('Ctrl Pts',(-42.4246199430937,-33.5515127746735,-26.577147885071));
#3938=CARTESIAN_POINT('Ctrl Pts',(-42.9120736004685,-33.8751097574058,-26.7095998044939));
#3939=CARTESIAN_POINT('Ctrl Pts',(-43.9262603621094,-34.560132932676,-26.9906209459839));
#3940=CARTESIAN_POINT('Ctrl Pts',(-44.4529934663755,-34.9215591252138,-27.139190168051));
#3941=CARTESIAN_POINT('Ctrl Pts',(-46.080700394766,-36.0443235960874,-27.606219288927));
#3942=CARTESIAN_POINT('Ctrl Pts',(-49.5261447139143,-38.4437961108757,-28.6255633493789));
#3943=CARTESIAN_POINT('Ctrl Pts',(-55.7622420345195,-42.4823179761436,-30.6367192386516));
#3944=CARTESIAN_POINT('Ctrl Pts',(-61.4393603449902,-44.6258628966819,-32.7597273660054));
#3945=CARTESIAN_POINT('Ctrl Pts',(-63.7024380479789,-45.7453876011165,-32.0161241733741));
#3946=CARTESIAN_POINT('Ctrl Pts',(-64.5691402915299,-46.334561026789,-31.1357761008695));
#3947=CARTESIAN_POINT('Ctrl Pts',(-64.813901604723,-46.5358540142558,-30.7575689973365));
#3948=CARTESIAN_POINT('Ctrl Pts',(-65.2027612961178,-46.957773366136,-29.802920665205));
#3949=CARTESIAN_POINT('Ctrl Pts',(-65.3468313466048,-47.1782613801965,-29.2265130514112));
#3950=CARTESIAN_POINT('Ctrl Pts',(-65.4344062244725,-47.4133192759809,-28.5365954437787));
#3951=CARTESIAN_POINT('Ctrl Pts',(-41.8766829329864,-33.5949790058019,-26.4054736237048));
#3952=CARTESIAN_POINT('Ctrl Pts',(-42.3324856929778,-33.8875221102743,-26.5319162114828));
#3953=CARTESIAN_POINT('Ctrl Pts',(-42.8117491644641,-34.204793701269,-26.6679426837807));
#3954=CARTESIAN_POINT('Ctrl Pts',(-43.8096015801223,-34.8766872431121,-26.9570532902969));
#3955=CARTESIAN_POINT('Ctrl Pts',(-44.3281905242942,-35.2313091939604,-27.1101374245153));
#3956=CARTESIAN_POINT('Ctrl Pts',(-45.9315516403817,-36.333040666499,-27.5918111593724));
#3957=CARTESIAN_POINT('Ctrl Pts',(-49.328651006844,-38.6879660915503,-28.6448439578949));
#3958=CARTESIAN_POINT('Ctrl Pts',(-55.4866119374584,-42.6437574083689,-30.7217188389929));
#3959=CARTESIAN_POINT('Ctrl Pts',(-61.0907256902833,-44.7037114257968,-32.8900702035554));
#3960=CARTESIAN_POINT('Ctrl Pts',(-63.3200248319539,-45.782340380116,-32.1589410425788));
#3961=CARTESIAN_POINT('Ctrl Pts',(-64.1721513944502,-46.3534128919684,-31.2819110990321));
#3962=CARTESIAN_POINT('Ctrl Pts',(-64.4124397472258,-46.5490634017013,-30.9043235573401));
#3963=CARTESIAN_POINT('Ctrl Pts',(-64.7932318683304,-46.9606140900729,-29.9498641251967));
#3964=CARTESIAN_POINT('Ctrl Pts',(-64.9337356366594,-47.1765142687116,-29.3729922347454));
#3965=CARTESIAN_POINT('Ctrl Pts',(-65.018208655265,-47.407371110474,-28.6820802227111));
#3966=CARTESIAN_POINT('',(-65.018208655265,-47.407371110474,-28.6820802227111));
#3967=CARTESIAN_POINT('Ctrl Pts',(-41.8766829329864,-33.5949790058019,-26.4054736237048));
#3968=CARTESIAN_POINT('Ctrl Pts',(-42.3324856929778,-33.8875221102743,-26.5319162114828));
#3969=CARTESIAN_POINT('Ctrl Pts',(-42.8117491644641,-34.204793701269,-26.6679426837807));
#3970=CARTESIAN_POINT('Ctrl Pts',(-43.8096015801223,-34.8766872431121,-26.9570532902969));
#3971=CARTESIAN_POINT('Ctrl Pts',(-44.3281905242942,-35.2313091939604,-27.1101374245153));
#3972=CARTESIAN_POINT('Ctrl Pts',(-45.9315516403817,-36.333040666499,-27.5918111593724));
#3973=CARTESIAN_POINT('Ctrl Pts',(-49.328651006844,-38.6879660915503,-28.6448439578949));
#3974=CARTESIAN_POINT('Ctrl Pts',(-55.4866119374584,-42.6437574083689,-30.7217188389929));
#3975=CARTESIAN_POINT('Ctrl Pts',(-61.0907256902833,-44.7037114257968,-32.8900702035554));
#3976=CARTESIAN_POINT('Ctrl Pts',(-63.3200248319539,-45.782340380116,-32.1589410425788));
#3977=CARTESIAN_POINT('Ctrl Pts',(-64.1721513944502,-46.3534128919684,-31.2819110990321));
#3978=CARTESIAN_POINT('Ctrl Pts',(-64.4124397472258,-46.5490634017013,-30.9043235573401));
#3979=CARTESIAN_POINT('Ctrl Pts',(-64.7932318683304,-46.9606140900729,-29.9498641251967));
#3980=CARTESIAN_POINT('Ctrl Pts',(-64.9337356366594,-47.1765142687116,-29.3729922347454));
#3981=CARTESIAN_POINT('Ctrl Pts',(-65.018208655265,-47.407371110474,-28.6820802227111));
#3982=CARTESIAN_POINT('Ctrl Pts',(-65.018208655265,-47.407371110474,-28.6820802227111));
#3983=CARTESIAN_POINT('Ctrl Pts',(-65.4344062244725,-47.4133192759809,-28.5365954437787));
#3984=CARTESIAN_POINT('Ctrl Pts',(-65.8510804382715,-47.4215953365572,-28.3905450592192));
#3985=CARTESIAN_POINT('Ctrl Pts',(-66.6817069419745,-47.4248537933599,-28.1016742343796));
#3986=CARTESIAN_POINT('Ctrl Pts',(-67.0956592318785,-47.4198361895863,-27.9588537940994));
#3987=CARTESIAN_POINT('Ctrl Pts',(-68.3334332157476,-47.3848428817403,-27.5352373896777));
#3988=CARTESIAN_POINT('Ctrl Pts',(-70.7870407525955,-47.2077009100614,-26.7140399778439));
#3989=CARTESIAN_POINT('Ctrl Pts',(-76.2058900924433,-45.2987421749421,-25.1613033376837));
#3990=CARTESIAN_POINT('Ctrl Pts',(-82.1971896476685,-34.0252155940957,-25.0196261609885));
#3991=CARTESIAN_POINT('Ctrl Pts',(-75.298768616949,-19.8754780911862,-18.8774827359968));
#3992=CARTESIAN_POINT('Ctrl Pts',(-73.1028335880575,-10.9977126730112,-15.7742351194275));
#3993=CARTESIAN_POINT('Ctrl Pts',(-72.379989900143,-7.19483778935555,-14.782276954557));
#3994=CARTESIAN_POINT('Ctrl Pts',(-72.0261187499346,-5.27553058509933,-14.3494374901628));
#3995=CARTESIAN_POINT('Ctrl Pts',(-71.9094201488232,-4.63278322327586,-14.2156809383716));
#3996=CARTESIAN_POINT('Ctrl Pts',(-71.6737352011286,-3.33830134829989,-13.9703486132716));
#3997=CARTESIAN_POINT('Ctrl Pts',(-71.5547488545454,-2.68656683514739,-13.8587728399628));
#3998=CARTESIAN_POINT('Ctrl Pts',(-71.4322163135321,-2.02882346440393,-13.7588545754629));
#3999=CARTESIAN_POINT('Ctrl Pts',(-66.889206507933,29.837196784073,9.11207919996925));
#4000=CARTESIAN_POINT('Ctrl Pts',(-66.8208592755352,29.9800703153063,7.78517081925886));
#4001=CARTESIAN_POINT('Ctrl Pts',(-66.7525069177356,30.1261996710209,6.44942817215932));
#4002=CARTESIAN_POINT('Ctrl Pts',(-66.6158314712263,30.3998656896757,3.82839178938152));
#4003=CARTESIAN_POINT('Ctrl Pts',(-66.5475083825165,30.527402352616,2.54309805370327));
#4004=CARTESIAN_POINT('Ctrl Pts',(-66.342583020022,30.8821233022751,-1.23710978619953));
#4005=CARTESIAN_POINT('Ctrl Pts',(-66.0695064882996,31.2551719805288,-6.0062867829752));
#4006=CARTESIAN_POINT('Ctrl Pts',(-65.7970571891986,31.2297817765226,-9.69435045626094));
#4007=CARTESIAN_POINT('Ctrl Pts',(-65.6074791677795,31.0888960503398,-11.9160726311707));
#4008=CARTESIAN_POINT('Ctrl Pts',(-65.5504896079981,31.0307113004467,-12.5390055918876));
#4009=CARTESIAN_POINT('Ctrl Pts',(-65.4489167164853,30.8918961183295,-13.5495893181484));
#4010=CARTESIAN_POINT('Ctrl Pts',(-65.4043333847539,30.8112656861054,-13.9372400836925));
#4011=CARTESIAN_POINT('Ctrl Pts',(-65.3561391424106,30.7181475534004,-14.3379506211809));
#4012=CARTESIAN_POINT('Ctrl Pts',(-66.7224244595339,30.3151694317843,8.95417471734845));
#4013=CARTESIAN_POINT('Ctrl Pts',(-66.6517770696406,30.4598254470109,7.62936758132037));
#4014=CARTESIAN_POINT('Ctrl Pts',(-66.5811245543455,30.6077372867188,6.29572617890313));
#4015=CARTESIAN_POINT('Ctrl Pts',(-66.4401737768534,30.8842623592047,3.67899939444054));
#4016=CARTESIAN_POINT('Ctrl Pts',(-66.3698755146563,31.0128755919827,2.39591401239519));
#4017=CARTESIAN_POINT('Ctrl Pts',(-66.1599995837241,31.3687085086883,-1.37734743975711));
#4018=CARTESIAN_POINT('Ctrl Pts',(-65.8829221661497,31.7375924964261,-6.13640571459401));
#4019=CARTESIAN_POINT('Ctrl Pts',(-65.6168714694566,31.6854483489262,-9.81092317952193));
#4020=CARTESIAN_POINT('Ctrl Pts',(-65.4429292650749,31.4997526870205,-12.017841809186));
#4021=CARTESIAN_POINT('Ctrl Pts',(-65.3894470844109,31.4198982172734,-12.6762092765638));
#4022=CARTESIAN_POINT('Ctrl Pts',(-65.3019397941316,31.2014507685303,-13.7564585330365));
#4023=CARTESIAN_POINT('Ctrl Pts',(-65.2573332396947,31.0982612995359,-14.1650716324648));
#4024=CARTESIAN_POINT('Ctrl Pts',(-65.2295489002481,30.9244044040981,-14.5988585296201));
#4025=CARTESIAN_POINT('Ctrl Pts',(-66.5379551294409,30.7622281184974,8.8126625254865));
#4026=CARTESIAN_POINT('Ctrl Pts',(-66.4652947971285,30.9082265634208,7.48916894463567));
#4027=CARTESIAN_POINT('Ctrl Pts',(-66.3926328159467,31.0552724247471,6.16283333234956));
#4028=CARTESIAN_POINT('Ctrl Pts',(-66.2479782724679,31.3334530301179,3.54964328948265));
#4029=CARTESIAN_POINT('Ctrl Pts',(-66.175984508284,31.4653512523837,2.26071725767494));
#4030=CARTESIAN_POINT('Ctrl Pts',(-65.9620008242658,31.820076605793,-1.50597065226245));
#4031=CARTESIAN_POINT('Ctrl Pts',(-65.6820162016634,32.1837922413033,-6.26131403755035));
#4032=CARTESIAN_POINT('Ctrl Pts',(-65.4233449923546,32.1069515884471,-9.93939554660734));
#4033=CARTESIAN_POINT('Ctrl Pts',(-65.2654079414186,31.8768170767319,-12.1664342985646));
#4034=CARTESIAN_POINT('Ctrl Pts',(-65.2187733171142,31.7713549024813,-12.8201934859112));
#4035=CARTESIAN_POINT('Ctrl Pts',(-65.1489163592664,31.4906852394079,-13.9463977838821));
#4036=CARTESIAN_POINT('Ctrl Pts',(-65.1279506691584,31.315765108866,-14.4143259698456));
#4037=CARTESIAN_POINT('Ctrl Pts',(-65.1099330545776,31.1120594070243,-14.8327191840653));
#4038=CARTESIAN_POINT('Ctrl Pts',(-66.1353685775046,31.6018097429511,8.55851022254306));
#4039=CARTESIAN_POINT('Ctrl Pts',(-66.0592426061087,31.7489716610514,7.23823417261201));
#4040=CARTESIAN_POINT('Ctrl Pts',(-65.9831160850896,31.8964827179528,5.9170107788692));
#4041=CARTESIAN_POINT('Ctrl Pts',(-65.8321470119751,32.1759674216234,3.30929155339037));
#4042=CARTESIAN_POINT('Ctrl Pts',(-65.7573040592506,32.3081955611332,2.02210518791204));
#4043=CARTESIAN_POINT('Ctrl Pts',(-65.5366235584743,32.6605224287526,-1.74138900904595));
#4044=CARTESIAN_POINT('Ctrl Pts',(-65.2526451771645,33.0120047831512,-6.49787487305133));
#4045=CARTESIAN_POINT('Ctrl Pts',(-65.009717804402,32.8891565015445,-10.2051240656191));
#4046=CARTESIAN_POINT('Ctrl Pts',(-64.877985055241,32.5756004513282,-12.4900365738677));
#4047=CARTESIAN_POINT('Ctrl Pts',(-64.8424846022558,32.4341784614209,-13.1690866789211));
#4048=CARTESIAN_POINT('Ctrl Pts',(-64.8017605590758,32.0529927041242,-14.3653841307152));
#4049=CARTESIAN_POINT('Ctrl Pts',(-64.8003736141183,31.813222016857,-14.8741117649554));
#4050=CARTESIAN_POINT('Ctrl Pts',(-64.8132585654854,31.5149564988766,-15.3061666046213));
#4051=CARTESIAN_POINT('Ctrl Pts',(-65.9172513556613,31.9943326806916,8.44587011146159));
#4052=CARTESIAN_POINT('Ctrl Pts',(-65.8396723829904,32.1415091408847,7.12697300335329));
#4053=CARTESIAN_POINT('Ctrl Pts',(-65.762093043904,32.2889183602784,5.80744433270383));
#4054=CARTESIAN_POINT('Ctrl Pts',(-65.6085133003998,32.5679923879411,3.2018199270979));
#4055=CARTESIAN_POINT('Ctrl Pts',(-65.5325128617685,32.6996789297499,1.91566522094029));
#4056=CARTESIAN_POINT('Ctrl Pts',(-65.3092450521411,33.0496001546075,-1.84818415332411));
#4057=CARTESIAN_POINT('Ctrl Pts',(-65.0241801171519,33.3940175801221,-6.60952738559599));
#4058=CARTESIAN_POINT('Ctrl Pts',(-64.7896170935515,33.2498581751212,-10.3423802175454));
#4059=CARTESIAN_POINT('Ctrl Pts',(-64.6700311896724,32.8974606453808,-12.6615991550045));
#4060=CARTESIAN_POINT('Ctrl Pts',(-64.6400511916869,32.7406327638451,-13.358313755679));
#4061=CARTESIAN_POINT('Ctrl Pts',(-64.60968453924,32.3225047584921,-14.5856896230654));
#4062=CARTESIAN_POINT('Ctrl Pts',(-64.6103359611333,32.0592311364863,-15.1070286541332));
#4063=CARTESIAN_POINT('Ctrl Pts',(-64.6361999220639,31.7301985878027,-15.5457533707323));
#4064=CARTESIAN_POINT('Ctrl Pts',(-65.2150178599629,33.1010361299903,8.14538914828206));
#4065=CARTESIAN_POINT('Ctrl Pts',(-65.1338962340065,33.2467537082144,6.83003789057516));
#4066=CARTESIAN_POINT('Ctrl Pts',(-65.0527746080501,33.3924712864384,5.51468663286826));
#4067=CARTESIAN_POINT('Ctrl Pts',(-64.8929277823481,33.6675110417072,2.91392064354688));
#4068=CARTESIAN_POINT('Ctrl Pts',(-64.8142025826025,33.796833218752,1.62850591193241));
#4069=CARTESIAN_POINT('Ctrl Pts',(-64.5852162619978,34.1356135463485,-2.13792870463373));
#4070=CARTESIAN_POINT('Ctrl Pts',(-64.2990725775441,34.4561574403763,-6.9203493179825));
#4071=CARTESIAN_POINT('Ctrl Pts',(-64.089614531834,34.2520484966675,-10.7448010963736));
#4072=CARTESIAN_POINT('Ctrl Pts',(-64.0013958908849,33.8069002260541,-13.1706223004173));
#4073=CARTESIAN_POINT('Ctrl Pts',(-63.983468826124,33.6098397087109,-13.9054764301402));
#4074=CARTESIAN_POINT('Ctrl Pts',(-63.9772592908477,33.1024761949672,-15.2137989268961));
#4075=CARTESIAN_POINT('Ctrl Pts',(-63.9889768203322,32.7921731985667,-15.7872672939291));
#4076=CARTESIAN_POINT('Ctrl Pts',(-64.018859795173,32.4173054835807,-16.2731028365637));
#4077=CARTESIAN_POINT('Ctrl Pts',(-63.6190235478909,35.0309815728961,7.69418470218262));
#4078=CARTESIAN_POINT('Ctrl Pts',(-63.5340820175224,35.1677713541931,6.38356124501091));
#4079=CARTESIAN_POINT('Ctrl Pts',(-63.4491404871539,35.30456113549,5.0729377878392));
#4080=CARTESIAN_POINT('Ctrl Pts',(-63.2830192129411,35.5603233684918,2.47618445775045));
#4081=CARTESIAN_POINT('Ctrl Pts',(-63.2018394690968,35.6792958201968,1.19005458483342));
#4082=CARTESIAN_POINT('Ctrl Pts',(-62.9695855971364,35.9827611865357,-2.59485428115362));
#4083=CARTESIAN_POINT('Ctrl Pts',(-62.6900080600493,36.244843038252,-7.44545076176555));
#4084=CARTESIAN_POINT('Ctrl Pts',(-62.5308076917358,35.9367703430253,-11.5122525462276));
#4085=CARTESIAN_POINT('Ctrl Pts',(-62.4791195729359,35.38500388895,-14.1214693679899));
#4086=CARTESIAN_POINT('Ctrl Pts',(-62.4731755595751,35.1476297488157,-14.9177275558133));
#4087=CARTESIAN_POINT('Ctrl Pts',(-62.4876200385228,34.5481601614033,-16.3387888416773));
#4088=CARTESIAN_POINT('Ctrl Pts',(-62.5080085308312,34.1860647141252,-16.9635919397179));
#4089=CARTESIAN_POINT('Ctrl Pts',(-62.5434441692364,33.7526999484793,-17.4904207007397));
#4090=CARTESIAN_POINT('Ctrl Pts',(-58.6993859925638,38.1624999505135,7.36102662784272));
#4091=CARTESIAN_POINT('Ctrl Pts',(-58.6270953284204,38.2475361881623,6.05040317067101));
#4092=CARTESIAN_POINT('Ctrl Pts',(-58.554804664277,38.3325724258112,4.7397797134993));
#4093=CARTESIAN_POINT('Ctrl Pts',(-58.4136713352984,38.4851338599908,2.1439357225101));
#4094=CARTESIAN_POINT('Ctrl Pts',(-58.3448286704632,38.5526590565216,0.858715188692616));
#4095=CARTESIAN_POINT('Ctrl Pts',(-58.1486446738823,38.7027015227602,-2.92073764269715));
#4096=CARTESIAN_POINT('Ctrl Pts',(-57.91465000624,38.7626698154678,-7.75678469771634));
#4097=CARTESIAN_POINT('Ctrl Pts',(-57.7909913164602,38.2622847924004,-11.7799382054002));
#4098=CARTESIAN_POINT('Ctrl Pts',(-57.760311286673,37.5717972849762,-14.340050715787));
#4099=CARTESIAN_POINT('Ctrl Pts',(-57.760428608002,37.2891016591476,-15.1172127825199));
#4100=CARTESIAN_POINT('Ctrl Pts',(-57.7847992458172,36.6011331196646,-16.4937164525062));
#4101=CARTESIAN_POINT('Ctrl Pts',(-57.8090525623035,36.1958602060102,-17.0930580557595));
#4102=CARTESIAN_POINT('Ctrl Pts',(-57.8470978760227,35.7205431278839,-17.5907879655959));
#4103=CARTESIAN_POINT('Ctrl Pts',(-51.007068804699,41.4062864670917,7.12279380240644));
#4104=CARTESIAN_POINT('Ctrl Pts',(-50.9926106718703,41.4124601620386,5.81217034523473));
#4105=CARTESIAN_POINT('Ctrl Pts',(-50.9781525390416,41.4186338569855,4.50154688806302));
#4106=CARTESIAN_POINT('Ctrl Pts',(-50.9499258732459,41.419232189114,1.90608056870801));
#4107=CARTESIAN_POINT('Ctrl Pts',(-50.9361573402789,41.4136568262956,0.621237706524705));
#4108=CARTESIAN_POINT('Ctrl Pts',(-50.8969205409627,41.3616835645444,-3.15594909505996));
#4109=CARTESIAN_POINT('Ctrl Pts',(-50.8501216074342,41.1983934200868,-7.9859534039322));
#4110=CARTESIAN_POINT('Ctrl Pts',(-50.8253898694783,40.6591334271387,-11.9909786731752));
#4111=CARTESIAN_POINT('Ctrl Pts',(-50.8192538635208,40.0432053926517,-14.5306969153161));
#4112=CARTESIAN_POINT('Ctrl Pts',(-50.8192773277866,39.8026488745267,-15.2999278777311));
#4113=CARTESIAN_POINT('Ctrl Pts',(-50.8241514553497,39.2392924339195,-16.6579256376423));
#4114=CARTESIAN_POINT('Ctrl Pts',(-50.8290021186469,38.9164925114372,-17.2466924351385));
#4115=CARTESIAN_POINT('Ctrl Pts',(-50.8366111813908,38.5466963578936,-17.732336852681));
#4116=CARTESIAN_POINT('Ctrl Pts',(-45.4673489603171,43.2087595013507,6.86754434767239));
#4117=CARTESIAN_POINT('Ctrl Pts',(-45.4637344271099,43.1958662019511,5.49699714424175));
#4118=CARTESIAN_POINT('Ctrl Pts',(-45.4601198939028,43.1829729025515,4.12644994081111));
#4119=CARTESIAN_POINT('Ctrl Pts',(-45.4530632274539,43.1466513762278,1.41307955944024));
#4120=CARTESIAN_POINT('Ctrl Pts',(-45.4496210942121,43.1232231493036,0.0702563815000099));
#4121=CARTESIAN_POINT('Ctrl Pts',(-45.439811894383,43.0213336859577,-3.87504107584943));
#4122=CARTESIAN_POINT('Ctrl Pts',(-45.4281121610009,42.8012016479669,-8.91364548172538));
#4123=CARTESIAN_POINT('Ctrl Pts',(-45.4219292265119,42.2439519291913,-13.0650810719081));
#4124=CARTESIAN_POINT('Ctrl Pts',(-45.4203952250226,41.6363859446683,-15.6796253057177));
#4125=CARTESIAN_POINT('Ctrl Pts',(-45.420401091089,41.4022591672537,-16.4679679738496));
#4126=CARTESIAN_POINT('Ctrl Pts',(-45.4216196229798,40.8602611197528,-17.8505851316806));
#4127=CARTESIAN_POINT('Ctrl Pts',(-45.4228322888041,40.5523898496666,-18.4448596213797));
#4128=CARTESIAN_POINT('Ctrl Pts',(-45.4247345544901,40.2023788694823,-18.928238009117));
#4129=CARTESIAN_POINT('Ctrl Pts',(-43.713446249805,43.7179008489954,6.89884576724008));
#4130=CARTESIAN_POINT('Ctrl Pts',(-43.7116389832014,43.6994517907658,5.50392481781126));
#4131=CARTESIAN_POINT('Ctrl Pts',(-43.7098317165978,43.6810027325363,4.10900386838244));
#4132=CARTESIAN_POINT('Ctrl Pts',(-43.7063033833734,43.6338692214519,1.34758340844586));
#4133=CARTESIAN_POINT('Ctrl Pts',(-43.7045823167525,43.6051847685971,-0.0189161020619076));
#4134=CARTESIAN_POINT('Ctrl Pts',(-43.699677716838,43.4884252261569,-4.03315031682205));
#4135=CARTESIAN_POINT('Ctrl Pts',(-43.6938278501469,43.2508626792346,-9.15809109180051));
#4136=CARTESIAN_POINT('Ctrl Pts',(-43.6907363829024,42.685767504304,-13.3735458213053));
#4137=CARTESIAN_POINT('Ctrl Pts',(-43.6899693821577,42.0777090198514,-16.023550967855));
#4138=CARTESIAN_POINT('Ctrl Pts',(-43.689972315191,41.8443166744914,-16.8216216999418));
#4139=CARTESIAN_POINT('Ctrl Pts',(-43.6905815811363,41.3058842213946,-18.2188130916679));
#4140=CARTESIAN_POINT('Ctrl Pts',(-43.6911879140485,41.0008441136578,-18.8179337513073));
#4141=CARTESIAN_POINT('Ctrl Pts',(-43.6921390468915,40.65486242742,-19.3033686552624));
#4142=CARTESIAN_POINT('',(-65.9859894892251,31.1965811499856,-7.));
#4143=CARTESIAN_POINT('Ctrl Pts',(-43.6964634562677,43.3138817727713,-7.));
#4144=CARTESIAN_POINT('Ctrl Pts',(-45.5874429230839,42.8008615721218,-7.));
#4145=CARTESIAN_POINT('Ctrl Pts',(-47.6702037562552,42.1465065516096,-7.));
#4146=CARTESIAN_POINT('Ctrl Pts',(-51.2485373687582,40.9780151358745,-7.));
#4147=CARTESIAN_POINT('Ctrl Pts',(-53.1742890596106,40.3190152103354,-7.));
#4148=CARTESIAN_POINT('Ctrl Pts',(-56.1731172429489,39.1818411809218,-7.));
#4149=CARTESIAN_POINT('Ctrl Pts',(-57.346698364747,38.7086806121623,-7.));
#4150=CARTESIAN_POINT('Ctrl Pts',(-60.5102848728041,37.3040283296735,-7.));
#4151=CARTESIAN_POINT('Ctrl Pts',(-61.6328238634718,36.6525882655513,-7.));
#4152=CARTESIAN_POINT('Ctrl Pts',(-63.4348395396641,35.3118864985791,-7.));
#4153=CARTESIAN_POINT('Ctrl Pts',(-64.2982143620979,34.431433214403,-7.));
#4154=CARTESIAN_POINT('Ctrl Pts',(-65.4104354943248,32.5781487456089,-7.));
#4155=CARTESIAN_POINT('Ctrl Pts',(-65.7245224293636,31.8973565839543,-7.));
#4156=CARTESIAN_POINT('Ctrl Pts',(-65.9859894892251,31.1965811499856,-7.));
#4157=CARTESIAN_POINT('Ctrl Pts',(-65.3561391424106,30.7181475534004,-14.3379506211809));
#4158=CARTESIAN_POINT('Ctrl Pts',(-65.4043333847539,30.8112656861054,-13.9372400836925));
#4159=CARTESIAN_POINT('Ctrl Pts',(-65.4489167164853,30.8918961183295,-13.5495893181484));
#4160=CARTESIAN_POINT('Ctrl Pts',(-65.5504896079981,31.0307113004467,-12.5390055918876));
#4161=CARTESIAN_POINT('Ctrl Pts',(-65.6074791677795,31.0888960503398,-11.9160726311707));
#4162=CARTESIAN_POINT('Ctrl Pts',(-65.7711784473152,31.2105498776154,-9.99763125996848));
#4163=CARTESIAN_POINT('Ctrl Pts',(-65.8779074834248,31.2338722955644,-8.5902742232688));
#4164=CARTESIAN_POINT('Ctrl Pts',(-65.9859894892251,31.1965811499856,-7.));
#4165=CARTESIAN_POINT('Ctrl Pts',(-67.3054869211617,18.5081542908216,14.117765890989));
#4166=CARTESIAN_POINT('Ctrl Pts',(-67.5739206310434,17.8664842562173,13.1629260969664));
#4167=CARTESIAN_POINT('Ctrl Pts',(-67.8324047401037,17.3025943249891,11.4462445717235));
#4168=CARTESIAN_POINT('Ctrl Pts',(-68.2578330282328,16.4125193054271,8.25398586363227));
#4169=CARTESIAN_POINT('Ctrl Pts',(-68.4247772073017,16.0863342170933,6.77840868078384));
#4170=CARTESIAN_POINT('Ctrl Pts',(-68.788299849521,15.4643362164339,2.71333364583015));
#4171=CARTESIAN_POINT('Ctrl Pts',(-68.9998846400976,15.1084730585396,-2.35409157866449));
#4172=CARTESIAN_POINT('Ctrl Pts',(-68.88818562488,15.1080763795476,-6.79528439218571));
#4173=CARTESIAN_POINT('Ctrl Pts',(-68.69155844595,15.1601503807927,-9.74105012351756));
#4174=CARTESIAN_POINT('Ctrl Pts',(-68.6072072333873,15.1862369662893,-10.6587838874933));
#4175=CARTESIAN_POINT('Ctrl Pts',(-68.4022835873655,15.2423792375955,-12.3408265017262));
#4176=CARTESIAN_POINT('Ctrl Pts',(-68.2817111539065,15.2724349234052,-13.1051353519833));
#4177=CARTESIAN_POINT('Ctrl Pts',(-68.1437263191375,15.2977311244466,-13.7802074349898));
#4178=CARTESIAN_POINT('Ctrl Pts',(-67.4455177127548,18.7210276190693,13.9390023459239));
#4179=CARTESIAN_POINT('Ctrl Pts',(-67.642420742857,18.2859403882347,12.6968634150948));
#4180=CARTESIAN_POINT('Ctrl Pts',(-67.8334632674297,17.9157827225687,11.1046054833787));
#4181=CARTESIAN_POINT('Ctrl Pts',(-68.1869376151978,17.148484677531,8.19682476719576));
#4182=CARTESIAN_POINT('Ctrl Pts',(-68.3406975839516,16.8377922711608,6.76973184229567));
#4183=CARTESIAN_POINT('Ctrl Pts',(-68.6873597383704,16.2274468177268,2.64212716960043));
#4184=CARTESIAN_POINT('Ctrl Pts',(-68.8831210540104,15.8864002449756,-2.46105733093544));
#4185=CARTESIAN_POINT('Ctrl Pts',(-68.7623036700631,15.8951786472555,-6.9101410857419));
#4186=CARTESIAN_POINT('Ctrl Pts',(-68.5603692815227,15.9532712560493,-9.85650750544153));
#4187=CARTESIAN_POINT('Ctrl Pts',(-68.4745042602458,15.9812202601612,-10.7735552459405));
#4188=CARTESIAN_POINT('Ctrl Pts',(-68.2668997111263,16.0410086109876,-12.453308825344));
#4189=CARTESIAN_POINT('Ctrl Pts',(-68.1451601832836,16.072847957702,-13.2160146642485));
#4190=CARTESIAN_POINT('Ctrl Pts',(-68.0060997073051,16.0999928458383,-13.8894530009593));
#4191=CARTESIAN_POINT('Ctrl Pts',(-67.5648841810428,18.9979523232482,13.7464538929054));
#4192=CARTESIAN_POINT('Ctrl Pts',(-67.7388890177723,18.6422124695524,12.27881544842));
#4193=CARTESIAN_POINT('Ctrl Pts',(-67.883668392743,18.3602264683079,10.8628941312775));
#4194=CARTESIAN_POINT('Ctrl Pts',(-68.1693507667454,17.7642598535029,8.05495118329492));
#4195=CARTESIAN_POINT('Ctrl Pts',(-68.2987561730988,17.524714112997,6.64329357614922));
#4196=CARTESIAN_POINT('Ctrl Pts',(-68.6008969834308,16.968510228254,2.53837532584226));
#4197=CARTESIAN_POINT('Ctrl Pts',(-68.774216973932,16.6600606133286,-2.58803681821994));
#4198=CARTESIAN_POINT('Ctrl Pts',(-68.6412585722309,16.6858825606941,-7.04070720631843));
#4199=CARTESIAN_POINT('Ctrl Pts',(-68.4324562392371,16.754065009709,-9.98621683153398));
#4200=CARTESIAN_POINT('Ctrl Pts',(-68.3446748729529,16.7849284907958,-10.9023878456294));
#4201=CARTESIAN_POINT('Ctrl Pts',(-68.1337127740381,16.8501714745717,-12.5798421506389));
#4202=CARTESIAN_POINT('Ctrl Pts',(-68.0105320414076,16.8845509772607,-13.341125441553));
#4203=CARTESIAN_POINT('Ctrl Pts',(-67.8701325310504,16.9143105034701,-14.0131865369286));
#4204=CARTESIAN_POINT('Ctrl Pts',(-67.7630327314115,19.6561631492361,13.34133147064));
#4205=CARTESIAN_POINT('Ctrl Pts',(-67.86661128155,19.4677330118399,11.9276660836699));
#4206=CARTESIAN_POINT('Ctrl Pts',(-67.9619155918126,19.3041669819529,10.5030047734142));
#4207=CARTESIAN_POINT('Ctrl Pts',(-68.1491293083016,18.949385312263,7.74029912329832));
#4208=CARTESIAN_POINT('Ctrl Pts',(-68.2376400928721,18.7896205124849,6.35058458534699));
#4209=CARTESIAN_POINT('Ctrl Pts',(-68.4448192917837,18.4145995009983,2.28297187006931));
#4210=CARTESIAN_POINT('Ctrl Pts',(-68.5654498108664,18.1926338532769,-2.86976268743073));
#4211=CARTESIAN_POINT('Ctrl Pts',(-68.4051556518292,18.259618546999,-7.31860857214734));
#4212=CARTESIAN_POINT('Ctrl Pts',(-68.1812297945086,18.3513761961501,-10.2567535173687));
#4213=CARTESIAN_POINT('Ctrl Pts',(-68.089303635728,18.3888819340104,-11.1697202543899));
#4214=CARTESIAN_POINT('Ctrl Pts',(-67.871156491528,18.4665935778205,-12.8404020363231));
#4215=CARTESIAN_POINT('Ctrl Pts',(-67.7449355061085,18.5067994837704,-13.5981170812351));
#4216=CARTESIAN_POINT('Ctrl Pts',(-67.6017039003907,18.5427857029999,-14.2669953454241));
#4217=CARTESIAN_POINT('Ctrl Pts',(-67.8418148134921,20.0374492710451,13.128757501393));
#4218=CARTESIAN_POINT('Ctrl Pts',(-67.9231812060225,19.8984851729354,11.7255037381208));
#4219=CARTESIAN_POINT('Ctrl Pts',(-67.9990314386357,19.7760971464984,10.314919359325));
#4220=CARTESIAN_POINT('Ctrl Pts',(-68.1460127547335,19.5149676757341,7.55915573191933));
#4221=CARTESIAN_POINT('Ctrl Pts',(-68.2192613764795,19.3911009997586,6.16963690074203));
#4222=CARTESIAN_POINT('Ctrl Pts',(-68.3752043550762,19.1196253632154,2.13132025805453));
#4223=CARTESIAN_POINT('Ctrl Pts',(-68.4655867278792,18.9515467248724,-3.02450906935703));
#4224=CARTESIAN_POINT('Ctrl Pts',(-68.2900978292597,19.0426506198653,-7.46594381739972));
#4225=CARTESIAN_POINT('Ctrl Pts',(-68.0579163920656,19.1478936289313,-10.3975808771111));
#4226=CARTESIAN_POINT('Ctrl Pts',(-67.963761785796,19.1891271465902,-11.3082200634614));
#4227=CARTESIAN_POINT('Ctrl Pts',(-67.7417871461059,19.2738528174853,-12.9744285967122));
#4228=CARTESIAN_POINT('Ctrl Pts',(-67.6139671126855,19.3173449707214,-13.7299979436128));
#4229=CARTESIAN_POINT('Ctrl Pts',(-67.4692424459857,19.3569432448979,-14.3970706179503));
#4230=CARTESIAN_POINT('Ctrl Pts',(-68.0184008710271,21.3022377615685,12.4723137688261));
#4231=CARTESIAN_POINT('Ctrl Pts',(-68.0445732959298,21.2836441619792,11.0938376701466));
#4232=CARTESIAN_POINT('Ctrl Pts',(-68.0707457208325,21.26505056239,9.71536157146706));
#4233=CARTESIAN_POINT('Ctrl Pts',(-68.116301903234,21.2327687272589,6.98163402916246));
#4234=CARTESIAN_POINT('Ctrl Pts',(-68.1356856607327,21.219080491717,5.6263825855374));
#4235=CARTESIAN_POINT('Ctrl Pts',(-68.1734709310172,21.1927318772338,1.63030221982569));
#4236=CARTESIAN_POINT('Ctrl Pts',(-68.1695419521649,21.1968433036355,-3.51200769402068));
#4237=CARTESIAN_POINT('Ctrl Pts',(-67.9483756163864,21.3579263795548,-7.91112864612346));
#4238=CARTESIAN_POINT('Ctrl Pts',(-67.6919467378387,21.5015983294298,-10.8106612247821));
#4239=CARTESIAN_POINT('Ctrl Pts',(-67.5913780905371,21.5532989198774,-11.7105373950986));
#4240=CARTESIAN_POINT('Ctrl Pts',(-67.358541067385,21.6583191941454,-13.3568349781314));
#4241=CARTESIAN_POINT('Ctrl Pts',(-67.2262726915344,21.7116388779659,-14.1032563908477));
#4242=CARTESIAN_POINT('Ctrl Pts',(-67.0773969415871,21.7627677146701,-14.7628577352001));
#4243=CARTESIAN_POINT('Ctrl Pts',(-68.094488444522,23.3111027491905,11.547130592535));
#4244=CARTESIAN_POINT('Ctrl Pts',(-68.0775822597782,23.378262829391,10.1844721626417));
#4245=CARTESIAN_POINT('Ctrl Pts',(-68.0606760750343,23.4454229095915,8.82181373274844));
#4246=CARTESIAN_POINT('Ctrl Pts',(-68.0223909257802,23.5793140255895,6.12069434916688));
#4247=CARTESIAN_POINT('Ctrl Pts',(-68.0010119612701,23.646045061387,4.78223339547858));
#4248=CARTESIAN_POINT('Ctrl Pts',(-67.9234567284408,23.8449510355706,0.83944296302861));
#4249=CARTESIAN_POINT('Ctrl Pts',(-67.7842675132049,24.1067266459246,-4.22403113726493));
#4250=CARTESIAN_POINT('Ctrl Pts',(-67.5019493454484,24.3547728353827,-8.51318599899933));
#4251=CARTESIAN_POINT('Ctrl Pts',(-67.2145753404748,24.5442776691736,-11.336363737528));
#4252=CARTESIAN_POINT('Ctrl Pts',(-67.1061781089575,24.6080243123867,-12.2118082490755));
#4253=CARTESIAN_POINT('Ctrl Pts',(-66.8605115158775,24.7381107834676,-13.8142480206944));
#4254=CARTESIAN_POINT('Ctrl Pts',(-66.7232421543147,24.8044506113354,-14.5412432807658));
#4255=CARTESIAN_POINT('Ctrl Pts',(-66.5697065592323,24.872805258575,-15.1854040239898));
#4256=CARTESIAN_POINT('Ctrl Pts',(-67.8637631780248,25.5850670562761,10.6428064786882));
#4257=CARTESIAN_POINT('Ctrl Pts',(-67.8232968267501,25.692322884752,9.29382558378621));
#4258=CARTESIAN_POINT('Ctrl Pts',(-67.7828304754755,25.7995787132279,7.94484468888426));
#4259=CARTESIAN_POINT('Ctrl Pts',(-67.6991011783434,26.0089803852621,5.27525907956946));
#4260=CARTESIAN_POINT('Ctrl Pts',(-67.6558382324859,26.1111262288203,3.95465436515663));
#4261=CARTESIAN_POINT('Ctrl Pts',(-67.5176596111647,26.4022338047421,0.0779687633854612));
#4262=CARTESIAN_POINT('Ctrl Pts',(-67.3110486927402,26.7494973599632,-4.86393592839649));
#4263=CARTESIAN_POINT('Ctrl Pts',(-67.0149467476634,26.9332413978192,-8.89780284452672));
#4264=CARTESIAN_POINT('Ctrl Pts',(-66.7271385552625,27.0818165774489,-11.5337500069824));
#4265=CARTESIAN_POINT('Ctrl Pts',(-66.6202472021967,27.1331361625317,-12.347490223694));
#4266=CARTESIAN_POINT('Ctrl Pts',(-66.379191818434,27.2513788781515,-13.8369965057743));
#4267=CARTESIAN_POINT('Ctrl Pts',(-66.2450277877372,27.3183020086884,-14.5127625711431));
#4268=CARTESIAN_POINT('Ctrl Pts',(-66.0945463683418,27.3990341594733,-15.1154633226095));
#4269=CARTESIAN_POINT('Ctrl Pts',(-67.5801299755715,27.247504525995,10.0176513397879));
#4270=CARTESIAN_POINT('Ctrl Pts',(-67.5265157665438,27.3743706447913,8.677739354287));
#4271=CARTESIAN_POINT('Ctrl Pts',(-67.4729011911007,27.5014695227883,7.33719580624494));
#4272=CARTESIAN_POINT('Ctrl Pts',(-67.3640028156359,27.7469797066562,4.68850890574941));
#4273=CARTESIAN_POINT('Ctrl Pts',(-67.3087189814007,27.8654127460669,3.3803065820948));
#4274=CARTESIAN_POINT('Ctrl Pts',(-67.1378565072204,28.1967439807268,-0.452783864973812));
#4275=CARTESIAN_POINT('Ctrl Pts',(-66.8966800788502,28.5728294646345,-5.31471044848655));
#4276=CARTESIAN_POINT('Ctrl Pts',(-66.602064465961,28.6861569659871,-9.1811943150177));
#4277=CARTESIAN_POINT('Ctrl Pts',(-66.3387662719944,28.751049913145,-11.641766013554));
#4278=CARTESIAN_POINT('Ctrl Pts',(-66.2438706444596,28.771696983963,-12.3925418145891));
#4279=CARTESIAN_POINT('Ctrl Pts',(-66.029951159819,28.8332465395475,-13.7528528216008));
#4280=CARTESIAN_POINT('Ctrl Pts',(-65.9107346410704,28.87643352639,-14.3545514639366));
#4281=CARTESIAN_POINT('Ctrl Pts',(-65.7720040306728,28.958240937729,-14.8951184799437));
#4282=CARTESIAN_POINT('Ctrl Pts',(-67.467154032657,27.7944777224687,9.8181142845686));
#4283=CARTESIAN_POINT('Ctrl Pts',(-67.4099109155691,27.9261370178908,8.48102706189433));
#4284=CARTESIAN_POINT('Ctrl Pts',(-67.3526672488581,28.0581454521139,7.14299249540831));
#4285=CARTESIAN_POINT('Ctrl Pts',(-67.2368648527117,28.3122710723941,4.50081322753906));
#4286=CARTESIAN_POINT('Ctrl Pts',(-67.1783057226474,28.4346427511917,3.19597799241353));
#4287=CARTESIAN_POINT('Ctrl Pts',(-66.9986795949077,28.7743387225727,-0.622975904198057));
#4288=CARTESIAN_POINT('Ctrl Pts',(-66.7486481244633,29.1541491777153,-5.46010960964014));
#4289=CARTESIAN_POINT('Ctrl Pts',(-66.4564986498329,29.2403061797664,-9.27481294457226));
#4290=CARTESIAN_POINT('Ctrl Pts',(-66.2054362463492,29.2708407523668,-11.6749011682414));
#4291=CARTESIAN_POINT('Ctrl Pts',(-66.1164237289362,29.2753384134106,-12.3981073632094));
#4292=CARTESIAN_POINT('Ctrl Pts',(-65.9154957926918,29.3100218584101,-13.7079374188791));
#4293=CARTESIAN_POINT('Ctrl Pts',(-65.8033273349456,29.348751534063,-14.2874605784887));
#4294=CARTESIAN_POINT('Ctrl Pts',(-65.6760633633393,29.4006751881385,-14.8062236857852));
#4295=CARTESIAN_POINT('Ctrl Pts',(-67.2050833230373,28.8503375276521,9.44428045596968));
#4296=CARTESIAN_POINT('Ctrl Pts',(-67.1416236207069,28.9892060366023,8.11238189638962));
#4297=CARTESIAN_POINT('Ctrl Pts',(-67.0781622695069,29.1291219619554,6.7776413053743));
#4298=CARTESIAN_POINT('Ctrl Pts',(-66.9506090499594,29.3958663520021,4.14721286924657));
#4299=CARTESIAN_POINT('Ctrl Pts',(-66.8865159797249,29.523458294917,2.84945342290725));
#4300=CARTESIAN_POINT('Ctrl Pts',(-66.6923345694575,29.8737357801402,-0.945020038032123));
#4301=CARTESIAN_POINT('Ctrl Pts',(-66.4283534902629,30.2541101777137,-5.74083831107505));
#4302=CARTESIAN_POINT('Ctrl Pts',(-66.1440878713227,30.2842852988323,-9.47310465356339));
#4303=CARTESIAN_POINT('Ctrl Pts',(-65.9218864734618,30.2372895647745,-11.7601516073977));
#4304=CARTESIAN_POINT('Ctrl Pts',(-65.8463189768989,30.2100198076058,-12.4371417915039));
#4305=CARTESIAN_POINT('Ctrl Pts',(-65.6847275893035,30.1651708816956,-13.6263193857829));
#4306=CARTESIAN_POINT('Ctrl Pts',(-65.5987424201734,30.1518272704503,-14.1343047527385));
#4307=CARTESIAN_POINT('Ctrl Pts',(-65.5073289191177,30.1309410042729,-14.5975410709284));
#4308=CARTESIAN_POINT('Ctrl Pts',(-67.0559885563321,29.3592241363617,9.26998368259005));
#4309=CARTESIAN_POINT('Ctrl Pts',(-66.9899414814297,29.5003151836017,7.94097405719735));
#4310=CARTESIAN_POINT('Ctrl Pts',(-66.9238892811257,29.644662055323,6.6031301654155));
#4311=CARTESIAN_POINT('Ctrl Pts',(-66.7914891655992,29.9154690201468,3.9777841843225));
#4312=CARTESIAN_POINT('Ctrl Pts',(-66.7251412503768,30.0419291132493,2.69028209501134));
#4313=CARTESIAN_POINT('Ctrl Pts',(-66.5251664563199,30.3955380958619,-1.09687213264195));
#4314=CARTESIAN_POINT('Ctrl Pts',(-66.2560908104494,30.7727514646314,-5.87616785135637));
#4315=CARTESIAN_POINT('Ctrl Pts',(-65.9772429089407,30.7741152041189,-9.57777773299995));
#4316=CARTESIAN_POINT('Ctrl Pts',(-65.7720290704841,30.6780394136591,-11.8143034531554));
#4317=CARTESIAN_POINT('Ctrl Pts',(-65.7045107233847,30.6363063937614,-12.4840879136895));
#4318=CARTESIAN_POINT('Ctrl Pts',(-65.5690574165354,30.5412877306149,-13.5972953388692));
#4319=CARTESIAN_POINT('Ctrl Pts',(-65.5162563928429,30.4601699920026,-14.0123657716704));
#4320=CARTESIAN_POINT('Ctrl Pts',(-65.4345351422297,30.4187725699978,-14.4777532502301));
#4321=CARTESIAN_POINT('Ctrl Pts',(-66.889206507933,29.837196784073,9.11207919996925));
#4322=CARTESIAN_POINT('Ctrl Pts',(-66.8208592755352,29.9800703153063,7.78517081925886));
#4323=CARTESIAN_POINT('Ctrl Pts',(-66.7525069177356,30.1261996710209,6.44942817215932));
#4324=CARTESIAN_POINT('Ctrl Pts',(-66.6158314712263,30.3998656896757,3.82839178938152));
#4325=CARTESIAN_POINT('Ctrl Pts',(-66.5475083825165,30.527402352616,2.54309805370327));
#4326=CARTESIAN_POINT('Ctrl Pts',(-66.342583020022,30.8821233022751,-1.23710978619953));
#4327=CARTESIAN_POINT('Ctrl Pts',(-66.0695064882996,31.2551719805288,-6.0062867829752));
#4328=CARTESIAN_POINT('Ctrl Pts',(-65.7970571891986,31.2297817765226,-9.69435045626094));
#4329=CARTESIAN_POINT('Ctrl Pts',(-65.6074791677795,31.0888960503398,-11.9160726311707));
#4330=CARTESIAN_POINT('Ctrl Pts',(-65.5504896079981,31.0307113004467,-12.5390055918876));
#4331=CARTESIAN_POINT('Ctrl Pts',(-65.4489167164853,30.8918961183295,-13.5495893181484));
#4332=CARTESIAN_POINT('Ctrl Pts',(-65.4043333847539,30.8112656861054,-13.9372400836925));
#4333=CARTESIAN_POINT('Ctrl Pts',(-65.3561391424106,30.7181475534004,-14.3379506211809));
#4334=CARTESIAN_POINT('',(-68.8515399133998,15.1227701676743,-7.));
#4335=CARTESIAN_POINT('Ctrl Pts',(-65.9859894892251,31.1965811499856,-7.));
#4336=CARTESIAN_POINT('Ctrl Pts',(-66.7079965572655,29.2614814984181,-7.));
#4337=CARTESIAN_POINT('Ctrl Pts',(-67.1814438809602,26.7673892875205,-7.));
#4338=CARTESIAN_POINT('Ctrl Pts',(-67.9786799699291,21.4632077826942,-7.));
#4339=CARTESIAN_POINT('Ctrl Pts',(-68.3581430509039,18.3219853331666,-7.));
#4340=CARTESIAN_POINT('Ctrl Pts',(-68.8515399133998,15.1227701676743,-7.));
#4341=CARTESIAN_POINT('Ctrl Pts',(-68.1437263191375,15.2977311244466,-13.7802074349898));
#4342=CARTESIAN_POINT('Ctrl Pts',(-68.2817111539065,15.2724349234052,-13.1051353519833));
#4343=CARTESIAN_POINT('Ctrl Pts',(-68.4022835873655,15.2423792375955,-12.3408265017262));
#4344=CARTESIAN_POINT('Ctrl Pts',(-68.6072072333873,15.1862369662893,-10.6587838874933));
#4345=CARTESIAN_POINT('Ctrl Pts',(-68.69155844595,15.1601503807927,-9.74105012351756));
#4346=CARTESIAN_POINT('Ctrl Pts',(-68.7948713780433,15.1327893731043,-8.19326971686121));
#4347=CARTESIAN_POINT('Ctrl Pts',(-68.8263956102248,15.1256850815785,-7.60609468546657));
#4348=CARTESIAN_POINT('Ctrl Pts',(-68.8515399133998,15.1227701676743,-7.));
#4349=CARTESIAN_POINT('Ctrl Pts',(-60.0621253844536,-52.6444943809867,-3.78751875000426));
#4350=CARTESIAN_POINT('Ctrl Pts',(-60.4023358327288,-52.5712209606863,-4.60519393736014));
#4351=CARTESIAN_POINT('Ctrl Pts',(-60.7454915973673,-52.4632929495795,-5.5210638493838));
#4352=CARTESIAN_POINT('Ctrl Pts',(-61.4229497428493,-52.1905305592358,-7.49613441120399));
#4353=CARTESIAN_POINT('Ctrl Pts',(-61.7572521236928,-52.0256961799988,-8.55533506100052));
#4354=CARTESIAN_POINT('Ctrl Pts',(-62.7247631657481,-51.4644377103162,-11.8683450497054));
#4355=CARTESIAN_POINT('Ctrl Pts',(-63.9203882872218,-50.5380788654816,-16.6467798061527));
#4356=CARTESIAN_POINT('Ctrl Pts',(-64.6913299418147,-49.4541365991852,-21.2984513872784));
#4357=CARTESIAN_POINT('Ctrl Pts',(-65.0218157835489,-48.6565029973096,-24.421316613001));
#4358=CARTESIAN_POINT('Ctrl Pts',(-65.0906909975919,-48.3931789796589,-25.4012902782215));
#4359=CARTESIAN_POINT('Ctrl Pts',(-65.1311239427528,-47.8840414571222,-27.1862160770594));
#4360=CARTESIAN_POINT('Ctrl Pts',(-65.1026816738706,-47.6382279522363,-27.9911682106767));
#4361=CARTESIAN_POINT('Ctrl Pts',(-65.018208655265,-47.407371110474,-28.6820802227111));
#4362=CARTESIAN_POINT('Ctrl Pts',(-60.4770486500202,-52.6725479123032,-3.67801239070091));
#4363=CARTESIAN_POINT('Ctrl Pts',(-60.8196864482503,-52.6007107765759,-4.49768768308943));
#4364=CARTESIAN_POINT('Ctrl Pts',(-61.1650487031298,-52.4941906546056,-5.41459676278746));
#4365=CARTESIAN_POINT('Ctrl Pts',(-61.8464943588385,-52.2234962920762,-7.39029075945406));
#4366=CARTESIAN_POINT('Ctrl Pts',(-62.1825553004952,-52.0594731916521,-8.44905279529267));
#4367=CARTESIAN_POINT('Ctrl Pts',(-63.154526060814,-51.4998507545575,-11.7590591225218));
#4368=CARTESIAN_POINT('Ctrl Pts',(-64.3539215688354,-50.5735458095715,-16.5289881447296));
#4369=CARTESIAN_POINT('Ctrl Pts',(-65.1231044007589,-49.4840201045286,-21.1691594821814));
#4370=CARTESIAN_POINT('Ctrl Pts',(-65.449756146931,-48.6795665273483,-24.2845292822765));
#4371=CARTESIAN_POINT('Ctrl Pts',(-65.5169341660266,-48.4135304518885,-25.2621927651425));
#4372=CARTESIAN_POINT('Ctrl Pts',(-65.5530608075885,-47.8980049492735,-27.0432502346751));
#4373=CARTESIAN_POINT('Ctrl Pts',(-65.5219811023402,-47.6483771717653,-27.8466778361463));
#4374=CARTESIAN_POINT('Ctrl Pts',(-65.4344062244725,-47.4133192759809,-28.5365954437787));
#4375=CARTESIAN_POINT('Ctrl Pts',(-60.8915940155962,-52.703144540674,-3.56812103151502));
#4376=CARTESIAN_POINT('Ctrl Pts',(-61.2366591637814,-52.6327436895199,-4.38979642893619));
#4377=CARTESIAN_POINT('Ctrl Pts',(-61.5844842364147,-52.5259064877539,-5.30800581963977));
#4378=CARTESIAN_POINT('Ctrl Pts',(-62.2699984506686,-52.2567347342908,-7.28440582218702));
#4379=CARTESIAN_POINT('Ctrl Pts',(-62.6078314611916,-52.0934320095549,-8.34274300590673));
#4380=CARTESIAN_POINT('Ctrl Pts',(-63.5842889558799,-51.5352637987988,-11.6497731953382));
#4381=CARTESIAN_POINT('Ctrl Pts',(-64.787454850449,-50.6090127536615,-16.4111964833066));
#4382=CARTESIAN_POINT('Ctrl Pts',(-65.5548788597031,-49.513903609872,-21.0398675770844));
#4383=CARTESIAN_POINT('Ctrl Pts',(-65.87773058568,-48.702796478826,-24.1477015163521));
#4384=CARTESIAN_POINT('Ctrl Pts',(-65.9432284475117,-48.4341315562767,-25.1230345992638));
#4385=CARTESIAN_POINT('Ctrl Pts',(-65.9751510115758,-47.9127173379005,-26.9001024338913));
#4386=CARTESIAN_POINT('Ctrl Pts',(-65.9417571754013,-47.6608542863637,-27.7016218559886));
#4387=CARTESIAN_POINT('Ctrl Pts',(-65.8510804382715,-47.4215953365572,-28.3905450592192));
#4388=CARTESIAN_POINT('Ctrl Pts',(-61.7228427802856,-52.7498152018344,-3.35053689128379));
#4389=CARTESIAN_POINT('Ctrl Pts',(-62.0726533976776,-52.6822464214309,-4.1761441865527));
#4390=CARTESIAN_POINT('Ctrl Pts',(-62.4248116293851,-52.5778670031145,-5.09643548982243));
#4391=CARTESIAN_POINT('Ctrl Pts',(-63.1180135897759,-52.3128147539914,-7.0740235716591));
#4392=CARTESIAN_POINT('Ctrl Pts',(-63.459208063449,-52.1511274771698,-8.13147392737556));
#4393=CARTESIAN_POINT('Ctrl Pts',(-64.4440966499135,-51.5962341708482,-11.4325126936918));
#4394=CARTESIAN_POINT('Ctrl Pts',(-65.6540952063869,-50.6701591601345,-16.1770649132253));
#4395=CARTESIAN_POINT('Ctrl Pts',(-66.4173665032108,-49.5640970473998,-20.7829885173992));
#4396=CARTESIAN_POINT('Ctrl Pts',(-66.7321709298878,-48.7395550581171,-23.8760195745772));
#4397=CARTESIAN_POINT('Ctrl Pts',(-66.7941642311233,-48.4655418275676,-24.8467946526444));
#4398=CARTESIAN_POINT('Ctrl Pts',(-66.8172954911006,-47.9315048356243,-26.6162454531448));
#4399=CARTESIAN_POINT('Ctrl Pts',(-66.7786235842321,-47.6724096757844,-27.4146955544702));
#4400=CARTESIAN_POINT('Ctrl Pts',(-66.6817069419745,-47.4248537933599,-28.1016742343796));
#4401=CARTESIAN_POINT('Ctrl Pts',(-62.1395461793988,-52.7658892346238,-3.24284411023844));
#4402=CARTESIAN_POINT('Ctrl Pts',(-62.4916749160429,-52.699716240398,-4.07038319832245));
#4403=CARTESIAN_POINT('Ctrl Pts',(-62.8456148729876,-52.5987080317292,-4.99136582217259));
#4404=CARTESIAN_POINT('Ctrl Pts',(-63.5424950983589,-52.3358551136117,-6.96949616473816));
#4405=CARTESIAN_POINT('Ctrl Pts',(-63.8853059824219,-52.1748811027668,-8.02651206824835));
#4406=CARTESIAN_POINT('Ctrl Pts',(-64.8741414488812,-51.6217914986564,-11.324538119229));
#4407=CARTESIAN_POINT('Ctrl Pts',(-66.0872022807113,-50.6958386225176,-16.060725004567));
#4408=CARTESIAN_POINT('Ctrl Pts',(-66.8480796877741,-49.5844069795842,-20.655401362811));
#4409=CARTESIAN_POINT('Ctrl Pts',(-67.1586400170826,-48.7530992252818,-23.7411616231507));
#4410=CARTESIAN_POINT('Ctrl Pts',(-67.218842990353,-48.4765329552607,-24.7096686611281));
#4411=CARTESIAN_POINT('Ctrl Pts',(-67.2374615379474,-47.936125827092,-26.4754036408547));
#4412=CARTESIAN_POINT('Ctrl Pts',(-67.1957139200017,-47.6714879506068,-27.2728252331093));
#4413=CARTESIAN_POINT('Ctrl Pts',(-67.0956592318785,-47.4198361895863,-27.9588537940994));
#4414=CARTESIAN_POINT('Ctrl Pts',(-63.3928934270445,-52.7923274396203,-2.9230636343132));
#4415=CARTESIAN_POINT('Ctrl Pts',(-63.7516488293353,-52.7302203087411,-3.75619316418989));
#4416=CARTESIAN_POINT('Ctrl Pts',(-64.1116084884432,-52.6321009981811,-4.68019164394004));
#4417=CARTESIAN_POINT('Ctrl Pts',(-64.8186987922655,-52.3755467094259,-6.65981020108814));
#4418=CARTESIAN_POINT('Ctrl Pts',(-65.1658294369797,-52.2171117312306,-7.71543027848609));
#4419=CARTESIAN_POINT('Ctrl Pts',(-66.1651215574899,-51.6688963327814,-11.0045484540029));
#4420=CARTESIAN_POINT('Ctrl Pts',(-67.3852448818166,-50.7435145645464,-15.7160605368865));
#4421=CARTESIAN_POINT('Ctrl Pts',(-68.1370354183216,-49.6166160566604,-20.2777541505729));
#4422=CARTESIAN_POINT('Ctrl Pts',(-68.4338283570992,-48.7661255487345,-23.3421446222938));
#4423=CARTESIAN_POINT('Ctrl Pts',(-68.4882510094249,-48.4817426082573,-24.3041281564435));
#4424=CARTESIAN_POINT('Ctrl Pts',(-68.4928421315145,-47.9229132100254,-26.0590190097957));
#4425=CARTESIAN_POINT('Ctrl Pts',(-68.4430106012785,-47.6484667522706,-26.8519263289983));
#4426=CARTESIAN_POINT('Ctrl Pts',(-68.3334332157476,-47.3848428817403,-27.5352373896777));
#4427=CARTESIAN_POINT('Ctrl Pts',(-65.9169830397255,-52.7281425293931,-2.30122461503986));
#4428=CARTESIAN_POINT('Ctrl Pts',(-66.2876810048736,-52.6736811444618,-3.1447152818914));
#4429=CARTESIAN_POINT('Ctrl Pts',(-66.6579312579468,-52.582366453516,-4.07398258634284));
#4430=CARTESIAN_POINT('Ctrl Pts',(-67.3821428527082,-52.3372119688679,-6.05602330223925));
#4431=CARTESIAN_POINT('Ctrl Pts',(-67.7361041943962,-52.1833721751656,-7.10879671368421));
#4432=CARTESIAN_POINT('Ctrl Pts',(-68.7504646215291,-51.6448374038334,-10.3803053561999));
#4433=CARTESIAN_POINT('Ctrl Pts',(-69.9762155965561,-50.7214166681223,-15.0441526347029));
#4434=CARTESIAN_POINT('Ctrl Pts',(-70.7022115868461,-49.566151332905,-19.5429167322026));
#4435=CARTESIAN_POINT('Ctrl Pts',(-70.9669395368733,-48.6798496623134,-22.5668006032132));
#4436=CARTESIAN_POINT('Ctrl Pts',(-71.0085540131006,-48.3811069939198,-23.516397026531));
#4437=CARTESIAN_POINT('Ctrl Pts',(-70.9831331307563,-47.7881856100125,-25.2508129709223));
#4438=CARTESIAN_POINT('Ctrl Pts',(-70.9160977721846,-47.4940068944988,-26.0356324919958));
#4439=CARTESIAN_POINT('Ctrl Pts',(-70.7870407525956,-47.2077009100613,-26.714039977844));
#4440=CARTESIAN_POINT('Ctrl Pts',(-72.0493188895354,-50.9444871663067,-1.09762186668832));
#4441=CARTESIAN_POINT('Ctrl Pts',(-72.4295320765751,-50.9010621248196,-1.95381206726744));
#4442=CARTESIAN_POINT('Ctrl Pts',(-72.8022119979574,-50.8204737588782,-2.88764901914849));
#4443=CARTESIAN_POINT('Ctrl Pts',(-73.5187468786267,-50.5948602776943,-4.8661122864798));
#4444=CARTESIAN_POINT('Ctrl Pts',(-73.8626018379137,-50.4498351624517,-5.91073860193006));
#4445=CARTESIAN_POINT('Ctrl Pts',(-74.830291626461,-49.9329395421841,-9.14404538508263));
#4446=CARTESIAN_POINT('Ctrl Pts',(-75.9502111063539,-49.0255579830535,-13.7202619940909));
#4447=CARTESIAN_POINT('Ctrl Pts',(-76.5093285507501,-47.8400400200986,-18.1146941748207));
#4448=CARTESIAN_POINT('Ctrl Pts',(-76.6358152860522,-46.9059397940944,-21.0753243155556));
#4449=CARTESIAN_POINT('Ctrl Pts',(-76.6291689731537,-46.5870794264617,-22.0063353633319));
#4450=CARTESIAN_POINT('Ctrl Pts',(-76.5045008005778,-45.9442613395412,-23.7121219882455));
#4451=CARTESIAN_POINT('Ctrl Pts',(-76.3864789409004,-45.6203036202535,-24.486897565383));
#4452=CARTESIAN_POINT('Ctrl Pts',(-76.2058900924432,-45.2987421749421,-25.1613033376836));
#4453=CARTESIAN_POINT('Ctrl Pts',(-82.1971896476685,-39.0598905187191,-0.791646302107539));
#4454=CARTESIAN_POINT('Ctrl Pts',(-82.4861345339322,-38.9933532225282,-1.60039896488567));
#4455=CARTESIAN_POINT('Ctrl Pts',(-82.738961309413,-38.8986532022392,-2.49662525953239));
#4456=CARTESIAN_POINT('Ctrl Pts',(-83.1723786388085,-38.660620929132,-4.41723987284986));
#4457=CARTESIAN_POINT('Ctrl Pts',(-83.3529691927233,-38.5172886763139,-5.44162819152062));
#4458=CARTESIAN_POINT('Ctrl Pts',(-83.7863865221188,-38.0258833925666,-8.63685832399924));
#4459=CARTESIAN_POINT('Ctrl Pts',(-84.0753314083825,-37.2069202801227,-13.2226723045477));
#4460=CARTESIAN_POINT('Ctrl Pts',(-83.7863865221188,-36.1835364834587,-17.7109367241731));
#4461=CARTESIAN_POINT('Ctrl Pts',(-83.3529691927233,-35.3855001733813,-20.7598425152673));
#4462=CARTESIAN_POINT('Ctrl Pts',(-83.1723786388085,-35.1144049929256,-21.7232623583612));
#4463=CARTESIAN_POINT('Ctrl Pts',(-82.7389613094129,-34.5697416934883,-23.4975526302942));
#4464=CARTESIAN_POINT('Ctrl Pts',(-82.4861345339322,-34.2961735745067,-24.3084230591333));
#4465=CARTESIAN_POINT('Ctrl Pts',(-82.1971896476685,-34.0252155940957,-25.0196261609885));
#4466=CARTESIAN_POINT('Ctrl Pts',(-73.9190844108051,-23.1471430573809,4.07210793218746));
#4467=CARTESIAN_POINT('Ctrl Pts',(-74.2822942903019,-23.1074249548813,3.24458513601536));
#4468=CARTESIAN_POINT('Ctrl Pts',(-74.6001029348616,-23.0126502573276,2.34727597234078));
#4469=CARTESIAN_POINT('Ctrl Pts',(-75.1449177541067,-22.7341692668134,0.458156658757819));
#4470=CARTESIAN_POINT('Ctrl Pts',(-75.3719239287922,-22.550462973853,-0.533653491150554));
#4471=CARTESIAN_POINT('Ctrl Pts',(-75.9167387480374,-21.8977190939141,-3.58322779706959));
#4472=CARTESIAN_POINT('Ctrl Pts',(-76.2799486275342,-20.756393917842,-7.84704382147876));
#4473=CARTESIAN_POINT('Ctrl Pts',(-75.9167387480374,-19.4119742513546,-11.78514576525));
#4474=CARTESIAN_POINT('Ctrl Pts',(-75.3719239287922,-18.454588635793,-14.3461489502122));
#4475=CARTESIAN_POINT('Ctrl Pts',(-75.1449177541067,-18.143948286323,-15.1343877997218));
#4476=CARTESIAN_POINT('Ctrl Pts',(-74.6001029348616,-17.5608255601861,-16.5349359923479));
#4477=CARTESIAN_POINT('Ctrl Pts',(-74.2822942903019,-17.2883431835191,-17.1472453354643));
#4478=CARTESIAN_POINT('Ctrl Pts',(-73.9190844108051,-17.0455305906043,-17.6490540509985));
#4479=CARTESIAN_POINT('Ctrl Pts',(-72.0358246993468,-7.08413139176612,8.81616205615052));
#4480=CARTESIAN_POINT('Ctrl Pts',(-72.21792948877,-7.09130303295905,8.07585603068777));
#4481=CARTESIAN_POINT('Ctrl Pts',(-72.3772711795154,-7.07509054555448,7.25575452836188));
#4482=CARTESIAN_POINT('Ctrl Pts',(-72.6504283636504,-7.00404411941214,5.49692317451938));
#4483=CARTESIAN_POINT('Ctrl Pts',(-72.7642438570399,-6.94921018067435,4.55819332300277));
#4484=CARTESIAN_POINT('Ctrl Pts',(-73.0374010411748,-6.7389963962538,1.62550515147017));
#4485=CARTESIAN_POINT('Ctrl Pts',(-73.2195058305982,-6.33681276847387,-2.59540872252735));
#4486=CARTESIAN_POINT('Ctrl Pts',(-73.0374010411749,-5.82118087071038,-6.7822468811976));
#4487=CARTESIAN_POINT('Ctrl Pts',(-72.7642438570399,-5.44079468131447,-9.66382147973931));
#4488=CARTESIAN_POINT('Ctrl Pts',(-72.6504283636503,-5.31505557383695,-10.5812540091764));
#4489=CARTESIAN_POINT('Ctrl Pts',(-72.3772711795154,-5.07383674271925,-12.288971790028));
#4490=CARTESIAN_POINT('Ctrl Pts',(-72.2179294887701,-4.95835701907906,-13.0792570414425));
#4491=CARTESIAN_POINT('Ctrl Pts',(-72.0358246993468,-4.85208039028841,-13.785487351578));
#4492=CARTESIAN_POINT('Ctrl Pts',(-69.8871661725399,4.2823466505181,9.58644778158513));
#4493=CARTESIAN_POINT('Ctrl Pts',(-70.0457230770188,4.21288427280871,8.85391422271415));
#4494=CARTESIAN_POINT('Ctrl Pts',(-70.185754207029,4.16251940883116,8.03889728430662));
#4495=CARTESIAN_POINT('Ctrl Pts',(-70.4287110081708,4.09377709350848,6.28605178263901));
#4496=CARTESIAN_POINT('Ctrl Pts',(-70.5316366793025,4.07539964216336,5.34822321937894));
#4497=CARTESIAN_POINT('Ctrl Pts',(-70.7846746394674,4.05893698482986,2.41375279365069));
#4498=CARTESIAN_POINT('Ctrl Pts',(-70.9734211110743,4.14010596625681,-1.82150040318169));
#4499=CARTESIAN_POINT('Ctrl Pts',(-70.8640300730612,4.32819149279423,-6.02752337754159));
#4500=CARTESIAN_POINT('Ctrl Pts',(-70.669861768796,4.47210365312645,-8.91814846956111));
#4501=CARTESIAN_POINT('Ctrl Pts',(-70.586451496415,4.52054904247539,-9.83770814377588));
#4502=CARTESIAN_POINT('Ctrl Pts',(-70.3822020331267,4.61218154481843,-11.5467083117348));
#4503=CARTESIAN_POINT('Ctrl Pts',(-70.2613628422193,4.65536865781254,-12.3361488054789));
#4504=CARTESIAN_POINT('Ctrl Pts',(-70.1217822370781,4.69282282521363,-13.0394521418774));
#4505=CARTESIAN_POINT('Ctrl Pts',(-68.8561259800999,9.70587555235001,10.4435973595413));
#4506=CARTESIAN_POINT('Ctrl Pts',(-69.0195231568153,9.60893520317437,9.69830393303886));
#4507=CARTESIAN_POINT('Ctrl Pts',(-69.1670818673608,9.51521621160869,8.84093505782064));
#4508=CARTESIAN_POINT('Ctrl Pts',(-69.4282666203654,9.34071164956921,6.96752820963291));
#4509=CARTESIAN_POINT('Ctrl Pts',(-69.5418926628244,9.25992607909541,5.9514902366634));
#4510=CARTESIAN_POINT('Ctrl Pts',(-69.8284881844515,9.04670555811983,2.76359537064835));
#4511=CARTESIAN_POINT('Ctrl Pts',(-70.0658619312876,8.84010803800785,-1.8596803096558));
#4512=CARTESIAN_POINT('Ctrl Pts',(-69.9776366755084,8.89275482755848,-6.18074557964384));
#4513=CARTESIAN_POINT('Ctrl Pts',(-69.7961422494359,8.96513203064119,-9.10127815638149));
#4514=CARTESIAN_POINT('Ctrl Pts',(-69.7164231933721,8.99473978348871,-10.0214112860018));
#4515=CARTESIAN_POINT('Ctrl Pts',(-69.5196722767889,9.05419857528971,-11.7204325080105));
#4516=CARTESIAN_POINT('Ctrl Pts',(-69.4026404162695,9.08404961424319,-12.4993206003989));
#4517=CARTESIAN_POINT('Ctrl Pts',(-69.2675166653342,9.10866192081599,-13.1903413848476));
#4518=CARTESIAN_POINT('Ctrl Pts',(-68.3245645571004,12.7155500675149,11.2394174378385));
#4519=CARTESIAN_POINT('Ctrl Pts',(-68.4960727921727,12.5970712265351,10.4767003711787));
#4520=CARTESIAN_POINT('Ctrl Pts',(-68.6494628744701,12.425961293258,9.53706073925649));
#4521=CARTESIAN_POINT('Ctrl Pts',(-68.9400563212619,12.0715399283747,7.45959710842444));
#4522=CARTESIAN_POINT('Ctrl Pts',(-69.0752908671029,11.8925640721985,6.30297484445256));
#4523=CARTESIAN_POINT('Ctrl Pts',(-69.3945993353385,11.5044551756791,2.84188240313852));
#4524=CARTESIAN_POINT('Ctrl Pts',(-69.6402482391835,11.1947997898491,-1.96963270964011));
#4525=CARTESIAN_POINT('Ctrl Pts',(-69.5527048229413,11.203744125619,-6.34420788944268));
#4526=CARTESIAN_POINT('Ctrl Pts',(-69.3711002565292,11.255051802695,-9.27749081846709));
#4527=CARTESIAN_POINT('Ctrl Pts',(-69.2912409003535,11.2795875992617,-10.197310385504));
#4528=CARTESIAN_POINT('Ctrl Pts',(-69.0943732058923,11.3310464224193,-11.890434037475));
#4529=CARTESIAN_POINT('Ctrl Pts',(-68.9773648676069,11.3579694490102,-12.6637381224091));
#4530=CARTESIAN_POINT('Ctrl Pts',(-68.8425320479167,11.379846468084,-13.348468134545));
#4531=CARTESIAN_POINT('Ctrl Pts',(-68.1246366468942,13.8344200942659,11.6348381430788));
#4532=CARTESIAN_POINT('Ctrl Pts',(-68.3096407851808,13.6517271250958,10.8497351697856));
#4533=CARTESIAN_POINT('Ctrl Pts',(-68.4755427396637,13.4352757671846,9.81828709884824));
#4534=CARTESIAN_POINT('Ctrl Pts',(-68.7793215373607,12.9997095214391,7.64884185557071));
#4535=CARTESIAN_POINT('Ctrl Pts',(-68.9181822125782,12.800467530151,6.45596032931896));
#4536=CARTESIAN_POINT('Ctrl Pts',(-69.2573371153667,12.3176826033513,2.85187237130047));
#4537=CARTESIAN_POINT('Ctrl Pts',(-69.5030713247803,11.9804788264571,-2.02142725075942));
#4538=CARTESIAN_POINT('Ctrl Pts',(-69.4141050131204,11.9788584967523,-6.41317052750025));
#4539=CARTESIAN_POINT('Ctrl Pts',(-69.2313892200226,12.0255926572623,-9.35033634227486));
#4540=CARTESIAN_POINT('Ctrl Pts',(-69.1511521124311,12.0491622787304,-10.2699513400696));
#4541=CARTESIAN_POINT('Ctrl Pts',(-68.9536011501389,12.0993022601115,-11.9609577858509));
#4542=CARTESIAN_POINT('Ctrl Pts',(-68.836287295438,12.1258726200245,-12.7323492338375));
#4543=CARTESIAN_POINT('Ctrl Pts',(-68.7012285368533,12.1474521504177,-13.4149574058129));
#4544=CARTESIAN_POINT('Ctrl Pts',(-67.6792992880692,16.3034505244932,12.6859742451753));
#4545=CARTESIAN_POINT('Ctrl Pts',(-67.9347415403432,15.783620842883,11.7202229373366));
#4546=CARTESIAN_POINT('Ctrl Pts',(-68.1327223985169,15.4108747994117,10.4995115733835));
#4547=CARTESIAN_POINT('Ctrl Pts',(-68.4826445940608,14.7701289681464,8.01623213010517));
#4548=CARTESIAN_POINT('Ctrl Pts',(-68.6369310478644,14.5160849160832,6.7005030836486));
#4549=CARTESIAN_POINT('Ctrl Pts',(-69.0046574280333,13.9160678230822,2.82320123076115));
#4550=CARTESIAN_POINT('Ctrl Pts',(-69.241271318281,13.5483518675843,-2.16017380913614));
#4551=CARTESIAN_POINT('Ctrl Pts',(-69.1447863914982,13.5374734898627,-6.58128043209367));
#4552=CARTESIAN_POINT('Ctrl Pts',(-68.9572128969467,13.5815815086829,-9.52438730383811));
#4553=CARTESIAN_POINT('Ctrl Pts',(-68.8754867655187,13.6049953153082,-10.4433024118406));
#4554=CARTESIAN_POINT('Ctrl Pts',(-68.6752482789951,13.6556539810036,-12.1299128561676));
#4555=CARTESIAN_POINT('Ctrl Pts',(-68.5567359238993,13.6828988400736,-12.897608192492));
#4556=CARTESIAN_POINT('Ctrl Pts',(-68.4206389783799,13.7052636179032,-13.5762042730505));
#4557=CARTESIAN_POINT('Ctrl Pts',(-67.4338898394503,17.6536109279696,13.3416896420315));
#4558=CARTESIAN_POINT('Ctrl Pts',(-67.707569226368,16.9998048328695,12.378441118229));
#4559=CARTESIAN_POINT('Ctrl Pts',(-67.9596918405904,16.4157512172096,10.8743557586658));
#4560=CARTESIAN_POINT('Ctrl Pts',(-68.3421922428316,15.6535169703358,8.16058862544086));
#4561=CARTESIAN_POINT('Ctrl Pts',(-68.5088568306517,15.3348761630259,6.78708551927201));
#4562=CARTESIAN_POINT('Ctrl Pts',(-68.8892399606717,14.7012256151409,2.78454012205988));
#4563=CARTESIAN_POINT('Ctrl Pts',(-69.1166482261849,14.3305458721035,-2.24712582639354));
#4564=CARTESIAN_POINT('Ctrl Pts',(-69.0140675796968,14.3209741118397,-6.68042769862953));
#4565=CARTESIAN_POINT('Ctrl Pts',(-68.8227476103774,14.3670295055362,-9.6255927415936));
#4566=CARTESIAN_POINT('Ctrl Pts',(-68.7399102065287,14.3912536724174,-10.5440125290461));
#4567=CARTESIAN_POINT('Ctrl Pts',(-68.5376674636048,14.4437498642035,-12.2283441781083));
#4568=CARTESIAN_POINT('Ctrl Pts',(-68.4182621245295,14.4720218891085,-12.994256039718));
#4569=CARTESIAN_POINT('Ctrl Pts',(-68.2813529309698,14.4954694030548,-13.6709618690203));
#4570=CARTESIAN_POINT('Ctrl Pts',(-67.3054869211617,18.5081542908216,14.117765890989));
#4571=CARTESIAN_POINT('Ctrl Pts',(-67.5739206310434,17.8664842562173,13.1629260969664));
#4572=CARTESIAN_POINT('Ctrl Pts',(-67.8324047401037,17.3025943249891,11.4462445717235));
#4573=CARTESIAN_POINT('Ctrl Pts',(-68.2578330282328,16.4125193054271,8.25398586363227));
#4574=CARTESIAN_POINT('Ctrl Pts',(-68.4247772073017,16.0863342170933,6.77840868078384));
#4575=CARTESIAN_POINT('Ctrl Pts',(-68.788299849521,15.4643362164339,2.71333364583015));
#4576=CARTESIAN_POINT('Ctrl Pts',(-68.9998846400976,15.1084730585396,-2.35409157866449));
#4577=CARTESIAN_POINT('Ctrl Pts',(-68.88818562488,15.1080763795476,-6.79528439218571));
#4578=CARTESIAN_POINT('Ctrl Pts',(-68.69155844595,15.1601503807927,-9.74105012351756));
#4579=CARTESIAN_POINT('Ctrl Pts',(-68.6072072333873,15.1862369662893,-10.6587838874933));
#4580=CARTESIAN_POINT('Ctrl Pts',(-68.4022835873655,15.2423792375955,-12.3408265017262));
#4581=CARTESIAN_POINT('Ctrl Pts',(-68.2817111539065,15.2724349234052,-13.1051353519833));
#4582=CARTESIAN_POINT('Ctrl Pts',(-68.1437263191375,15.2977311244466,-13.7802074349898));
#4583=CARTESIAN_POINT('',(-61.2504416343096,-52.2575627462563,-7.));
#4584=CARTESIAN_POINT('Ctrl Pts',(-68.8515399133998,15.1227701676743,-7.));
#4585=CARTESIAN_POINT('Ctrl Pts',(-69.1207269533935,13.3773450825912,-7.));
#4586=CARTESIAN_POINT('Ctrl Pts',(-69.4237198148131,11.6147612326722,-6.99999999999029));
#4587=CARTESIAN_POINT('Ctrl Pts',(-70.0589049439215,8.16470141451554,-6.99999999999029));
#4588=CARTESIAN_POINT('Ctrl Pts',(-70.3956478703333,6.44909996886538,-6.99999999996785));
#4589=CARTESIAN_POINT('Ctrl Pts',(-71.1811129659484,2.60146730389327,-6.99999999996785));
#4590=CARTESIAN_POINT('Ctrl Pts',(-71.6206880895659,0.551471680308615,-7.));
#4591=CARTESIAN_POINT('Ctrl Pts',(-73.5887448693248,-8.49753308729007,-7.));
#4592=CARTESIAN_POINT('Ctrl Pts',(-75.0600685727423,-14.9952221048496,-7.));
#4593=CARTESIAN_POINT('Ctrl Pts',(-77.2670450803373,-22.2395936891247,-7.));
#4594=CARTESIAN_POINT('Ctrl Pts',(-77.799689546036,-23.832915700048,-7.));
#4595=CARTESIAN_POINT('Ctrl Pts',(-79.2647588354166,-28.3606582617261,-7.));
#4596=CARTESIAN_POINT('Ctrl Pts',(-80.1013120038359,-31.1154852297809,-7.));
#4597=CARTESIAN_POINT('Ctrl Pts',(-80.7358980015291,-35.9419363599696,-7.));
#4598=CARTESIAN_POINT('Ctrl Pts',(-80.61037730293,-37.5673981176372,-7.));
#4599=CARTESIAN_POINT('Ctrl Pts',(-79.9075432170452,-41.0171596442224,-7.));
#4600=CARTESIAN_POINT('Ctrl Pts',(-78.9888120081004,-43.0306424521403,-7.));
#4601=CARTESIAN_POINT('Ctrl Pts',(-76.4952113935502,-46.7598205166777,-7.));
#4602=CARTESIAN_POINT('Ctrl Pts',(-74.8669012528132,-48.4351155561222,-7.));
#4603=CARTESIAN_POINT('Ctrl Pts',(-71.7875669436258,-50.6559102574086,-7.));
#4604=CARTESIAN_POINT('Ctrl Pts',(-70.2137058151721,-51.4436435810601,-7.));
#4605=CARTESIAN_POINT('Ctrl Pts',(-65.8799865793605,-52.4430333161122,-7.));
#4606=CARTESIAN_POINT('Ctrl Pts',(-63.5021314333227,-52.3418632846299,-7.));
#4607=CARTESIAN_POINT('Ctrl Pts',(-61.2504416343096,-52.2575627462563,-7.));
#4608=CARTESIAN_POINT('Ctrl Pts',(-65.018208655265,-47.407371110474,-28.6820802227111));
#4609=CARTESIAN_POINT('Ctrl Pts',(-65.1026816738706,-47.6382279522363,-27.9911682106767));
#4610=CARTESIAN_POINT('Ctrl Pts',(-65.1311239427528,-47.8840414571222,-27.1862160770594));
#4611=CARTESIAN_POINT('Ctrl Pts',(-65.0906909975919,-48.3931789796589,-25.4012902782215));
#4612=CARTESIAN_POINT('Ctrl Pts',(-65.0218157835489,-48.6565029973096,-24.421316613001));
#4613=CARTESIAN_POINT('Ctrl Pts',(-64.6913299418147,-49.4541365991852,-21.2984513872784));
#4614=CARTESIAN_POINT('Ctrl Pts',(-63.9203882872218,-50.5380788654816,-16.6467798061527));
#4615=CARTESIAN_POINT('Ctrl Pts',(-62.7247631657481,-51.4644377103162,-11.8683450497054));
#4616=CARTESIAN_POINT('Ctrl Pts',(-61.8101286817243,-51.995022198253,-8.7363981779182));
#4617=CARTESIAN_POINT('Ctrl Pts',(-61.5322546355384,-52.1358810745196,-7.84467329777316));
#4618=CARTESIAN_POINT('Ctrl Pts',(-61.2504416343096,-52.2575627462563,-7.));
#4619=CARTESIAN_POINT('Origin',(0.227894252075806,-1.75507392420191,-15.));
#4620=CARTESIAN_POINT('Ctrl Pts',(23.6514037874921,37.5523207451433,-15.));
#4621=CARTESIAN_POINT('Ctrl Pts',(23.8828600954354,37.714218810093,-15.));
#4622=CARTESIAN_POINT('Ctrl Pts',(24.1105834854048,37.8744140971169,-15.));
#4623=CARTESIAN_POINT('Ctrl Pts',(24.3347213308567,38.0308634569401,-15.));
#4624=CARTESIAN_POINT('Ctrl Pts',(25.3052616919716,38.7083055813296,-15.));
#4625=CARTESIAN_POINT('Ctrl Pts',(26.2193309447234,39.3346944088599,-15.));
#4626=CARTESIAN_POINT('Ctrl Pts',(27.191893227958,39.8175919246722,-15.));
#4627=CARTESIAN_POINT('Ctrl Pts',(27.2238369576997,39.8334526546264,-15.));
#4628=CARTESIAN_POINT('Ctrl Pts',(27.2558881662633,39.8491475688866,-15.));
#4629=CARTESIAN_POINT('Ctrl Pts',(27.2880419959803,39.8646731595092,-15.));
#4630=CARTESIAN_POINT('Ctrl Pts',(47.4200463024063,-43.386914605347,3.99286919715385E-17));
#4631=CARTESIAN_POINT('Ctrl Pts',(47.4200463024063,-43.386914605347,-15.));
#4632=CARTESIAN_POINT('Ctrl Pts',(46.6068601091288,-42.8631371156497,3.99286919715385E-17));
#4633=CARTESIAN_POINT('Ctrl Pts',(46.6068601091288,-42.8631371156497,-15.));
#4634=CARTESIAN_POINT('Ctrl Pts',(45.7762798346959,-42.3276893991119,-9.24317417214187E-13));
#4635=CARTESIAN_POINT('Ctrl Pts',(45.7762798346959,-42.3276893991119,-15.0000000000009));
#4636=CARTESIAN_POINT('Ctrl Pts',(43.1496533482872,-40.6440329542264,-9.24149517680252E-13));
#4637=CARTESIAN_POINT('Ctrl Pts',(43.1496533482872,-40.6440329542264,-15.0000000000009));
#4638=CARTESIAN_POINT('Ctrl Pts',(41.169299265267,-39.3854912474843,-4.83890705282874E-12));
#4639=CARTESIAN_POINT('Ctrl Pts',(41.169299265267,-39.3854912474843,-15.0000000000048));
#4640=CARTESIAN_POINT('Ctrl Pts',(35.1109277618012,-35.2151903507993,-4.83890705282874E-12));
#4641=CARTESIAN_POINT('Ctrl Pts',(35.1109277618012,-35.2151903507993,-15.0000000000048));
#4642=CARTESIAN_POINT('Ctrl Pts',(33.478039272546,-33.6133656151855,-1.09870142251151E-9));
#4643=CARTESIAN_POINT('Ctrl Pts',(33.478039272546,-33.6133656151855,-15.0000000010987));
#4644=CARTESIAN_POINT('Ctrl Pts',(31.819605202766,-31.8489908471823,-1.09870126922272E-9));
#4645=CARTESIAN_POINT('Ctrl Pts',(31.819605202766,-31.8489908471823,-15.0000000010987));
#4646=CARTESIAN_POINT('Ctrl Pts',(31.2930585255669,-31.1974353547078,-8.32667268468867E-16));
#4647=CARTESIAN_POINT('Ctrl Pts',(31.2930585255669,-31.1974353547078,-15.));
#4648=CARTESIAN_POINT('Ctrl Pts',(30.1531293491536,-30.1408918188194,-8.32667268468867E-16));
#4649=CARTESIAN_POINT('Ctrl Pts',(30.1531293491536,-30.1408918188194,-15.));
#4650=CARTESIAN_POINT('Ctrl Pts',(29.5819276471417,-29.7713631411649,-1.22404798970355E-12));
#4651=CARTESIAN_POINT('Ctrl Pts',(29.5819276471417,-29.7713631411649,-15.0000000000012));
#4652=CARTESIAN_POINT('Ctrl Pts',(27.8517642021569,-29.141040596096,-1.22404798970355E-12));
#4653=CARTESIAN_POINT('Ctrl Pts',(27.8517642021569,-29.141040596096,-15.0000000000012));
#4654=CARTESIAN_POINT('Ctrl Pts',(26.6515500664801,-28.9158036132555,-3.12250225675825E-16));
#4655=CARTESIAN_POINT('Ctrl Pts',(26.6515500664801,-28.9158036132555,-15.));
#4656=CARTESIAN_POINT('Ctrl Pts',(23.8227185865608,-28.52043678176,-3.12250225675825E-16));
#4657=CARTESIAN_POINT('Ctrl Pts',(23.8227185865608,-28.52043678176,-15.));
#4658=CARTESIAN_POINT('Ctrl Pts',(22.1059593680285,-28.4076391806444,-1.99731865463758E-11));
#4659=CARTESIAN_POINT('Ctrl Pts',(22.1059593680285,-28.4076391806444,-15.00000000002));
#4660=CARTESIAN_POINT('Ctrl Pts',(18.8452886670448,-28.1416764762718,-1.99730790166751E-11));
#4661=CARTESIAN_POINT('Ctrl Pts',(18.8452886670448,-28.1416764762718,-15.00000000002));
#4662=CARTESIAN_POINT('Ctrl Pts',(17.8152636343965,-28.0469518416808,-6.84503113194482E-15));
#4663=CARTESIAN_POINT('Ctrl Pts',(17.8152636343965,-28.0469518416808,-15.));
#4664=CARTESIAN_POINT('Ctrl Pts',(15.5423949904569,-27.9223361425785,-6.76772526846144E-15));
#4665=CARTESIAN_POINT('Ctrl Pts',(15.5423949904569,-27.9223361425785,-15.));
#4666=CARTESIAN_POINT('Ctrl Pts',(14.59125832298,-27.8893737366381,-3.0001208521266E-13));
#4667=CARTESIAN_POINT('Ctrl Pts',(14.59125832298,-27.8893737366381,-15.0000000000003));
#4668=CARTESIAN_POINT('Ctrl Pts',(12.6025822229749,-27.8441586875392,-2.99972809524695E-13));
#4669=CARTESIAN_POINT('Ctrl Pts',(12.6025822229749,-27.8441586875392,-15.0000000000003));
#4670=CARTESIAN_POINT('Ctrl Pts',(11.4864013897741,-27.8322644691203,-3.43024220139654E-13));
#4671=CARTESIAN_POINT('Ctrl Pts',(11.4864013897741,-27.8322644691203,-15.0000000000003));
#4672=CARTESIAN_POINT('Ctrl Pts',(8.61181493789938,-27.8157801494368,-3.43024220139654E-13));
#4673=CARTESIAN_POINT('Ctrl Pts',(8.61181493789938,-27.8157801494368,-15.0000000000003));
#4674=CARTESIAN_POINT('Ctrl Pts',(6.17455532105883,-27.8230258907972,-5.03069808033274E-16));
#4675=CARTESIAN_POINT('Ctrl Pts',(6.17455532105883,-27.8230258907972,-15.));
#4676=CARTESIAN_POINT('Ctrl Pts',(2.49742440509591,-27.8346775631679,-5.03069808033274E-16));
#4677=CARTESIAN_POINT('Ctrl Pts',(2.49742440509591,-27.8346775631679,-15.));
#4678=CARTESIAN_POINT('Ctrl Pts',(0.626390959671759,-27.8420212561781,2.07380724792089E-13));
#4679=CARTESIAN_POINT('Ctrl Pts',(0.626390959671759,-27.8420212561781,-14.9999999999998));
#4680=CARTESIAN_POINT('Ctrl Pts',(-5.56705387899368,-27.824340365048,2.07399548320028E-13));
#4681=CARTESIAN_POINT('Ctrl Pts',(-5.56705387899368,-27.824340365048,-14.9999999999998));
#4682=CARTESIAN_POINT('Ctrl Pts',(-7.95228542090217,-27.8107190690869,-2.98963485076447E-17));
#4683=CARTESIAN_POINT('Ctrl Pts',(-7.95228542090217,-27.8107190690869,-15.));
#4684=CARTESIAN_POINT('Ctrl Pts',(-11.4144456916019,-27.8364865615683,-3.65069582664882E-17));
#4685=CARTESIAN_POINT('Ctrl Pts',(-11.4144456916019,-27.8364865615683,-15.));
#4686=CARTESIAN_POINT('Ctrl Pts',(-12.4439646996272,-27.8492802140847,-7.26065258263575E-13));
#4687=CARTESIAN_POINT('Ctrl Pts',(-12.4439646996272,-27.8492802140847,-15.0000000000007));
#4688=CARTESIAN_POINT('Ctrl Pts',(-14.4753197610101,-27.8993604038281,-7.26065258263575E-13));
#4689=CARTESIAN_POINT('Ctrl Pts',(-14.4753197610101,-27.8993604038281,-15.0000000000007));
#4690=CARTESIAN_POINT('Ctrl Pts',(-15.5784679719498,-27.9418888393664,-3.46944695195361E-16));
#4691=CARTESIAN_POINT('Ctrl Pts',(-15.5784679719498,-27.9418888393664,-15.));
#4692=CARTESIAN_POINT('Ctrl Pts',(-17.4170639587551,-28.0599478291662,-3.46944695195361E-16));
#4693=CARTESIAN_POINT('Ctrl Pts',(-17.4170639587551,-28.0599478291662,-15.));
#4694=CARTESIAN_POINT('Ctrl Pts',(-17.9538387518128,-28.1035664858527,1.45027246060105E-15));
#4695=CARTESIAN_POINT('Ctrl Pts',(-17.9538387518128,-28.1035664858527,-15.));
#4696=CARTESIAN_POINT('Ctrl Pts',(-20.5817358647871,-28.3225588782133,1.25037615729991E-15));
#4697=CARTESIAN_POINT('Ctrl Pts',(-20.5817358647871,-28.3225588782133,-15.));
#4698=CARTESIAN_POINT('Ctrl Pts',(-22.2500292007674,-28.4422396378985,4.84504467288617E-15));
#4699=CARTESIAN_POINT('Ctrl Pts',(-22.2500292007674,-28.4422396378985,-15.));
#4700=CARTESIAN_POINT('Ctrl Pts',(-25.9288963245271,-28.8165013438098,4.88442012842E-15));
#4701=CARTESIAN_POINT('Ctrl Pts',(-25.9288963245271,-28.8165013438098,-15.));
#4702=CARTESIAN_POINT('Ctrl Pts',(-27.582088878751,-29.1450138287027,-1.04604866435487E-11));
#4703=CARTESIAN_POINT('Ctrl Pts',(-27.582088878751,-29.1450138287027,-15.0000000000105));
#4704=CARTESIAN_POINT('Ctrl Pts',(-29.384153587476,-29.9258563267146,-1.04604866435487E-11));
#4705=CARTESIAN_POINT('Ctrl Pts',(-29.384153587476,-29.9258563267146,-15.0000000000105));
#4706=CARTESIAN_POINT('Ctrl Pts',(-29.8905730791357,-30.3042202794665,1.60694750401881E-15));
#4707=CARTESIAN_POINT('Ctrl Pts',(-29.8905730791357,-30.3042202794665,-15.));
#4708=CARTESIAN_POINT('Ctrl Pts',(-30.9395851608472,-31.3149693337907,1.65792515924598E-15));
#4709=CARTESIAN_POINT('Ctrl Pts',(-30.9395851608472,-31.3149693337907,-15.));
#4710=CARTESIAN_POINT('Ctrl Pts',(-31.4747066574483,-31.9768675202421,9.71445146547012E-16));
#4711=CARTESIAN_POINT('Ctrl Pts',(-31.4747066574483,-31.9768675202421,-15.));
#4712=CARTESIAN_POINT('Ctrl Pts',(-33.0834749641825,-33.6656235254258,9.71445146547012E-16));
#4713=CARTESIAN_POINT('Ctrl Pts',(-33.0834749641825,-33.6656235254258,-15.));
#4714=CARTESIAN_POINT('Ctrl Pts',(-34.4514700054735,-34.9725754944382,-3.49720252756924E-14));
#4715=CARTESIAN_POINT('Ctrl Pts',(-34.4514700054735,-34.9725754944382,-15.));
#4716=CARTESIAN_POINT('Ctrl Pts',(-38.9953643334169,-38.2264800993803,-3.49720252756924E-14));
#4717=CARTESIAN_POINT('Ctrl Pts',(-38.9953643334169,-38.2264800993803,-15.));
#4718=CARTESIAN_POINT('Ctrl Pts',(-40.4969701834228,-39.2256433231766,5.55111512312578E-16));
#4719=CARTESIAN_POINT('Ctrl Pts',(-40.4969701834228,-39.2256433231766,-15.));
#4720=CARTESIAN_POINT('Ctrl Pts',(-42.914829679479,-40.7888793295193,5.55111512312578E-16));
#4721=CARTESIAN_POINT('Ctrl Pts',(-42.914829679479,-40.7888793295193,-15.));
#4722=CARTESIAN_POINT('Ctrl Pts',(-43.5381970806421,-41.1849663646943,-5.16947595841089E-15));
#4723=CARTESIAN_POINT('Ctrl Pts',(-43.5381970806421,-41.1849663646943,-15.));
#4724=CARTESIAN_POINT('Ctrl Pts',(-45.3952555135346,-42.3758768620848,-5.16947595841089E-15));
#4725=CARTESIAN_POINT('Ctrl Pts',(-45.3952555135346,-42.3758768620848,-15.));
#4726=CARTESIAN_POINT('Ctrl Pts',(-46.1789643037439,-42.8811029491349,1.74394946053363E-16));
#4727=CARTESIAN_POINT('Ctrl Pts',(-46.1789643037439,-42.8811029491349,-15.));
#4728=CARTESIAN_POINT('Ctrl Pts',(-46.9642577982547,-43.386914605347,1.74394946053363E-16));
#4729=CARTESIAN_POINT('Ctrl Pts',(-46.9642577982547,-43.386914605347,-15.));
#4730=CARTESIAN_POINT('',(-9.22878849483785,-27.822842636505,-15.));
#4731=CARTESIAN_POINT('',(9.21999158819399,-27.8215457735601,-15.));
#4732=CARTESIAN_POINT('Ctrl Pts',(-9.22878849483785,-27.822842636505,-15.));
#4733=CARTESIAN_POINT('Ctrl Pts',(-7.66784445912835,-27.8175199590885,-14.1397147184992));
#4734=CARTESIAN_POINT('Ctrl Pts',(-5.96589785190302,-27.8223767320456,-13.2633818973558));
#4735=CARTESIAN_POINT('Ctrl Pts',(-2.73183688924923,-27.8324824205373,-12.7317505942118));
#4736=CARTESIAN_POINT('Ctrl Pts',(-2.15372589597412,-27.8341625344446,-12.6640380794996));
#4737=CARTESIAN_POINT('Ctrl Pts',(-1.16883357669359,-27.8362708207696,-12.5891842869357));
#4738=CARTESIAN_POINT('Ctrl Pts',(-0.755700636350085,-27.8369305799853,
-12.5698704304539));
#4739=CARTESIAN_POINT('Ctrl Pts',(0.112937577492292,-27.8376212413188,-12.5546410582451));
#4740=CARTESIAN_POINT('Ctrl Pts',(0.568041732826897,-27.8375366259068,-12.5618776850976));
#4741=CARTESIAN_POINT('Ctrl Pts',(1.66485579552716,-27.8363610772673,-12.6144917785612));
#4742=CARTESIAN_POINT('Ctrl Pts',(2.31619039273683,-27.834885603248,-12.675403121287));
#4743=CARTESIAN_POINT('Ctrl Pts',(3.70247850303053,-27.8310013650975,-12.8760263122773));
#4744=CARTESIAN_POINT('Ctrl Pts',(4.44531956905388,-27.8284557496213,-13.0288359754407));
#4745=CARTESIAN_POINT('Ctrl Pts',(6.20457181380395,-27.8230339010421,-13.5285663334474));
#4746=CARTESIAN_POINT('Ctrl Pts',(7.05186372857635,-27.8210512948469,-13.8837479959526));
#4747=CARTESIAN_POINT('Ctrl Pts',(8.29682435145996,-27.8202814311282,-14.4932953017955));
#4748=CARTESIAN_POINT('Ctrl Pts',(8.74740933742735,-27.8205069935514,-14.737380164094));
#4749=CARTESIAN_POINT('Ctrl Pts',(9.21999158819399,-27.8215457735601,-15.));
#4750=CARTESIAN_POINT('Ctrl Pts',(9.21999106461932,-27.8218131271637,-15.0000000000003));
#4751=CARTESIAN_POINT('Ctrl Pts',(7.63231144689721,-27.8187038785455,-15.0000000000002));
#4752=CARTESIAN_POINT('Ctrl Pts',(5.88971906023823,-27.8239284474008,-15.));
#4753=CARTESIAN_POINT('Ctrl Pts',(4.82367310440619,-27.8273064120404,-15.));
#4754=CARTESIAN_POINT('Ctrl Pts',(2.49742440509591,-27.8346775631679,-15.));
#4755=CARTESIAN_POINT('Ctrl Pts',(0.626390959671759,-27.8420212561781,-14.9999999999998));
#4756=CARTESIAN_POINT('Ctrl Pts',(-2.59924601512781,-27.8328127885705,-14.9999999999998));
#4757=CARTESIAN_POINT('Ctrl Pts',(-5.07746370569577,-27.8257380348066,-14.9999999999998));
#4758=CARTESIAN_POINT('Ctrl Pts',(-7.14946245260451,-27.8150730741561,-14.9999999999999));
#4759=CARTESIAN_POINT('Ctrl Pts',(-9.22878924465236,-27.8226364984733,-15.));
#4760=CARTESIAN_POINT('Origin',(0.227894252075806,-1.75507392420191,-15.));
#4761=CARTESIAN_POINT('Ctrl Pts',(-27.9278188939715,40.3137331383198,-15.));
#4762=CARTESIAN_POINT('Ctrl Pts',(-27.5006800559633,40.1706352367164,-15.));
#4763=CARTESIAN_POINT('Ctrl Pts',(-27.1056455661561,40.0010766822431,-15.));
#4764=CARTESIAN_POINT('Ctrl Pts',(-26.7361047238064,39.8175919246722,-15.));
#4765=CARTESIAN_POINT('Ctrl Pts',(-26.4590575207846,39.6800321936316,-15.));
#4766=CARTESIAN_POINT('Ctrl Pts',(-26.1964454037358,39.5346398213044,-15.));
#4767=CARTESIAN_POINT('Ctrl Pts',(-25.9450477049457,39.3870877103116,-15.));
#4768=CARTESIAN_POINT('Ctrl Pts',(-25.1741021297057,38.9345988942458,-15.));
#4769=CARTESIAN_POINT('Ctrl Pts',(-24.3882487543397,38.3879952240963,-15.));
#4770=CARTESIAN_POINT('Ctrl Pts',(-23.6004709706235,37.8360671971069,-15.));
#4771=CARTESIAN_POINT('Ctrl Pts',(-23.2090020851234,37.5617986735867,-15.));
#4772=CARTESIAN_POINT('Ctrl Pts',(-22.8184822039126,37.2867577508716,-15.));
#4773=CARTESIAN_POINT('Ctrl Pts',(-22.4290794018635,37.0212889421881,-15.));
#4774=CARTESIAN_POINT('Origin',(0.227894252075806,-1.75507392420191,-15.));
#4775=CARTESIAN_POINT('',(-30.7052846815325,-31.1042373160634,-15.));
#4776=CARTESIAN_POINT('',(-51.3235666953553,-44.1792864277511,-15.));
#4777=CARTESIAN_POINT('Ctrl Pts',(-30.7052846815325,-31.1042373160634,-15.));
#4778=CARTESIAN_POINT('Ctrl Pts',(-32.9165261631425,-31.6144803882096,-15.));
#4779=CARTESIAN_POINT('Ctrl Pts',(-34.2333825945078,-32.0807549655199,-15.));
#4780=CARTESIAN_POINT('Ctrl Pts',(-36.8596437307138,-33.3253443314408,-15.));
#4781=CARTESIAN_POINT('Ctrl Pts',(-38.1912847744128,-34.3116216189403,-15.));
#4782=CARTESIAN_POINT('Ctrl Pts',(-42.5458618141752,-37.7306084689365,-15.));
#4783=CARTESIAN_POINT('Ctrl Pts',(-46.7655891144433,-41.1437980361509,-15.));
#4784=CARTESIAN_POINT('Ctrl Pts',(-51.3235666953554,-44.1792864277511,-15.));
#4785=CARTESIAN_POINT('',(-46.9642577982547,-43.3869146053471,-15.));
#4786=CARTESIAN_POINT('Ctrl Pts',(-30.7052997590601,-31.1042229543732,-15.));
#4787=CARTESIAN_POINT('Ctrl Pts',(-31.1568019062086,-31.5782295625738,-15.));
#4788=CARTESIAN_POINT('Ctrl Pts',(-31.6231947333803,-32.132738399149,-15.));
#4789=CARTESIAN_POINT('Ctrl Pts',(-32.2365236301966,-32.7765619089208,-15.));
#4790=CARTESIAN_POINT('Ctrl Pts',(-33.0834749641825,-33.6656235254258,-15.));
#4791=CARTESIAN_POINT('Ctrl Pts',(-34.4514700054735,-34.9725754944382,-15.));
#4792=CARTESIAN_POINT('Ctrl Pts',(-37.5064209300669,-37.1602405596831,-15.));
#4793=CARTESIAN_POINT('Ctrl Pts',(-38.9953643334169,-38.2264800993803,-15.));
#4794=CARTESIAN_POINT('Ctrl Pts',(-40.4969701834228,-39.2256433231766,-15.));
#4795=CARTESIAN_POINT('Ctrl Pts',(-42.0826187591872,-40.2508240464916,-15.));
#4796=CARTESIAN_POINT('Ctrl Pts',(-42.914829679479,-40.7888793295193,-15.));
#4797=CARTESIAN_POINT('Ctrl Pts',(-43.5381970806421,-41.1849663646943,-15.));
#4798=CARTESIAN_POINT('Ctrl Pts',(-44.5557570210471,-41.837516006261,-15.));
#4799=CARTESIAN_POINT('Ctrl Pts',(-45.3952555135346,-42.3758768620848,-15.));
#4800=CARTESIAN_POINT('Ctrl Pts',(-46.1789643037439,-42.8811029491349,-15.));
#4801=CARTESIAN_POINT('Ctrl Pts',(-46.9642577982547,-43.386914605347,-15.));
#4802=CARTESIAN_POINT('Ctrl Pts',(-46.9642577982547,-43.3869146053471,-15.));
#4803=CARTESIAN_POINT('Ctrl Pts',(-47.986286087736,-43.6507731212256,-15.));
#4804=CARTESIAN_POINT('Ctrl Pts',(-49.5741636594812,-44.020953863217,-15.));
#4805=CARTESIAN_POINT('Ctrl Pts',(-51.3235663341944,-44.1792904180861,-15.));
#4806=CARTESIAN_POINT('Origin',(0.227894252075806,-1.75507392420191,-15.));
#4807=CARTESIAN_POINT('Ctrl Pts',(9.21999158819398,-27.8215457735601,-15.));
#4808=CARTESIAN_POINT('Ctrl Pts',(8.98744059948791,-27.7872599727747,-15.));
#4809=CARTESIAN_POINT('Ctrl Pts',(8.75704407467348,-27.7530933670173,-15.));
#4810=CARTESIAN_POINT('Ctrl Pts',(8.05652820031814,-27.6495585931795,-15.));
#4811=CARTESIAN_POINT('Ctrl Pts',(7.56764230938976,-27.5778064864967,-15.));
#4812=CARTESIAN_POINT('Ctrl Pts',(5.56913277294519,-27.2998331143061,-15.));
#4813=CARTESIAN_POINT('Ctrl Pts',(4.29226185485524,-27.1583623682053,-15.));
#4814=CARTESIAN_POINT('Ctrl Pts',(2.24636670291725,-27.0330273332807,-15.));
#4815=CARTESIAN_POINT('Ctrl Pts',(1.65334271656041,-27.008005582014,-15.));
#4816=CARTESIAN_POINT('Ctrl Pts',(0.560378003212359,-26.982653695579,-15.));
#4817=CARTESIAN_POINT('Ctrl Pts',(0.0574514522800406,-26.979067039975,-14.9999999999965));
#4818=CARTESIAN_POINT('Ctrl Pts',(-1.23066155598836,-26.991903244197,-14.9999999999965));
#4819=CARTESIAN_POINT('Ctrl Pts',(-2.01616686669908,-27.0196107487105,-15.));
#4820=CARTESIAN_POINT('Ctrl Pts',(-3.93417312790107,-27.1354724498424,-15.));
#4821=CARTESIAN_POINT('Ctrl Pts',(-5.00235731123207,-27.2402985746474,-15.));
#4822=CARTESIAN_POINT('Ctrl Pts',(-6.81062127810588,-27.4698227884693,-15.));
#4823=CARTESIAN_POINT('Ctrl Pts',(-7.45233001401351,-27.561249714461,-15.));
#4824=CARTESIAN_POINT('Ctrl Pts',(-8.47765260990759,-27.7115736779918,-15.));
#4825=CARTESIAN_POINT('Ctrl Pts',(-8.84865930534454,-27.7668071554233,-15.));
#4826=CARTESIAN_POINT('Ctrl Pts',(-9.22878849483785,-27.822842636505,-15.));
#4827=CARTESIAN_POINT('Origin',(0.227894252075806,-1.75507392420191,-15.));
#4828=CARTESIAN_POINT('',(51.2397257404415,-44.1233837474027,-15.));
#4829=CARTESIAN_POINT('',(31.2922209861701,-31.2436335017411,-15.));
#4830=CARTESIAN_POINT('Ctrl Pts',(51.2397257404415,-44.1233837474027,-15.));
#4831=CARTESIAN_POINT('Ctrl Pts',(48.8393464695492,-42.5209706843542,-15.));
#4832=CARTESIAN_POINT('Ctrl Pts',(46.4808647499965,-40.7867223109088,-15.));
#4833=CARTESIAN_POINT('Ctrl Pts',(42.2184454858427,-37.4959163779584,-15.));
#4834=CARTESIAN_POINT('Ctrl Pts',(40.6209102205258,-36.2097868968005,-15.));
#4835=CARTESIAN_POINT('Ctrl Pts',(37.6491095010372,-33.9079192315764,-15.));
#4836=CARTESIAN_POINT('Ctrl Pts',(36.3507364516018,-33.0136720797959,-15.));
#4837=CARTESIAN_POINT('Ctrl Pts',(33.8553309756416,-31.9614292297123,-15.));
#4838=CARTESIAN_POINT('Ctrl Pts',(32.8158966514926,-31.6164163795093,-15.));
#4839=CARTESIAN_POINT('Ctrl Pts',(31.2922209861701,-31.2436335017411,-15.));
#4840=CARTESIAN_POINT('',(47.4200463024063,-43.386914605347,-15.));
#4841=CARTESIAN_POINT('Ctrl Pts',(51.2397277486325,-44.1233664784276,-15.));
#4842=CARTESIAN_POINT('Ctrl Pts',(50.9050265863663,-44.0844444315169,-15.));
#4843=CARTESIAN_POINT('Ctrl Pts',(50.5721205031621,-44.0379809234962,-15.));
#4844=CARTESIAN_POINT('Ctrl Pts',(50.2426959249108,-43.985397261096,-15.));
#4845=CARTESIAN_POINT('Ctrl Pts',(49.2918358671657,-43.8336183485091,-15.));
#4846=CARTESIAN_POINT('Ctrl Pts',(48.3735880233344,-43.6330918451572,-15.));
#4847=CARTESIAN_POINT('Ctrl Pts',(47.4200463024063,-43.386914605347,-15.));
#4848=CARTESIAN_POINT('Ctrl Pts',(47.4200463024063,-43.386914605347,-15.));
#4849=CARTESIAN_POINT('Ctrl Pts',(46.6068601091288,-42.8631371156497,-15.));
#4850=CARTESIAN_POINT('Ctrl Pts',(45.7762798346959,-42.3276893991119,-15.0000000000009));
#4851=CARTESIAN_POINT('Ctrl Pts',(44.8884930469055,-41.7586218310044,-15.0000000000009));
#4852=CARTESIAN_POINT('Ctrl Pts',(43.1496533482872,-40.6440329542264,-15.0000000000009));
#4853=CARTESIAN_POINT('Ctrl Pts',(41.169299265267,-39.3854912474843,-15.0000000000048));
#4854=CARTESIAN_POINT('Ctrl Pts',(39.2924283000636,-38.0935406523991,-15.0000000000048));
#4855=CARTESIAN_POINT('Ctrl Pts',(35.1109277618012,-35.2151903507993,-15.0000000000048));
#4856=CARTESIAN_POINT('Ctrl Pts',(33.478039272546,-33.6133656151855,-15.0000000010987));
#4857=CARTESIAN_POINT('Ctrl Pts',(32.5663304672821,-32.6434168900081,-15.0000000010987));
#4858=CARTESIAN_POINT('Ctrl Pts',(32.0706012339839,-32.1160204942569,-15.0000000010987));
#4859=CARTESIAN_POINT('Ctrl Pts',(31.6719101377625,-31.6515906758563,-15.0000000006145));
#4860=CARTESIAN_POINT('Ctrl Pts',(31.2922652116054,-31.2435923497043,-15.000000000289));
#4861=CARTESIAN_POINT('Ctrl Pts',(66.5421990766148,-21.1782734492618,-7.38559272044084E-17));
#4862=CARTESIAN_POINT('Ctrl Pts',(66.5421990766148,-21.1782734492618,-15.));
#4863=CARTESIAN_POINT('Ctrl Pts',(67.3461551128665,-24.7260517247724,-7.38559272044084E-17));
#4864=CARTESIAN_POINT('Ctrl Pts',(67.3461551128665,-24.7260517247724,-15.));
#4865=CARTESIAN_POINT('Ctrl Pts',(68.1230188772618,-27.9714271615082,1.20079016174834E-9));
#4866=CARTESIAN_POINT('Ctrl Pts',(68.1230188772618,-27.9714271615082,-14.9999999987992));
#4867=CARTESIAN_POINT('Ctrl Pts',(67.6342891271081,-32.1607650210433,1.20079016174834E-9));
#4868=CARTESIAN_POINT('Ctrl Pts',(67.6342891271081,-32.1607650210433,-14.9999999987992));
#4869=CARTESIAN_POINT('Ctrl Pts',(67.2941047629708,-33.8849459976308,2.50215891487383E-17));
#4870=CARTESIAN_POINT('Ctrl Pts',(67.2941047629708,-33.8849459976308,-15.));
#4871=CARTESIAN_POINT('Ctrl Pts',(65.0516085171011,-37.8689368550542,-2.1566435163717E-17));
#4872=CARTESIAN_POINT('Ctrl Pts',(65.0516085171011,-37.8689368550542,-15.));
#4873=CARTESIAN_POINT('Ctrl Pts',(63.610976059917,-39.5931855706962,-1.73472347597681E-16));
#4874=CARTESIAN_POINT('Ctrl Pts',(63.610976059917,-39.5931855706962,-15.));
#4875=CARTESIAN_POINT('Ctrl Pts',(59.9988892958818,-42.6838229647782,-1.73472347597681E-16));
#4876=CARTESIAN_POINT('Ctrl Pts',(59.9988892958818,-42.6838229647782,-15.));
#4877=CARTESIAN_POINT('Ctrl Pts',(58.301427511343,-43.3639515754756,2.77555756156289E-16));
#4878=CARTESIAN_POINT('Ctrl Pts',(58.301427511343,-43.3639515754756,-15.));
#4879=CARTESIAN_POINT('Ctrl Pts',(56.0298075944213,-44.0982876137874,2.77555756156289E-16));
#4880=CARTESIAN_POINT('Ctrl Pts',(56.0298075944213,-44.0982876137874,-15.));
#4881=CARTESIAN_POINT('Ctrl Pts',(54.6660750042052,-44.2674177597622,-5.55111512312578E-16));
#4882=CARTESIAN_POINT('Ctrl Pts',(54.6660750042052,-44.2674177597622,-15.));
#4883=CARTESIAN_POINT('Ctrl Pts',(52.2547455410107,-44.2462373611084,-5.55111512312578E-16));
#4884=CARTESIAN_POINT('Ctrl Pts',(52.2547455410107,-44.2462373611084,-15.));
#4885=CARTESIAN_POINT('Ctrl Pts',(51.2329898445789,-44.1434707158008,-1.40114796982593E-16));
#4886=CARTESIAN_POINT('Ctrl Pts',(51.2329898445789,-44.1434707158008,-15.));
#4887=CARTESIAN_POINT('Ctrl Pts',(49.2918358671657,-43.8336183485091,-2.05501588486821E-16));
#4888=CARTESIAN_POINT('Ctrl Pts',(49.2918358671657,-43.8336183485091,-15.));
#4889=CARTESIAN_POINT('Ctrl Pts',(48.3735880233344,-43.6330918451572,-2.44591458126705E-17));
#4890=CARTESIAN_POINT('Ctrl Pts',(48.3735880233344,-43.6330918451572,-15.));
#4891=CARTESIAN_POINT('Ctrl Pts',(47.4200463024063,-43.386914605347,-2.44591458126705E-17));
#4892=CARTESIAN_POINT('Ctrl Pts',(47.4200463024063,-43.386914605347,-15.));
#4893=CARTESIAN_POINT('',(47.4200463024063,-43.386914605347,-8.6402415377342));
#4894=CARTESIAN_POINT('Ctrl Pts',(47.4200463024063,-43.386914605347,-8.6402415377342));
#4895=CARTESIAN_POINT('Ctrl Pts',(48.3985283160432,-43.639530716456,-10.079113715339));
#4896=CARTESIAN_POINT('Ctrl Pts',(49.7402439056009,-43.9489502730221,-12.163948781569));
#4897=CARTESIAN_POINT('Ctrl Pts',(51.2397257404415,-44.1233837474027,-15.));
#4898=CARTESIAN_POINT('',(47.4200463024063,-43.386914605347,1.12757025938492E-16));
#4899=CARTESIAN_POINT('Ctrl Pts',(-46.9642577982547,-43.3869146053471,4.09010306239728E-17));
#4900=CARTESIAN_POINT('Ctrl Pts',(-46.9642577982547,-43.3869146053471,-15.));
#4901=CARTESIAN_POINT('Ctrl Pts',(-48.0219479750755,-43.6599800020563,4.09010306239728E-17));
#4902=CARTESIAN_POINT('Ctrl Pts',(-48.0219479750755,-43.6599800020563,-15.));
#4903=CARTESIAN_POINT('Ctrl Pts',(-49.6856650171489,-44.0469169320828,-3.78743059549345E-14));
#4904=CARTESIAN_POINT('Ctrl Pts',(-49.6856650171489,-44.0469169320828,-15.));
#4905=CARTESIAN_POINT('Ctrl Pts',(-53.519159808972,-44.3587160908453,-3.77536482169056E-14));
#4906=CARTESIAN_POINT('Ctrl Pts',(-53.519159808972,-44.3587160908453,-15.));
#4907=CARTESIAN_POINT('Ctrl Pts',(-55.2546224912405,-44.1914197888573,7.88339330403202E-16));
#4908=CARTESIAN_POINT('Ctrl Pts',(-55.2546224912405,-44.1914197888573,-15.));
#4909=CARTESIAN_POINT('Ctrl Pts',(-57.8193139122964,-43.3782908356387,8.59561852421554E-16));
#4910=CARTESIAN_POINT('Ctrl Pts',(-57.8193139122964,-43.3782908356387,-15.));
#4911=CARTESIAN_POINT('Ctrl Pts',(-59.3831844618025,-42.742948688626,-8.32667268468867E-16));
#4912=CARTESIAN_POINT('Ctrl Pts',(-59.3831844618025,-42.742948688626,-15.));
#4913=CARTESIAN_POINT('Ctrl Pts',(-62.9890650607664,-39.7965761396044,-8.32667268468867E-16));
#4914=CARTESIAN_POINT('Ctrl Pts',(-62.9890650607664,-39.7965761396044,-15.));
#4915=CARTESIAN_POINT('Ctrl Pts',(-64.5959435317898,-37.9197611579051,3.25409296456075E-16));
#4916=CARTESIAN_POINT('Ctrl Pts',(-64.5959435317898,-37.9197611579051,-15.));
#4917=CARTESIAN_POINT('Ctrl Pts',(-66.8754860911388,-33.7624821611607,2.28555804164768E-16));
#4918=CARTESIAN_POINT('Ctrl Pts',(-66.8754860911388,-33.7624821611607,-15.));
#4919=CARTESIAN_POINT('Ctrl Pts',(-67.2012055445555,-32.0645850756927,4.00933453104102E-11));
#4920=CARTESIAN_POINT('Ctrl Pts',(-67.2012055445555,-32.0645850756927,-14.9999999999599));
#4921=CARTESIAN_POINT('Ctrl Pts',(-67.6442303763652,-27.8749533151171,4.00933453104102E-11));
#4922=CARTESIAN_POINT('Ctrl Pts',(-67.6442303763652,-27.8749533151171,-14.9999999999599));
#4923=CARTESIAN_POINT('Ctrl Pts',(-66.8784975799118,-24.6736748774816,1.61320290985359E-16));
#4924=CARTESIAN_POINT('Ctrl Pts',(-66.8784975799118,-24.6736748774816,-15.));
#4925=CARTESIAN_POINT('Ctrl Pts',(-66.0864105724632,-21.1782734492618,1.61320290985359E-16));
#4926=CARTESIAN_POINT('Ctrl Pts',(-66.0864105724632,-21.1782734492618,-15.));
#4927=CARTESIAN_POINT('',(-46.9642577982547,-43.3869146053471,-7.58096804811086));
#4928=CARTESIAN_POINT('Ctrl Pts',(-51.3235666953553,-44.1792864277511,-15.));
#4929=CARTESIAN_POINT('Ctrl Pts',(-49.5851103630331,-44.0218676999466,-11.564071160999));
#4930=CARTESIAN_POINT('Ctrl Pts',(-48.0188712542814,-43.6591856806164,-9.13287904802271));
#4931=CARTESIAN_POINT('Ctrl Pts',(-46.9642577982547,-43.3869146053471,-7.58096804811085));
#4932=CARTESIAN_POINT('',(-46.9642577982547,-43.3869146053471,-4.33680868994202E-17));
#4933=CARTESIAN_POINT('Ctrl Pts',(-33.6418155084128,40.4524548007975,4.35607018036898E-17));
#4934=CARTESIAN_POINT('Ctrl Pts',(-33.6418155084128,40.4524548007975,-15.));
#4935=CARTESIAN_POINT('Ctrl Pts',(-32.9699083942423,40.5751743852791,4.35607018036898E-17));
#4936=CARTESIAN_POINT('Ctrl Pts',(-32.9699083942423,40.5751743852791,-15.));
#4937=CARTESIAN_POINT('Ctrl Pts',(-32.3311442789481,40.6682831653192,4.35607018036898E-17));
#4938=CARTESIAN_POINT('Ctrl Pts',(-32.3311442789481,40.6682831653192,-15.));
#4939=CARTESIAN_POINT('Ctrl Pts',(-31.7124227920693,40.7180192722657,4.35607018036898E-17));
#4940=CARTESIAN_POINT('Ctrl Pts',(-31.7124227920693,40.7180192722657,-15.));
#4941=CARTESIAN_POINT('Ctrl Pts',(-30.8541677051948,40.7870103574202,4.35607018036898E-17));
#4942=CARTESIAN_POINT('Ctrl Pts',(-30.8541677051948,40.7870103574202,-15.));
#4943=CARTESIAN_POINT('Ctrl Pts',(-30.0327069770521,40.7722630512704,2.30734218465488E-16));
#4944=CARTESIAN_POINT('Ctrl Pts',(-30.0327069770521,40.7722630512704,-15.));
#4945=CARTESIAN_POINT('Ctrl Pts',(-29.2179315611723,40.6358790264461,2.30734218465488E-16));
#4946=CARTESIAN_POINT('Ctrl Pts',(-29.2179315611723,40.6358790264461,-15.));
#4947=CARTESIAN_POINT('Ctrl Pts',(-28.2630328912783,40.4760399820159,2.30734218465488E-16));
#4948=CARTESIAN_POINT('Ctrl Pts',(-28.2630328912783,40.4760399820159,-15.));
#4949=CARTESIAN_POINT('Ctrl Pts',(-27.451762239809,40.1729308501143,-2.25142223345351E-16));
#4950=CARTESIAN_POINT('Ctrl Pts',(-27.451762239809,40.1729308501143,-15.));
#4951=CARTESIAN_POINT('Ctrl Pts',(-26.7361047238064,39.8175919246722,2.89440214449714E-16));
#4952=CARTESIAN_POINT('Ctrl Pts',(-26.7361047238064,39.8175919246722,-15.));
#4953=CARTESIAN_POINT('Ctrl Pts',(-26.4590575207846,39.6800321936316,2.89440214449714E-16));
#4954=CARTESIAN_POINT('Ctrl Pts',(-26.4590575207846,39.6800321936316,-15.));
#4955=CARTESIAN_POINT('Ctrl Pts',(-26.1964454037358,39.5346398213044,-3.87800427814094E-16));
#4956=CARTESIAN_POINT('Ctrl Pts',(-26.1964454037358,39.5346398213044,-15.));
#4957=CARTESIAN_POINT('Ctrl Pts',(-25.9450477049457,39.3870877103116,-3.87800427814094E-16));
#4958=CARTESIAN_POINT('Ctrl Pts',(-25.9450477049457,39.3870877103116,-15.));
#4959=CARTESIAN_POINT('Ctrl Pts',(-25.1741021297057,38.9345988942458,-3.87800427814094E-16));
#4960=CARTESIAN_POINT('Ctrl Pts',(-25.1741021297057,38.9345988942458,-15.));
#4961=CARTESIAN_POINT('Ctrl Pts',(-24.3882487543397,38.3879952240963,-3.87800427814094E-16));
#4962=CARTESIAN_POINT('Ctrl Pts',(-24.3882487543397,38.3879952240963,-15.));
#4963=CARTESIAN_POINT('Ctrl Pts',(-23.6004709706235,37.8360671971069,-3.87800427814094E-16));
#4964=CARTESIAN_POINT('Ctrl Pts',(-23.6004709706235,37.8360671971069,-15.));
#4965=CARTESIAN_POINT('Ctrl Pts',(-22.3636584778565,36.9695392332584,-3.87800427814094E-16));
#4966=CARTESIAN_POINT('Ctrl Pts',(-22.3636584778565,36.9695392332584,-15.));
#4967=CARTESIAN_POINT('Ctrl Pts',(-21.1363188512895,36.0953012576539,-5.36619052236648E-17));
#4968=CARTESIAN_POINT('Ctrl Pts',(-21.1363188512895,36.0953012576539,-15.));
#4969=CARTESIAN_POINT('Ctrl Pts',(-19.9237526616238,35.5395877809398,-7.54109069814692E-17));
#4970=CARTESIAN_POINT('Ctrl Pts',(-19.9237526616238,35.5395877809398,-15.));
#4971=CARTESIAN_POINT('Ctrl Pts',(-19.4518281646813,35.3233069665995,-7.54109069814692E-17));
#4972=CARTESIAN_POINT('Ctrl Pts',(-19.4518281646813,35.3233069665995,-15.));
#4973=CARTESIAN_POINT('Ctrl Pts',(-18.9703878523559,35.1499031500021,-5.20273103640924E-17));
#4974=CARTESIAN_POINT('Ctrl Pts',(-18.9703878523559,35.1499031500021,-15.));
#4975=CARTESIAN_POINT('Ctrl Pts',(-18.4409125236122,35.0155675698199,-5.20273103640924E-17));
#4976=CARTESIAN_POINT('Ctrl Pts',(-18.4409125236122,35.0155675698199,-15.));
#4977=CARTESIAN_POINT('Ctrl Pts',(-17.7174854597722,34.832023617789,-5.20273103640924E-17));
#4978=CARTESIAN_POINT('Ctrl Pts',(-17.7174854597722,34.832023617789,-15.));
#4979=CARTESIAN_POINT('Ctrl Pts',(-16.89023286991,34.727003458912,-1.11022302462516E-15));
#4980=CARTESIAN_POINT('Ctrl Pts',(-16.89023286991,34.727003458912,-15.));
#4981=CARTESIAN_POINT('Ctrl Pts',(-15.9253121343294,34.6924897401382,-1.11022302462516E-15));
#4982=CARTESIAN_POINT('Ctrl Pts',(-15.9253121343294,34.6924897401382,-15.));
#4983=CARTESIAN_POINT('Ctrl Pts',(-15.1090704629159,34.6632940409892,-1.11022302462516E-15));
#4984=CARTESIAN_POINT('Ctrl Pts',(-15.1090704629159,34.6632940409892,-15.));
#4985=CARTESIAN_POINT('Ctrl Pts',(-14.11510893352,34.6855756935607,-1.21449732092387E-16));
#4986=CARTESIAN_POINT('Ctrl Pts',(-14.11510893352,34.6855756935607,-15.));
#4987=CARTESIAN_POINT('Ctrl Pts',(-12.3337317658707,34.7202941055763,-1.72196266677813E-18));
#4988=CARTESIAN_POINT('Ctrl Pts',(-12.3337317658707,34.7202941055763,-15.));
#4989=CARTESIAN_POINT('Ctrl Pts',(-11.69239169912,34.7327935970282,-1.72196266677813E-18));
#4990=CARTESIAN_POINT('Ctrl Pts',(-11.69239169912,34.7327935970282,-15.));
#4991=CARTESIAN_POINT('Ctrl Pts',(-10.9489067689282,34.7439504849158,-1.72196266677813E-18));
#4992=CARTESIAN_POINT('Ctrl Pts',(-10.9489067689282,34.7439504849158,-15.));
#4993=CARTESIAN_POINT('Ctrl Pts',(-10.074828295638,34.7532301509987,-1.72196266677813E-18));
#4994=CARTESIAN_POINT('Ctrl Pts',(-10.074828295638,34.7532301509987,-15.));
#4995=CARTESIAN_POINT('Ctrl Pts',(-9.42465937106775,34.760132678291,-1.72196266677813E-18));
#4996=CARTESIAN_POINT('Ctrl Pts',(-9.42465937106775,34.760132678291,-15.));
#4997=CARTESIAN_POINT('Ctrl Pts',(-8.66608083099898,34.7664052854303,-1.93989239235374E-16));
#4998=CARTESIAN_POINT('Ctrl Pts',(-8.66608083099898,34.7664052854303,-15.));
#4999=CARTESIAN_POINT('Ctrl Pts',(-7.7503775210924,34.7714790634265,-1.93989239235374E-16));
#5000=CARTESIAN_POINT('Ctrl Pts',(-7.7503775210924,34.7714790634265,-15.));
#5001=CARTESIAN_POINT('Ctrl Pts',(-5.60361483436477,34.7833739612228,-1.93989239235374E-16));
#5002=CARTESIAN_POINT('Ctrl Pts',(-5.60361483436477,34.7833739612228,-15.));
#5003=CARTESIAN_POINT('Ctrl Pts',(-2.74567485559856,34.7852108299824,-1.10526297611578E-16));
#5004=CARTESIAN_POINT('Ctrl Pts',(-2.74567485559856,34.7852108299824,-15.));
#5005=CARTESIAN_POINT('Ctrl Pts',(0.227894252075803,34.7852108299824,2.84279899630343E-16));
#5006=CARTESIAN_POINT('Ctrl Pts',(0.227894252075803,34.7852108299824,-15.));
#5007=CARTESIAN_POINT('Ctrl Pts',(4.8993430628929,34.7852108299824,2.84279899630343E-16));
#5008=CARTESIAN_POINT('Ctrl Pts',(4.8993430628929,34.7852108299824,-15.));
#5009=CARTESIAN_POINT('Ctrl Pts',(9.8563566332088,34.7774604291946,-5.94020783721242E-17));
#5010=CARTESIAN_POINT('Ctrl Pts',(9.8563566332088,34.7774604291946,-15.));
#5011=CARTESIAN_POINT('Ctrl Pts',(12.7895202700223,34.7202941055763,1.11022302462516E-15));
#5012=CARTESIAN_POINT('Ctrl Pts',(12.7895202700223,34.7202941055763,-15.));
#5013=CARTESIAN_POINT('Ctrl Pts',(13.2708246020224,34.7109136540881,1.11022302462516E-15));
#5014=CARTESIAN_POINT('Ctrl Pts',(13.2708246020224,34.7109136540881,-15.));
#5015=CARTESIAN_POINT('Ctrl Pts',(13.6845245025573,34.7011719750639,-2.02730393976887E-17));
#5016=CARTESIAN_POINT('Ctrl Pts',(13.6845245025573,34.7011719750639,-15.));
#5017=CARTESIAN_POINT('Ctrl Pts',(14.0845232228254,34.6931735711807,-2.02730393976887E-17));
#5018=CARTESIAN_POINT('Ctrl Pts',(14.0845232228254,34.6931735711807,-15.));
#5019=CARTESIAN_POINT('Ctrl Pts',(15.1849153664268,34.671170048798,-2.02730393976887E-17));
#5020=CARTESIAN_POINT('Ctrl Pts',(15.1849153664268,34.671170048798,-15.));
#5021=CARTESIAN_POINT('Ctrl Pts',(16.1398370290708,34.6625497945481,1.84839035066354E-16));
#5022=CARTESIAN_POINT('Ctrl Pts',(16.1398370290708,34.6625497945481,-15.));
#5023=CARTESIAN_POINT('Ctrl Pts',(17.0203512153247,34.7265172423211,1.84839035066354E-16));
#5024=CARTESIAN_POINT('Ctrl Pts',(17.0203512153247,34.7265172423211,-15.));
#5025=CARTESIAN_POINT('Ctrl Pts',(18.220937250262,34.8137372163837,1.84839035066354E-16));
#5026=CARTESIAN_POINT('Ctrl Pts',(18.220937250262,34.8137372163837,-15.));
#5027=CARTESIAN_POINT('Ctrl Pts',(19.2926301309097,35.0414614805268,1.888883873797E-16));
#5028=CARTESIAN_POINT('Ctrl Pts',(19.2926301309097,35.0414614805268,-15.));
#5029=CARTESIAN_POINT('Ctrl Pts',(20.3795411657754,35.5395877809398,-1.4512027799651E-17));
#5030=CARTESIAN_POINT('Ctrl Pts',(20.3795411657754,35.5395877809398,-15.));
#5031=CARTESIAN_POINT('Ctrl Pts',(21.1151030799387,35.8766924042931,-1.4512027799651E-17));
#5032=CARTESIAN_POINT('Ctrl Pts',(21.1151030799387,35.8766924042931,-15.));
#5033=CARTESIAN_POINT('Ctrl Pts',(21.8728414412849,36.3353395515273,2.45567940644233E-16));
#5034=CARTESIAN_POINT('Ctrl Pts',(21.8728414412849,36.3353395515273,-15.));
#5035=CARTESIAN_POINT('Ctrl Pts',(22.8264267946263,36.9823739306317,2.45567940644233E-16));
#5036=CARTESIAN_POINT('Ctrl Pts',(22.8264267946263,36.9823739306317,-15.));
#5037=CARTESIAN_POINT('Ctrl Pts',(23.3470090961017,37.3356036074799,2.45567940644233E-16));
#5038=CARTESIAN_POINT('Ctrl Pts',(23.3470090961017,37.3356036074799,-15.));
#5039=CARTESIAN_POINT('Ctrl Pts',(23.8492748542387,37.6920193391955,-9.09433157433054E-17));
#5040=CARTESIAN_POINT('Ctrl Pts',(23.8492748542387,37.6920193391955,-15.));
#5041=CARTESIAN_POINT('Ctrl Pts',(24.3347213308567,38.0308634569401,-9.09433157433054E-17));
#5042=CARTESIAN_POINT('Ctrl Pts',(24.3347213308567,38.0308634569401,-15.));
#5043=CARTESIAN_POINT('Ctrl Pts',(25.3052616919716,38.7083055813296,-9.09433157433054E-17));
#5044=CARTESIAN_POINT('Ctrl Pts',(25.3052616919716,38.7083055813296,-15.));
#5045=CARTESIAN_POINT('Ctrl Pts',(26.2193309447234,39.3346944088599,-1.71076532347594E-16));
#5046=CARTESIAN_POINT('Ctrl Pts',(26.2193309447234,39.3346944088599,-15.));
#5047=CARTESIAN_POINT('Ctrl Pts',(27.191893227958,39.8175919246722,-3.37733133485557E-16));
#5048=CARTESIAN_POINT('Ctrl Pts',(27.191893227958,39.8175919246722,-15.));
#5049=CARTESIAN_POINT('Ctrl Pts',(27.8671886434146,40.1528902229764,-3.37733133485557E-16));
#5050=CARTESIAN_POINT('Ctrl Pts',(27.8671886434146,40.1528902229764,-15.));
#5051=CARTESIAN_POINT('Ctrl Pts',(28.5905170082745,40.4140844634362,-2.44341512721546E-16));
#5052=CARTESIAN_POINT('Ctrl Pts',(28.5905170082745,40.4140844634362,-15.));
#5053=CARTESIAN_POINT('Ctrl Pts',(29.3159846901207,40.5680327673965,-2.44341512721546E-16));
#5054=CARTESIAN_POINT('Ctrl Pts',(29.3159846901207,40.5680327673965,-15.));
#5055=CARTESIAN_POINT('Ctrl Pts',(30.8050387297245,40.8840183717707,-2.44341512721546E-16));
#5056=CARTESIAN_POINT('Ctrl Pts',(30.8050387297245,40.8840183717707,-15.));
#5057=CARTESIAN_POINT('Ctrl Pts',(32.3518537093463,40.771305051526,-1.38048175414901E-16));
#5058=CARTESIAN_POINT('Ctrl Pts',(32.3518537093463,40.771305051526,-15.));
#5059=CARTESIAN_POINT('Ctrl Pts',(34.0976040125644,40.4524548007975,-1.38048175414901E-16));
#5060=CARTESIAN_POINT('Ctrl Pts',(34.0976040125644,40.4524548007975,-15.));
#5061=CARTESIAN_POINT('Ctrl Pts',(-33.6418155084128,40.4524548007975,4.35607018036898E-17));
#5062=CARTESIAN_POINT('Ctrl Pts',(-33.6418155084128,40.4524548007975,-15.));
#5063=CARTESIAN_POINT('Ctrl Pts',(-32.9699083942423,40.5751743852791,4.35607018036898E-17));
#5064=CARTESIAN_POINT('Ctrl Pts',(-32.9699083942423,40.5751743852791,-15.));
#5065=CARTESIAN_POINT('Ctrl Pts',(-32.3311442789481,40.6682831653192,4.35607018036898E-17));
#5066=CARTESIAN_POINT('Ctrl Pts',(-32.3311442789481,40.6682831653192,-15.));
#5067=CARTESIAN_POINT('Ctrl Pts',(-31.7124227920693,40.7180192722657,4.35607018036898E-17));
#5068=CARTESIAN_POINT('Ctrl Pts',(-31.7124227920693,40.7180192722657,-15.));
#5069=CARTESIAN_POINT('Ctrl Pts',(-30.8541677051948,40.7870103574202,4.35607018036898E-17));
#5070=CARTESIAN_POINT('Ctrl Pts',(-30.8541677051948,40.7870103574202,-15.));
#5071=CARTESIAN_POINT('Ctrl Pts',(-30.0327069770521,40.7722630512704,2.30734218465488E-16));
#5072=CARTESIAN_POINT('Ctrl Pts',(-30.0327069770521,40.7722630512704,-15.));
#5073=CARTESIAN_POINT('Ctrl Pts',(-29.2179315611723,40.6358790264461,2.30734218465488E-16));
#5074=CARTESIAN_POINT('Ctrl Pts',(-29.2179315611723,40.6358790264461,-15.));
#5075=CARTESIAN_POINT('Ctrl Pts',(-28.2630328912783,40.4760399820159,2.30734218465488E-16));
#5076=CARTESIAN_POINT('Ctrl Pts',(-28.2630328912783,40.4760399820159,-15.));
#5077=CARTESIAN_POINT('Ctrl Pts',(-27.451762239809,40.1729308501143,-2.25142223345351E-16));
#5078=CARTESIAN_POINT('Ctrl Pts',(-27.451762239809,40.1729308501143,-15.));
#5079=CARTESIAN_POINT('Ctrl Pts',(-26.7361047238064,39.8175919246722,2.89440214449714E-16));
#5080=CARTESIAN_POINT('Ctrl Pts',(-26.7361047238064,39.8175919246722,-15.));
#5081=CARTESIAN_POINT('Ctrl Pts',(-26.4590575207846,39.6800321936316,2.89440214449714E-16));
#5082=CARTESIAN_POINT('Ctrl Pts',(-26.4590575207846,39.6800321936316,-15.));
#5083=CARTESIAN_POINT('Ctrl Pts',(-26.1964454037358,39.5346398213044,-3.87800427814094E-16));
#5084=CARTESIAN_POINT('Ctrl Pts',(-26.1964454037358,39.5346398213044,-15.));
#5085=CARTESIAN_POINT('Ctrl Pts',(-25.9450477049457,39.3870877103116,-3.87800427814094E-16));
#5086=CARTESIAN_POINT('Ctrl Pts',(-25.9450477049457,39.3870877103116,-15.));
#5087=CARTESIAN_POINT('Ctrl Pts',(-25.1741021297057,38.9345988942458,-3.87800427814094E-16));
#5088=CARTESIAN_POINT('Ctrl Pts',(-25.1741021297057,38.9345988942458,-15.));
#5089=CARTESIAN_POINT('Ctrl Pts',(-24.3882487543397,38.3879952240963,-3.87800427814094E-16));
#5090=CARTESIAN_POINT('Ctrl Pts',(-24.3882487543397,38.3879952240963,-15.));
#5091=CARTESIAN_POINT('Ctrl Pts',(-23.6004709706235,37.8360671971069,-3.87800427814094E-16));
#5092=CARTESIAN_POINT('Ctrl Pts',(-23.6004709706235,37.8360671971069,-15.));
#5093=CARTESIAN_POINT('Ctrl Pts',(-22.3636584778565,36.9695392332584,-3.87800427814094E-16));
#5094=CARTESIAN_POINT('Ctrl Pts',(-22.3636584778565,36.9695392332584,-15.));
#5095=CARTESIAN_POINT('Ctrl Pts',(-21.1363188512895,36.0953012576539,-5.36619052236648E-17));
#5096=CARTESIAN_POINT('Ctrl Pts',(-21.1363188512895,36.0953012576539,-15.));
#5097=CARTESIAN_POINT('Ctrl Pts',(-19.9237526616238,35.5395877809398,-7.54109069814692E-17));
#5098=CARTESIAN_POINT('Ctrl Pts',(-19.9237526616238,35.5395877809398,-15.));
#5099=CARTESIAN_POINT('Ctrl Pts',(-19.4518281646813,35.3233069665995,-7.54109069814692E-17));
#5100=CARTESIAN_POINT('Ctrl Pts',(-19.4518281646813,35.3233069665995,-15.));
#5101=CARTESIAN_POINT('Ctrl Pts',(-18.9703878523559,35.1499031500021,-5.20273103640924E-17));
#5102=CARTESIAN_POINT('Ctrl Pts',(-18.9703878523559,35.1499031500021,-15.));
#5103=CARTESIAN_POINT('Ctrl Pts',(-18.4409125236122,35.0155675698199,-5.20273103640924E-17));
#5104=CARTESIAN_POINT('Ctrl Pts',(-18.4409125236122,35.0155675698199,-15.));
#5105=CARTESIAN_POINT('Ctrl Pts',(-17.7174854597722,34.832023617789,-5.20273103640924E-17));
#5106=CARTESIAN_POINT('Ctrl Pts',(-17.7174854597722,34.832023617789,-15.));
#5107=CARTESIAN_POINT('Ctrl Pts',(-16.89023286991,34.727003458912,-1.11022302462516E-15));
#5108=CARTESIAN_POINT('Ctrl Pts',(-16.89023286991,34.727003458912,-15.));
#5109=CARTESIAN_POINT('Ctrl Pts',(-15.9253121343294,34.6924897401382,-1.11022302462516E-15));
#5110=CARTESIAN_POINT('Ctrl Pts',(-15.9253121343294,34.6924897401382,-15.));
#5111=CARTESIAN_POINT('Ctrl Pts',(-15.1090704629159,34.6632940409892,-1.11022302462516E-15));
#5112=CARTESIAN_POINT('Ctrl Pts',(-15.1090704629159,34.6632940409892,-15.));
#5113=CARTESIAN_POINT('Ctrl Pts',(-14.11510893352,34.6855756935607,-1.21449732092387E-16));
#5114=CARTESIAN_POINT('Ctrl Pts',(-14.11510893352,34.6855756935607,-15.));
#5115=CARTESIAN_POINT('Ctrl Pts',(-12.3337317658707,34.7202941055763,-1.72196266677813E-18));
#5116=CARTESIAN_POINT('Ctrl Pts',(-12.3337317658707,34.7202941055763,-15.));
#5117=CARTESIAN_POINT('Ctrl Pts',(-11.69239169912,34.7327935970282,-1.72196266677813E-18));
#5118=CARTESIAN_POINT('Ctrl Pts',(-11.69239169912,34.7327935970282,-15.));
#5119=CARTESIAN_POINT('Ctrl Pts',(-10.9489067689282,34.7439504849158,-1.72196266677813E-18));
#5120=CARTESIAN_POINT('Ctrl Pts',(-10.9489067689282,34.7439504849158,-15.));
#5121=CARTESIAN_POINT('Ctrl Pts',(-10.074828295638,34.7532301509987,-1.72196266677813E-18));
#5122=CARTESIAN_POINT('Ctrl Pts',(-10.074828295638,34.7532301509987,-15.));
#5123=CARTESIAN_POINT('Ctrl Pts',(-9.42465937106775,34.760132678291,-1.72196266677813E-18));
#5124=CARTESIAN_POINT('Ctrl Pts',(-9.42465937106775,34.760132678291,-15.));
#5125=CARTESIAN_POINT('Ctrl Pts',(-8.66608083099898,34.7664052854303,-1.93989239235374E-16));
#5126=CARTESIAN_POINT('Ctrl Pts',(-8.66608083099898,34.7664052854303,-15.));
#5127=CARTESIAN_POINT('Ctrl Pts',(-7.7503775210924,34.7714790634265,-1.93989239235374E-16));
#5128=CARTESIAN_POINT('Ctrl Pts',(-7.7503775210924,34.7714790634265,-15.));
#5129=CARTESIAN_POINT('Ctrl Pts',(-5.60361483436477,34.7833739612228,-1.93989239235374E-16));
#5130=CARTESIAN_POINT('Ctrl Pts',(-5.60361483436477,34.7833739612228,-15.));
#5131=CARTESIAN_POINT('Ctrl Pts',(-2.74567485559856,34.7852108299824,-1.10526297611578E-16));
#5132=CARTESIAN_POINT('Ctrl Pts',(-2.74567485559856,34.7852108299824,-15.));
#5133=CARTESIAN_POINT('Ctrl Pts',(0.227894252075803,34.7852108299824,2.84279899630343E-16));
#5134=CARTESIAN_POINT('Ctrl Pts',(0.227894252075803,34.7852108299824,-15.));
#5135=CARTESIAN_POINT('Ctrl Pts',(4.8993430628929,34.7852108299824,2.84279899630343E-16));
#5136=CARTESIAN_POINT('Ctrl Pts',(4.8993430628929,34.7852108299824,-15.));
#5137=CARTESIAN_POINT('Ctrl Pts',(9.8563566332088,34.7774604291946,-5.94020783721242E-17));
#5138=CARTESIAN_POINT('Ctrl Pts',(9.8563566332088,34.7774604291946,-15.));
#5139=CARTESIAN_POINT('Ctrl Pts',(12.7895202700223,34.7202941055763,1.11022302462516E-15));
#5140=CARTESIAN_POINT('Ctrl Pts',(12.7895202700223,34.7202941055763,-15.));
#5141=CARTESIAN_POINT('Ctrl Pts',(13.2708246020224,34.7109136540881,1.11022302462516E-15));
#5142=CARTESIAN_POINT('Ctrl Pts',(13.2708246020224,34.7109136540881,-15.));
#5143=CARTESIAN_POINT('Ctrl Pts',(13.6845245025573,34.7011719750639,-2.02730393976887E-17));
#5144=CARTESIAN_POINT('Ctrl Pts',(13.6845245025573,34.7011719750639,-15.));
#5145=CARTESIAN_POINT('Ctrl Pts',(14.0845232228254,34.6931735711807,-2.02730393976887E-17));
#5146=CARTESIAN_POINT('Ctrl Pts',(14.0845232228254,34.6931735711807,-15.));
#5147=CARTESIAN_POINT('Ctrl Pts',(15.1849153664268,34.671170048798,-2.02730393976887E-17));
#5148=CARTESIAN_POINT('Ctrl Pts',(15.1849153664268,34.671170048798,-15.));
#5149=CARTESIAN_POINT('Ctrl Pts',(16.1398370290708,34.6625497945481,1.84839035066354E-16));
#5150=CARTESIAN_POINT('Ctrl Pts',(16.1398370290708,34.6625497945481,-15.));
#5151=CARTESIAN_POINT('Ctrl Pts',(17.0203512153247,34.7265172423211,1.84839035066354E-16));
#5152=CARTESIAN_POINT('Ctrl Pts',(17.0203512153247,34.7265172423211,-15.));
#5153=CARTESIAN_POINT('Ctrl Pts',(18.220937250262,34.8137372163837,1.84839035066354E-16));
#5154=CARTESIAN_POINT('Ctrl Pts',(18.220937250262,34.8137372163837,-15.));
#5155=CARTESIAN_POINT('Ctrl Pts',(19.2926301309097,35.0414614805268,1.888883873797E-16));
#5156=CARTESIAN_POINT('Ctrl Pts',(19.2926301309097,35.0414614805268,-15.));
#5157=CARTESIAN_POINT('Ctrl Pts',(20.3795411657754,35.5395877809398,-1.4512027799651E-17));
#5158=CARTESIAN_POINT('Ctrl Pts',(20.3795411657754,35.5395877809398,-15.));
#5159=CARTESIAN_POINT('Ctrl Pts',(21.1151030799387,35.8766924042931,-1.4512027799651E-17));
#5160=CARTESIAN_POINT('Ctrl Pts',(21.1151030799387,35.8766924042931,-15.));
#5161=CARTESIAN_POINT('Ctrl Pts',(21.8728414412849,36.3353395515273,2.45567940644233E-16));
#5162=CARTESIAN_POINT('Ctrl Pts',(21.8728414412849,36.3353395515273,-15.));
#5163=CARTESIAN_POINT('Ctrl Pts',(22.8264267946263,36.9823739306317,2.45567940644233E-16));
#5164=CARTESIAN_POINT('Ctrl Pts',(22.8264267946263,36.9823739306317,-15.));
#5165=CARTESIAN_POINT('Ctrl Pts',(23.3470090961017,37.3356036074799,2.45567940644233E-16));
#5166=CARTESIAN_POINT('Ctrl Pts',(23.3470090961017,37.3356036074799,-15.));
#5167=CARTESIAN_POINT('Ctrl Pts',(23.8492748542387,37.6920193391955,-9.09433157433054E-17));
#5168=CARTESIAN_POINT('Ctrl Pts',(23.8492748542387,37.6920193391955,-15.));
#5169=CARTESIAN_POINT('Ctrl Pts',(24.3347213308567,38.0308634569401,-9.09433157433054E-17));
#5170=CARTESIAN_POINT('Ctrl Pts',(24.3347213308567,38.0308634569401,-15.));
#5171=CARTESIAN_POINT('Ctrl Pts',(25.3052616919716,38.7083055813296,-9.09433157433054E-17));
#5172=CARTESIAN_POINT('Ctrl Pts',(25.3052616919716,38.7083055813296,-15.));
#5173=CARTESIAN_POINT('Ctrl Pts',(26.2193309447234,39.3346944088599,-1.71076532347594E-16));
#5174=CARTESIAN_POINT('Ctrl Pts',(26.2193309447234,39.3346944088599,-15.));
#5175=CARTESIAN_POINT('Ctrl Pts',(27.191893227958,39.8175919246722,-3.37733133485557E-16));
#5176=CARTESIAN_POINT('Ctrl Pts',(27.191893227958,39.8175919246722,-15.));
#5177=CARTESIAN_POINT('Ctrl Pts',(27.8671886434146,40.1528902229764,-3.37733133485557E-16));
#5178=CARTESIAN_POINT('Ctrl Pts',(27.8671886434146,40.1528902229764,-15.));
#5179=CARTESIAN_POINT('Ctrl Pts',(28.5905170082745,40.4140844634362,-2.44341512721546E-16));
#5180=CARTESIAN_POINT('Ctrl Pts',(28.5905170082745,40.4140844634362,-15.));
#5181=CARTESIAN_POINT('Ctrl Pts',(29.3159846901207,40.5680327673965,-2.44341512721546E-16));
#5182=CARTESIAN_POINT('Ctrl Pts',(29.3159846901207,40.5680327673965,-15.));
#5183=CARTESIAN_POINT('Ctrl Pts',(30.8050387297245,40.8840183717707,-2.44341512721546E-16));
#5184=CARTESIAN_POINT('Ctrl Pts',(30.8050387297245,40.8840183717707,-15.));
#5185=CARTESIAN_POINT('Ctrl Pts',(32.3518537093463,40.771305051526,-1.38048175414901E-16));
#5186=CARTESIAN_POINT('Ctrl Pts',(32.3518537093463,40.771305051526,-15.));
#5187=CARTESIAN_POINT('Ctrl Pts',(34.0976040125644,40.4524548007975,-1.38048175414901E-16));
#5188=CARTESIAN_POINT('Ctrl Pts',(34.0976040125644,40.4524548007975,-15.));
#5189=CARTESIAN_POINT('Ctrl Pts',(47.4200463024063,-43.386914605347,3.99286919715385E-17));
#5190=CARTESIAN_POINT('Ctrl Pts',(47.4200463024063,-43.386914605347,-15.));
#5191=CARTESIAN_POINT('Ctrl Pts',(46.6068601091288,-42.8631371156497,3.99286919715385E-17));
#5192=CARTESIAN_POINT('Ctrl Pts',(46.6068601091288,-42.8631371156497,-15.));
#5193=CARTESIAN_POINT('Ctrl Pts',(45.7762798346959,-42.3276893991119,-9.24317417214187E-13));
#5194=CARTESIAN_POINT('Ctrl Pts',(45.7762798346959,-42.3276893991119,-15.0000000000009));
#5195=CARTESIAN_POINT('Ctrl Pts',(43.1496533482872,-40.6440329542264,-9.24149517680252E-13));
#5196=CARTESIAN_POINT('Ctrl Pts',(43.1496533482872,-40.6440329542264,-15.0000000000009));
#5197=CARTESIAN_POINT('Ctrl Pts',(41.169299265267,-39.3854912474843,-4.83890705282874E-12));
#5198=CARTESIAN_POINT('Ctrl Pts',(41.169299265267,-39.3854912474843,-15.0000000000048));
#5199=CARTESIAN_POINT('Ctrl Pts',(35.1109277618012,-35.2151903507993,-4.83890705282874E-12));
#5200=CARTESIAN_POINT('Ctrl Pts',(35.1109277618012,-35.2151903507993,-15.0000000000048));
#5201=CARTESIAN_POINT('Ctrl Pts',(33.478039272546,-33.6133656151855,-1.09870142251151E-9));
#5202=CARTESIAN_POINT('Ctrl Pts',(33.478039272546,-33.6133656151855,-15.0000000010987));
#5203=CARTESIAN_POINT('Ctrl Pts',(31.819605202766,-31.8489908471823,-1.09870126922272E-9));
#5204=CARTESIAN_POINT('Ctrl Pts',(31.819605202766,-31.8489908471823,-15.0000000010987));
#5205=CARTESIAN_POINT('Ctrl Pts',(31.2930585255669,-31.1974353547078,-8.32667268468867E-16));
#5206=CARTESIAN_POINT('Ctrl Pts',(31.2930585255669,-31.1974353547078,-15.));
#5207=CARTESIAN_POINT('Ctrl Pts',(30.1531293491536,-30.1408918188194,-8.32667268468867E-16));
#5208=CARTESIAN_POINT('Ctrl Pts',(30.1531293491536,-30.1408918188194,-15.));
#5209=CARTESIAN_POINT('Ctrl Pts',(29.5819276471417,-29.7713631411649,-1.22404798970355E-12));
#5210=CARTESIAN_POINT('Ctrl Pts',(29.5819276471417,-29.7713631411649,-15.0000000000012));
#5211=CARTESIAN_POINT('Ctrl Pts',(27.8517642021569,-29.141040596096,-1.22404798970355E-12));
#5212=CARTESIAN_POINT('Ctrl Pts',(27.8517642021569,-29.141040596096,-15.0000000000012));
#5213=CARTESIAN_POINT('Ctrl Pts',(26.6515500664801,-28.9158036132555,-3.12250225675825E-16));
#5214=CARTESIAN_POINT('Ctrl Pts',(26.6515500664801,-28.9158036132555,-15.));
#5215=CARTESIAN_POINT('Ctrl Pts',(23.8227185865608,-28.52043678176,-3.12250225675825E-16));
#5216=CARTESIAN_POINT('Ctrl Pts',(23.8227185865608,-28.52043678176,-15.));
#5217=CARTESIAN_POINT('Ctrl Pts',(22.1059593680285,-28.4076391806444,-1.99731865463758E-11));
#5218=CARTESIAN_POINT('Ctrl Pts',(22.1059593680285,-28.4076391806444,-15.00000000002));
#5219=CARTESIAN_POINT('Ctrl Pts',(18.8452886670448,-28.1416764762718,-1.99730790166751E-11));
#5220=CARTESIAN_POINT('Ctrl Pts',(18.8452886670448,-28.1416764762718,-15.00000000002));
#5221=CARTESIAN_POINT('Ctrl Pts',(17.8152636343965,-28.0469518416808,-6.84503113194482E-15));
#5222=CARTESIAN_POINT('Ctrl Pts',(17.8152636343965,-28.0469518416808,-15.));
#5223=CARTESIAN_POINT('Ctrl Pts',(15.5423949904569,-27.9223361425785,-6.76772526846144E-15));
#5224=CARTESIAN_POINT('Ctrl Pts',(15.5423949904569,-27.9223361425785,-15.));
#5225=CARTESIAN_POINT('Ctrl Pts',(14.59125832298,-27.8893737366381,-3.0001208521266E-13));
#5226=CARTESIAN_POINT('Ctrl Pts',(14.59125832298,-27.8893737366381,-15.0000000000003));
#5227=CARTESIAN_POINT('Ctrl Pts',(12.6025822229749,-27.8441586875392,-2.99972809524695E-13));
#5228=CARTESIAN_POINT('Ctrl Pts',(12.6025822229749,-27.8441586875392,-15.0000000000003));
#5229=CARTESIAN_POINT('Ctrl Pts',(11.4864013897741,-27.8322644691203,-3.43024220139654E-13));
#5230=CARTESIAN_POINT('Ctrl Pts',(11.4864013897741,-27.8322644691203,-15.0000000000003));
#5231=CARTESIAN_POINT('Ctrl Pts',(8.61181493789938,-27.8157801494368,-3.43024220139654E-13));
#5232=CARTESIAN_POINT('Ctrl Pts',(8.61181493789938,-27.8157801494368,-15.0000000000003));
#5233=CARTESIAN_POINT('Ctrl Pts',(6.17455532105883,-27.8230258907972,-5.03069808033274E-16));
#5234=CARTESIAN_POINT('Ctrl Pts',(6.17455532105883,-27.8230258907972,-15.));
#5235=CARTESIAN_POINT('Ctrl Pts',(2.49742440509591,-27.8346775631679,-5.03069808033274E-16));
#5236=CARTESIAN_POINT('Ctrl Pts',(2.49742440509591,-27.8346775631679,-15.));
#5237=CARTESIAN_POINT('Ctrl Pts',(0.626390959671759,-27.8420212561781,2.07380724792089E-13));
#5238=CARTESIAN_POINT('Ctrl Pts',(0.626390959671759,-27.8420212561781,-14.9999999999998));
#5239=CARTESIAN_POINT('Ctrl Pts',(-5.56705387899368,-27.824340365048,2.07399548320028E-13));
#5240=CARTESIAN_POINT('Ctrl Pts',(-5.56705387899368,-27.824340365048,-14.9999999999998));
#5241=CARTESIAN_POINT('Ctrl Pts',(-7.95228542090217,-27.8107190690869,-2.98963485076447E-17));
#5242=CARTESIAN_POINT('Ctrl Pts',(-7.95228542090217,-27.8107190690869,-15.));
#5243=CARTESIAN_POINT('Ctrl Pts',(-11.4144456916019,-27.8364865615683,-3.65069582664882E-17));
#5244=CARTESIAN_POINT('Ctrl Pts',(-11.4144456916019,-27.8364865615683,-15.));
#5245=CARTESIAN_POINT('Ctrl Pts',(-12.4439646996272,-27.8492802140847,-7.26065258263575E-13));
#5246=CARTESIAN_POINT('Ctrl Pts',(-12.4439646996272,-27.8492802140847,-15.0000000000007));
#5247=CARTESIAN_POINT('Ctrl Pts',(-14.4753197610101,-27.8993604038281,-7.26065258263575E-13));
#5248=CARTESIAN_POINT('Ctrl Pts',(-14.4753197610101,-27.8993604038281,-15.0000000000007));
#5249=CARTESIAN_POINT('Ctrl Pts',(-15.5784679719498,-27.9418888393664,-3.46944695195361E-16));
#5250=CARTESIAN_POINT('Ctrl Pts',(-15.5784679719498,-27.9418888393664,-15.));
#5251=CARTESIAN_POINT('Ctrl Pts',(-17.4170639587551,-28.0599478291662,-3.46944695195361E-16));
#5252=CARTESIAN_POINT('Ctrl Pts',(-17.4170639587551,-28.0599478291662,-15.));
#5253=CARTESIAN_POINT('Ctrl Pts',(-17.9538387518128,-28.1035664858527,1.45027246060105E-15));
#5254=CARTESIAN_POINT('Ctrl Pts',(-17.9538387518128,-28.1035664858527,-15.));
#5255=CARTESIAN_POINT('Ctrl Pts',(-20.5817358647871,-28.3225588782133,1.25037615729991E-15));
#5256=CARTESIAN_POINT('Ctrl Pts',(-20.5817358647871,-28.3225588782133,-15.));
#5257=CARTESIAN_POINT('Ctrl Pts',(-22.2500292007674,-28.4422396378985,4.84504467288617E-15));
#5258=CARTESIAN_POINT('Ctrl Pts',(-22.2500292007674,-28.4422396378985,-15.));
#5259=CARTESIAN_POINT('Ctrl Pts',(-25.9288963245271,-28.8165013438098,4.88442012842E-15));
#5260=CARTESIAN_POINT('Ctrl Pts',(-25.9288963245271,-28.8165013438098,-15.));
#5261=CARTESIAN_POINT('Ctrl Pts',(-27.582088878751,-29.1450138287027,-1.04604866435487E-11));
#5262=CARTESIAN_POINT('Ctrl Pts',(-27.582088878751,-29.1450138287027,-15.0000000000105));
#5263=CARTESIAN_POINT('Ctrl Pts',(-29.384153587476,-29.9258563267146,-1.04604866435487E-11));
#5264=CARTESIAN_POINT('Ctrl Pts',(-29.384153587476,-29.9258563267146,-15.0000000000105));
#5265=CARTESIAN_POINT('Ctrl Pts',(-29.8905730791357,-30.3042202794665,1.60694750401881E-15));
#5266=CARTESIAN_POINT('Ctrl Pts',(-29.8905730791357,-30.3042202794665,-15.));
#5267=CARTESIAN_POINT('Ctrl Pts',(-30.9395851608472,-31.3149693337907,1.65792515924598E-15));
#5268=CARTESIAN_POINT('Ctrl Pts',(-30.9395851608472,-31.3149693337907,-15.));
#5269=CARTESIAN_POINT('Ctrl Pts',(-31.4747066574483,-31.9768675202421,9.71445146547012E-16));
#5270=CARTESIAN_POINT('Ctrl Pts',(-31.4747066574483,-31.9768675202421,-15.));
#5271=CARTESIAN_POINT('Ctrl Pts',(-33.0834749641825,-33.6656235254258,9.71445146547012E-16));
#5272=CARTESIAN_POINT('Ctrl Pts',(-33.0834749641825,-33.6656235254258,-15.));
#5273=CARTESIAN_POINT('Ctrl Pts',(-34.4514700054735,-34.9725754944382,-3.49720252756924E-14));
#5274=CARTESIAN_POINT('Ctrl Pts',(-34.4514700054735,-34.9725754944382,-15.));
#5275=CARTESIAN_POINT('Ctrl Pts',(-38.9953643334169,-38.2264800993803,-3.49720252756924E-14));
#5276=CARTESIAN_POINT('Ctrl Pts',(-38.9953643334169,-38.2264800993803,-15.));
#5277=CARTESIAN_POINT('Ctrl Pts',(-40.4969701834228,-39.2256433231766,5.55111512312578E-16));
#5278=CARTESIAN_POINT('Ctrl Pts',(-40.4969701834228,-39.2256433231766,-15.));
#5279=CARTESIAN_POINT('Ctrl Pts',(-42.914829679479,-40.7888793295193,5.55111512312578E-16));
#5280=CARTESIAN_POINT('Ctrl Pts',(-42.914829679479,-40.7888793295193,-15.));
#5281=CARTESIAN_POINT('Ctrl Pts',(-43.5381970806421,-41.1849663646943,-5.16947595841089E-15));
#5282=CARTESIAN_POINT('Ctrl Pts',(-43.5381970806421,-41.1849663646943,-15.));
#5283=CARTESIAN_POINT('Ctrl Pts',(-45.3952555135346,-42.3758768620848,-5.16947595841089E-15));
#5284=CARTESIAN_POINT('Ctrl Pts',(-45.3952555135346,-42.3758768620848,-15.));
#5285=CARTESIAN_POINT('Ctrl Pts',(-46.1789643037439,-42.8811029491349,1.74394946053363E-16));
#5286=CARTESIAN_POINT('Ctrl Pts',(-46.1789643037439,-42.8811029491349,-15.));
#5287=CARTESIAN_POINT('Ctrl Pts',(-46.9642577982547,-43.386914605347,1.74394946053363E-16));
#5288=CARTESIAN_POINT('Ctrl Pts',(-46.9642577982547,-43.386914605347,-15.));
#5289=CARTESIAN_POINT('',(-44.6371571669656,-41.889724797701,-7.00000000085641));
#5290=CARTESIAN_POINT('',(-32.6510285502041,-33.2014957023315,-7.00000000004541));
#5291=CARTESIAN_POINT('Ctrl Pts',(-44.6371569802737,-41.8897250887297,-7.00000000085642));
#5292=CARTESIAN_POINT('Ctrl Pts',(-44.6100808897786,-41.8723560590433,-7.00000000085642));
#5293=CARTESIAN_POINT('Ctrl Pts',(-44.5829482199001,-41.8549534134944,-7.00000000085642));
#5294=CARTESIAN_POINT('Ctrl Pts',(-44.5557570210471,-41.837516006261,-7.00000000085642));
#5295=CARTESIAN_POINT('Ctrl Pts',(-43.5381970806421,-41.1849663646943,-7.00000000085642));
#5296=CARTESIAN_POINT('Ctrl Pts',(-42.914829679479,-40.7888793295193,-7.00000000085641));
#5297=CARTESIAN_POINT('Ctrl Pts',(-42.0826187591872,-40.2508240464916,-7.00000000085641));
#5298=CARTESIAN_POINT('Ctrl Pts',(-40.4969701834228,-39.2256433231766,-7.00000000085641));
#5299=CARTESIAN_POINT('Ctrl Pts',(-38.9953643334169,-38.2264800993803,-7.00000000085645));
#5300=CARTESIAN_POINT('Ctrl Pts',(-37.5064209300669,-37.1602405596831,-7.00000000085645));
#5301=CARTESIAN_POINT('Ctrl Pts',(-34.9044314243019,-35.2969433472562,-7.00000000085645));
#5302=CARTESIAN_POINT('Ctrl Pts',(-33.5262303133166,-34.0725522715979,-7.00000000085642));
#5303=CARTESIAN_POINT('Ctrl Pts',(-32.6514241633534,-33.2010985672752,-7.00000000085641));
#5304=CARTESIAN_POINT('Ctrl Pts',(-46.9642577982547,-43.386914605347,-7.58096804811086));
#5305=CARTESIAN_POINT('Ctrl Pts',(-46.0553254755326,-42.8014665317867,-7.40038251503626));
#5306=CARTESIAN_POINT('Ctrl Pts',(-45.2867280948523,-42.3064115229688,-7.19784544960568));
#5307=CARTESIAN_POINT('Ctrl Pts',(-44.6371571669656,-41.889724797701,-7.00000000171281));
#5308=CARTESIAN_POINT('Ctrl Pts',(-32.6510285502041,-33.2014957023315,-7.00000000009082));
#5309=CARTESIAN_POINT('Ctrl Pts',(-32.5618784122596,-33.1123290974345,-7.30492739294796));
#5310=CARTESIAN_POINT('Ctrl Pts',(-32.4750315447471,-33.0240149108677,-7.61521148497056));
#5311=CARTESIAN_POINT('Ctrl Pts',(-31.7676599909797,-32.2942752844119,-10.2296363886148));
#5312=CARTESIAN_POINT('Ctrl Pts',(-31.2086706896246,-31.632785764822,-12.9171257669564));
#5313=CARTESIAN_POINT('Ctrl Pts',(-30.7052846815325,-31.1042373160634,-15.));
#5314=CARTESIAN_POINT('Ctrl Pts',(60.0621253844536,-52.6444943809867,-3.78751875000426));
#5315=CARTESIAN_POINT('Ctrl Pts',(60.4023358327288,-52.5712209606863,-4.60519393736014));
#5316=CARTESIAN_POINT('Ctrl Pts',(60.7454915973673,-52.4632929495795,-5.5210638493838));
#5317=CARTESIAN_POINT('Ctrl Pts',(61.4229497428493,-52.1905305592358,-7.49613441120399));
#5318=CARTESIAN_POINT('Ctrl Pts',(62.4258568853797,-51.6960274215248,-10.6737363605936));
#5319=CARTESIAN_POINT('Ctrl Pts',(63.9203882872218,-50.5380788654816,-16.6467798061527));
#5320=CARTESIAN_POINT('Ctrl Pts',(64.8840653554629,-49.1831510326111,-22.4613692825598));
#5321=CARTESIAN_POINT('Ctrl Pts',(65.0906909975919,-48.3931789796589,-25.4012902782215));
#5322=CARTESIAN_POINT('Ctrl Pts',(65.1311239427528,-47.8840414571222,-27.1862160770594));
#5323=CARTESIAN_POINT('Ctrl Pts',(65.1026816738706,-47.6382279522363,-27.9911682106767));
#5324=CARTESIAN_POINT('Ctrl Pts',(65.018208655265,-47.407371110474,-28.6820802227111));
#5325=CARTESIAN_POINT('Ctrl Pts',(59.7219149361785,-52.717767801287,-2.96984356264839));
#5326=CARTESIAN_POINT('Ctrl Pts',(60.065070700817,-52.6098397901803,-3.88571347467204));
#5327=CARTESIAN_POINT('Ctrl Pts',(60.3961111732634,-52.4403325782422,-4.98219853847995));
#5328=CARTESIAN_POINT('Ctrl Pts',(61.0613327579303,-52.1208407733965,-7.09729989590854));
#5329=CARTESIAN_POINT('Ctrl Pts',(62.0457031563035,-51.5785181934267,-10.424071504447));
#5330=CARTESIAN_POINT('Ctrl Pts',(63.5222475370211,-50.3903444078611,-16.5279393292887));
#5331=CARTESIAN_POINT('Ctrl Pts',(64.5121754452711,-49.0216062852036,-22.4865576824079));
#5332=CARTESIAN_POINT('Ctrl Pts',(64.7865281724531,-48.2158239224771,-25.6013971072056));
#5333=CARTESIAN_POINT('Ctrl Pts',(64.8965645998956,-47.6903246239494,-27.5507820218961));
#5334=CARTESIAN_POINT('Ctrl Pts',(64.9621779055416,-47.4223277735976,-28.5680401011281));
#5335=CARTESIAN_POINT('Ctrl Pts',(64.9337356366594,-47.1765142687116,-29.3729922347454));
#5336=CARTESIAN_POINT('Ctrl Pts',(59.3846498042666,-52.756386630781,-2.25036309996029));
#5337=CARTESIAN_POINT('Ctrl Pts',(59.7156902767131,-52.5868794188429,-3.3468481637682));
#5338=CARTESIAN_POINT('Ctrl Pts',(60.0469761921898,-52.4144843243377,-4.45151612129841));
#5339=CARTESIAN_POINT('Ctrl Pts',(60.6998384945265,-52.0497070462737,-6.70255682747425));
#5340=CARTESIAN_POINT('Ctrl Pts',(61.6655494272273,-51.4610089653287,-10.1744066483004));
#5341=CARTESIAN_POINT('Ctrl Pts',(63.1241067868204,-50.2426099502405,-16.4090988524248));
#5342=CARTESIAN_POINT('Ctrl Pts',(64.1402855350793,-48.8600615377961,-22.5117460822559));
#5343=CARTESIAN_POINT('Ctrl Pts',(64.4800307327423,-48.039092059592,-25.796752264457));
#5344=CARTESIAN_POINT('Ctrl Pts',(64.6573360278948,-47.4978541793701,-27.9058446232676));
#5345=CARTESIAN_POINT('Ctrl Pts',(64.7276185626844,-47.2286109404247,-28.9326060459648));
#5346=CARTESIAN_POINT('Ctrl Pts',(64.7932318683304,-46.9606140900729,-29.9498641251967));
#5347=CARTESIAN_POINT('Ctrl Pts',(58.7088990014909,-52.7705772127805,-0.978472844262464));
#5348=CARTESIAN_POINT('Ctrl Pts',(59.0267291087596,-52.5545053939688,-2.21282353291667));
#5349=CARTESIAN_POINT('Ctrl Pts',(59.3446819375434,-52.3369896338735,-3.45126566843203));
#5350=CARTESIAN_POINT('Ctrl Pts',(59.971854983499,-51.896483565467,-5.93162557824139));
#5351=CARTESIAN_POINT('Ctrl Pts',(60.9002519641054,-51.2188489928319,-9.68192758229034));
#5352=CARTESIAN_POINT('Ctrl Pts',(62.3221135591172,-49.9423624574403,-16.1686806128036));
#5353=CARTESIAN_POINT('Ctrl Pts',(63.3873073987409,-48.5335304704301,-22.5489723827928));
#5354=CARTESIAN_POINT('Ctrl Pts',(63.8516215673945,-47.6836929206311,-26.1607509559973));
#5355=CARTESIAN_POINT('Ctrl Pts',(64.1394072724673,-47.1172534864404,-28.539807612091));
#5356=CARTESIAN_POINT('Ctrl Pts',(64.2770908171324,-46.8328468469225,-29.7244414205819));
#5357=CARTESIAN_POINT('Ctrl Pts',(64.4124397472258,-46.5490634017013,-30.9043235573401));
#5358=CARTESIAN_POINT('Ctrl Pts',(57.6934419888991,-52.6972924702969,0.678756534766744));
#5359=CARTESIAN_POINT('Ctrl Pts',(57.9898139389225,-52.4338956321112,-0.698268300749998));
#5360=CARTESIAN_POINT('Ctrl Pts',(58.2861858889459,-52.1704987939255,-2.07529313626674));
#5361=CARTESIAN_POINT('Ctrl Pts',(58.873123569719,-51.6415506567138,-4.82760971701262));
#5362=CARTESIAN_POINT('Ctrl Pts',(59.7448207619679,-50.8448967596358,-8.95348495270005));
#5363=CARTESIAN_POINT('Ctrl Pts',(61.1105561266098,-49.4848233519013,-15.8039473245318));
#5364=CARTESIAN_POINT('Ctrl Pts',(62.2440427203012,-48.0385715105548,-22.5850860848595));
#5365=CARTESIAN_POINT('Ctrl Pts',(62.8718787030523,-47.1514302581842,-26.6381715284678));
#5366=CARTESIAN_POINT('Ctrl Pts',(63.2846298056125,-46.5578482957635,-29.3384954005857));
#5367=CARTESIAN_POINT('Ctrl Pts',(63.4881022472557,-46.2599800841331,-30.6877907915008));
#5368=CARTESIAN_POINT('Ctrl Pts',(63.691574688899,-45.9621118725026,-32.037086182416));
#5369=CARTESIAN_POINT('Ctrl Pts',(55.2365593312279,-51.9300525280102,3.09923024061285));
#5370=CARTESIAN_POINT('Ctrl Pts',(55.4804829295218,-51.6289549820847,1.59967605543917));
#5371=CARTESIAN_POINT('Ctrl Pts',(55.7244065278158,-51.3278574361591,0.100121870265498));
#5372=CARTESIAN_POINT('Ctrl Pts',(56.2122537244038,-50.725662344308,-2.89898650008185));
#5373=CARTESIAN_POINT('Ctrl Pts',(56.9440245192857,-49.8223697065313,-7.39764905560288));
#5374=CARTESIAN_POINT('Ctrl Pts',(58.1636425107556,-48.3168819769036,-14.8954199814713));
#5375=CARTESIAN_POINT('Ctrl Pts',(59.3832605022254,-46.8113942472757,-22.3931909073396));
#5376=CARTESIAN_POINT('Ctrl Pts',(60.1150312971074,-45.9081016094991,-26.8918534628607));
#5377=CARTESIAN_POINT('Ctrl Pts',(60.6028784936953,-45.3059065176479,-29.890961833208));
#5378=CARTESIAN_POINT('Ctrl Pts',(60.8468020919893,-45.0048089717224,-31.3905160183817));
#5379=CARTESIAN_POINT('Ctrl Pts',(61.0907256902833,-44.7037114257968,-32.8900702035554));
#5380=CARTESIAN_POINT('Ctrl Pts',(49.3755237483746,-48.5366205925735,4.61737576262244));
#5381=CARTESIAN_POINT('Ctrl Pts',(49.5367505270393,-48.2567520596078,3.18105267696451));
#5382=CARTESIAN_POINT('Ctrl Pts',(49.6979773057041,-47.9768835266422,1.74472959130658));
#5383=CARTESIAN_POINT('Ctrl Pts',(50.0204308630335,-47.4171464607109,-1.12791658000929));
#5384=CARTESIAN_POINT('Ctrl Pts',(50.5041111990278,-46.5775408618139,-5.43688583698308));
#5385=CARTESIAN_POINT('Ctrl Pts',(51.3102450923515,-45.1781981969857,-12.6185012652727));
#5386=CARTESIAN_POINT('Ctrl Pts',(52.1163789856752,-43.7788555321574,-19.8001166935624));
#5387=CARTESIAN_POINT('Ctrl Pts',(52.6000593216694,-42.9392499332604,-24.1090859505362));
#5388=CARTESIAN_POINT('Ctrl Pts',(52.9225128789989,-42.3795128673291,-26.9817321218521));
#5389=CARTESIAN_POINT('Ctrl Pts',(53.0837396576636,-42.0996443343635,-28.41805520751));
#5390=CARTESIAN_POINT('Ctrl Pts',(53.2449664363284,-41.8197758013978,-29.8543782931679));
#5391=CARTESIAN_POINT('Ctrl Pts',(34.8827668884651,-41.3833793305461,11.365449630432));
#5392=CARTESIAN_POINT('Ctrl Pts',(35.111618159667,-40.992920019622,9.81721818689577));
#5393=CARTESIAN_POINT('Ctrl Pts',(35.3404694308689,-40.602460708698,8.26898674335958));
#5394=CARTESIAN_POINT('Ctrl Pts',(35.7981719732726,-39.82154208685,5.17252385628721));
#5395=CARTESIAN_POINT('Ctrl Pts',(36.4847257868783,-38.650164154078,0.52782952567865));
#5396=CARTESIAN_POINT('Ctrl Pts',(37.6289821428876,-36.6978675994579,-7.21332769200228));
#5397=CARTESIAN_POINT('Ctrl Pts',(38.773238498897,-34.7455710448378,-14.9544849096832));
#5398=CARTESIAN_POINT('Ctrl Pts',(39.4597923125026,-33.5741931120658,-19.5991792402918));
#5399=CARTESIAN_POINT('Ctrl Pts',(39.9174948549064,-32.7932744902178,-22.6956421273641));
#5400=CARTESIAN_POINT('Ctrl Pts',(40.1463461261083,-32.4028151792937,-24.2438735709003));
#5401=CARTESIAN_POINT('Ctrl Pts',(40.3751973973101,-32.0123558683697,-25.7921050144365));
#5402=CARTESIAN_POINT('Ctrl Pts',(34.9618103599193,-36.1954546572437,11.8822211863956));
#5403=CARTESIAN_POINT('Ctrl Pts',(34.9192510851121,-35.9264436620806,10.3622291063137));
#5404=CARTESIAN_POINT('Ctrl Pts',(34.8766918103049,-35.6574326669175,8.84223702623188));
#5405=CARTESIAN_POINT('Ctrl Pts',(34.7915732606905,-35.1194106765912,5.8022528660682));
#5406=CARTESIAN_POINT('Ctrl Pts',(34.6638954362688,-34.3123776911019,1.24227662582267));
#5407=CARTESIAN_POINT('Ctrl Pts',(34.4510990622327,-32.9673227152863,-6.35768377458653));
#5408=CARTESIAN_POINT('Ctrl Pts',(34.2383026881966,-31.6222677394708,-13.9576441749957));
#5409=CARTESIAN_POINT('Ctrl Pts',(34.110624863775,-30.8152347539814,-18.5176204152413));
#5410=CARTESIAN_POINT('Ctrl Pts',(34.0255063141606,-30.2772127636552,-21.557604575405));
#5411=CARTESIAN_POINT('Ctrl Pts',(33.9829470393534,-30.0082017684921,-23.0775966554868));
#5412=CARTESIAN_POINT('Ctrl Pts',(33.9403877645461,-29.739190773329,-24.5975887355686));
#5413=CARTESIAN_POINT('Ctrl Pts',(22.4348906007639,-35.9553046045716,11.7431006062754));
#5414=CARTESIAN_POINT('Ctrl Pts',(22.3196278893045,-35.5915462291687,10.3027152981937));
#5415=CARTESIAN_POINT('Ctrl Pts',(22.2043651778451,-35.2277878537658,8.86232999011196));
#5416=CARTESIAN_POINT('Ctrl Pts',(21.9738397549264,-34.50027110296,5.98155937394854));
#5417=CARTESIAN_POINT('Ctrl Pts',(21.6280516205483,-33.4089959767512,1.66040344970341));
#5418=CARTESIAN_POINT('Ctrl Pts',(21.0517380632515,-31.5902040997367,-5.54152309070514));
#5419=CARTESIAN_POINT('Ctrl Pts',(20.4754245059547,-29.7714122227222,-12.7434496311137));
#5420=CARTESIAN_POINT('Ctrl Pts',(20.1296363715766,-28.6801370965134,-17.0646055553588));
#5421=CARTESIAN_POINT('Ctrl Pts',(19.8991109486579,-27.9526203457076,-19.9453761715222));
#5422=CARTESIAN_POINT('Ctrl Pts',(19.7838482371985,-27.5888619703047,-21.385761479604));
#5423=CARTESIAN_POINT('Ctrl Pts',(19.6685855257392,-27.2251035949018,-22.8261467876857));
#5424=CARTESIAN_POINT('Ctrl Pts',(21.9971688405657,-36.1782019015962,13.0167894148751));
#5425=CARTESIAN_POINT('Ctrl Pts',(21.4503445127145,-35.8292925780879,11.8326542611249));
#5426=CARTESIAN_POINT('Ctrl Pts',(20.9035201848634,-35.4803832545795,10.6485191073747));
#5427=CARTESIAN_POINT('Ctrl Pts',(19.8098715291611,-34.7825646075628,8.28024879987431));
#5428=CARTESIAN_POINT('Ctrl Pts',(18.1693985456076,-33.7358366370377,4.7278433386237));
#5429=CARTESIAN_POINT('Ctrl Pts',(15.4352769063519,-31.991290019496,-1.1928324301273));
#5430=CARTESIAN_POINT('Ctrl Pts',(12.7011552670962,-30.2467434019542,-7.1135081988783));
#5431=CARTESIAN_POINT('Ctrl Pts',(11.0606822835427,-29.2000154314291,-10.6659136601289));
#5432=CARTESIAN_POINT('Ctrl Pts',(9.96703362784041,-28.5021967844124,-13.0341839676293));
#5433=CARTESIAN_POINT('Ctrl Pts',(9.42020929998927,-28.1532874609041,-14.2183191213795));
#5434=CARTESIAN_POINT('Ctrl Pts',(8.87338497213812,-27.8043781373957,-15.4024542751297));
#5435=CARTESIAN_POINT('Ctrl Pts',(0.,-37.0000132788615,12.6843596228088));
#5436=CARTESIAN_POINT('Ctrl Pts',(0.,-36.4918618146338,11.3293053218068));
#5437=CARTESIAN_POINT('Ctrl Pts',(0.,-35.983710350406,9.97425102080475));
#5438=CARTESIAN_POINT('Ctrl Pts',(0.,-34.9674074219506,7.26414241880068));
#5439=CARTESIAN_POINT('Ctrl Pts',(0.,-33.4429530292673,3.19897951579458));
#5440=CARTESIAN_POINT('Ctrl Pts',(0.,-30.9021957081286,-3.57629198921559));
#5441=CARTESIAN_POINT('Ctrl Pts',(0.,-28.3614383869899,-10.3515634942258));
#5442=CARTESIAN_POINT('Ctrl Pts',(0.,-26.8369839943067,-14.4167263972319));
#5443=CARTESIAN_POINT('Ctrl Pts',(0.,-25.8206810658512,-17.1268349992359));
#5444=CARTESIAN_POINT('Ctrl Pts',(0.,-25.3125296016235,-18.481889300238));
#5445=CARTESIAN_POINT('Ctrl Pts',(0.,-24.8043781373957,-19.83694360124));
#5446=CARTESIAN_POINT('Ctrl Pts',(-21.9971688405657,-36.1782019015962,13.0167894148751));
#5447=CARTESIAN_POINT('Ctrl Pts',(-21.4503445127145,-35.8292925780878,11.8326542611249));
#5448=CARTESIAN_POINT('Ctrl Pts',(-20.9035201848634,-35.4803832545795,10.6485191073747));
#5449=CARTESIAN_POINT('Ctrl Pts',(-19.8098715291611,-34.7825646075628,8.28024879987431));
#5450=CARTESIAN_POINT('Ctrl Pts',(-18.1693985456076,-33.7358366370377,4.7278433386237));
#5451=CARTESIAN_POINT('Ctrl Pts',(-15.4352769063519,-31.991290019496,-1.1928324301273));
#5452=CARTESIAN_POINT('Ctrl Pts',(-12.7011552670962,-30.2467434019542,-7.1135081988783));
#5453=CARTESIAN_POINT('Ctrl Pts',(-11.0606822835427,-29.2000154314291,-10.6659136601289));
#5454=CARTESIAN_POINT('Ctrl Pts',(-9.96703362784042,-28.5021967844124,-13.0341839676293));
#5455=CARTESIAN_POINT('Ctrl Pts',(-9.42020929998927,-28.1532874609041,-14.2183191213795));
#5456=CARTESIAN_POINT('Ctrl Pts',(-8.87338497213812,-27.8043781373957,-15.4024542751297));
#5457=CARTESIAN_POINT('Ctrl Pts',(-22.4348906007639,-35.9553046045716,11.7431006062754));
#5458=CARTESIAN_POINT('Ctrl Pts',(-22.3196278893045,-35.5915462291687,10.3027152981937));
#5459=CARTESIAN_POINT('Ctrl Pts',(-22.2043651778451,-35.2277878537658,8.86232999011195));
#5460=CARTESIAN_POINT('Ctrl Pts',(-21.9738397549264,-34.50027110296,5.98155937394854));
#5461=CARTESIAN_POINT('Ctrl Pts',(-21.6280516205483,-33.4089959767512,1.66040344970341));
#5462=CARTESIAN_POINT('Ctrl Pts',(-21.0517380632515,-31.5902040997367,-5.54152309070514));
#5463=CARTESIAN_POINT('Ctrl Pts',(-20.4754245059547,-29.7714122227222,-12.7434496311137));
#5464=CARTESIAN_POINT('Ctrl Pts',(-20.1296363715766,-28.6801370965134,-17.0646055553588));
#5465=CARTESIAN_POINT('Ctrl Pts',(-19.8991109486579,-27.9526203457076,-19.9453761715222));
#5466=CARTESIAN_POINT('Ctrl Pts',(-19.7838482371985,-27.5888619703047,-21.385761479604));
#5467=CARTESIAN_POINT('Ctrl Pts',(-19.6685855257392,-27.2251035949018,-22.8261467876857));
#5468=CARTESIAN_POINT('Ctrl Pts',(-34.9618103599193,-36.1954546572437,11.8822211863956));
#5469=CARTESIAN_POINT('Ctrl Pts',(-34.9192510851121,-35.9264436620806,10.3622291063137));
#5470=CARTESIAN_POINT('Ctrl Pts',(-34.8766918103049,-35.6574326669175,8.84223702623188));
#5471=CARTESIAN_POINT('Ctrl Pts',(-34.7915732606905,-35.1194106765912,5.8022528660682));
#5472=CARTESIAN_POINT('Ctrl Pts',(-34.6638954362688,-34.3123776911019,1.24227662582267));
#5473=CARTESIAN_POINT('Ctrl Pts',(-34.4510990622327,-32.9673227152863,-6.35768377458653));
#5474=CARTESIAN_POINT('Ctrl Pts',(-34.2383026881967,-31.6222677394708,-13.9576441749957));
#5475=CARTESIAN_POINT('Ctrl Pts',(-34.110624863775,-30.8152347539814,-18.5176204152413));
#5476=CARTESIAN_POINT('Ctrl Pts',(-34.0255063141606,-30.2772127636552,-21.557604575405));
#5477=CARTESIAN_POINT('Ctrl Pts',(-33.9829470393533,-30.0082017684921,-23.0775966554868));
#5478=CARTESIAN_POINT('Ctrl Pts',(-33.9403877645461,-29.739190773329,-24.5975887355686));
#5479=CARTESIAN_POINT('Ctrl Pts',(-34.8827668884651,-41.3833793305461,11.365449630432));
#5480=CARTESIAN_POINT('Ctrl Pts',(-35.111618159667,-40.9929200196221,9.81721818689577));
#5481=CARTESIAN_POINT('Ctrl Pts',(-35.3404694308689,-40.602460708698,8.26898674335958));
#5482=CARTESIAN_POINT('Ctrl Pts',(-35.7981719732726,-39.82154208685,5.17252385628721));
#5483=CARTESIAN_POINT('Ctrl Pts',(-36.4847257868783,-38.650164154078,0.527829525678652));
#5484=CARTESIAN_POINT('Ctrl Pts',(-37.6289821428876,-36.6978675994579,-7.21332769200227));
#5485=CARTESIAN_POINT('Ctrl Pts',(-38.773238498897,-34.7455710448378,-14.9544849096832));
#5486=CARTESIAN_POINT('Ctrl Pts',(-39.4597923125026,-33.5741931120658,-19.5991792402918));
#5487=CARTESIAN_POINT('Ctrl Pts',(-39.9174948549064,-32.7932744902178,-22.6956421273641));
#5488=CARTESIAN_POINT('Ctrl Pts',(-40.1463461261083,-32.4028151792937,-24.2438735709003));
#5489=CARTESIAN_POINT('Ctrl Pts',(-40.3751973973101,-32.0123558683697,-25.7921050144365));
#5490=CARTESIAN_POINT('Ctrl Pts',(-49.3755237483746,-48.5366205925735,4.61737576262244));
#5491=CARTESIAN_POINT('Ctrl Pts',(-49.5367505270393,-48.2567520596078,3.18105267696451));
#5492=CARTESIAN_POINT('Ctrl Pts',(-49.697977305704,-47.9768835266422,1.74472959130658));
#5493=CARTESIAN_POINT('Ctrl Pts',(-50.0204308630335,-47.4171464607109,-1.12791658000929));
#5494=CARTESIAN_POINT('Ctrl Pts',(-50.5041111990277,-46.5775408618139,-5.43688583698308));
#5495=CARTESIAN_POINT('Ctrl Pts',(-51.3102450923515,-45.1781981969856,-12.6185012652727));
#5496=CARTESIAN_POINT('Ctrl Pts',(-52.1163789856752,-43.7788555321574,-19.8001166935624));
#5497=CARTESIAN_POINT('Ctrl Pts',(-52.6000593216694,-42.9392499332604,-24.1090859505362));
#5498=CARTESIAN_POINT('Ctrl Pts',(-52.9225128789989,-42.3795128673291,-26.9817321218521));
#5499=CARTESIAN_POINT('Ctrl Pts',(-53.0837396576637,-42.0996443343635,-28.41805520751));
#5500=CARTESIAN_POINT('Ctrl Pts',(-53.2449664363284,-41.8197758013978,-29.8543782931679));
#5501=CARTESIAN_POINT('Ctrl Pts',(-55.2365593312278,-51.9300525280103,3.09923024061285));
#5502=CARTESIAN_POINT('Ctrl Pts',(-55.4804829295218,-51.6289549820847,1.59967605543917));
#5503=CARTESIAN_POINT('Ctrl Pts',(-55.7244065278158,-51.3278574361591,0.100121870265499));
#5504=CARTESIAN_POINT('Ctrl Pts',(-56.2122537244037,-50.725662344308,-2.89898650008185));
#5505=CARTESIAN_POINT('Ctrl Pts',(-56.9440245192857,-49.8223697065313,-7.39764905560288));
#5506=CARTESIAN_POINT('Ctrl Pts',(-58.1636425107555,-48.3168819769036,-14.8954199814712));
#5507=CARTESIAN_POINT('Ctrl Pts',(-59.3832605022254,-46.8113942472758,-22.3931909073397));
#5508=CARTESIAN_POINT('Ctrl Pts',(-60.1150312971074,-45.908101609499,-26.8918534628606));
#5509=CARTESIAN_POINT('Ctrl Pts',(-60.6028784936953,-45.3059065176479,-29.890961833208));
#5510=CARTESIAN_POINT('Ctrl Pts',(-60.8468020919893,-45.0048089717224,-31.3905160183817));
#5511=CARTESIAN_POINT('Ctrl Pts',(-61.0907256902833,-44.7037114257968,-32.8900702035554));
#5512=CARTESIAN_POINT('Ctrl Pts',(-57.6934419888991,-52.6972924702969,0.678756534766743));
#5513=CARTESIAN_POINT('Ctrl Pts',(-57.9898139389225,-52.4338956321112,-0.698268300749994));
#5514=CARTESIAN_POINT('Ctrl Pts',(-58.2861858889459,-52.1704987939255,-2.07529313626674));
#5515=CARTESIAN_POINT('Ctrl Pts',(-58.873123569719,-51.6415506567138,-4.82760971701263));
#5516=CARTESIAN_POINT('Ctrl Pts',(-59.7448207619679,-50.8448967596358,-8.95348495270004));
#5517=CARTESIAN_POINT('Ctrl Pts',(-61.1105561266098,-49.4848233519013,-15.8039473245318));
#5518=CARTESIAN_POINT('Ctrl Pts',(-62.2440427203013,-48.0385715105549,-22.5850860848595));
#5519=CARTESIAN_POINT('Ctrl Pts',(-62.8718787030522,-47.1514302581842,-26.6381715284678));
#5520=CARTESIAN_POINT('Ctrl Pts',(-63.2846298056125,-46.5578482957636,-29.3384954005857));
#5521=CARTESIAN_POINT('Ctrl Pts',(-63.4881022472558,-46.259980084133,-30.6877907915008));
#5522=CARTESIAN_POINT('Ctrl Pts',(-63.691574688899,-45.9621118725026,-32.037086182416));
#5523=CARTESIAN_POINT('Ctrl Pts',(-58.7088990014909,-52.7705772127805,-0.978472844262464));
#5524=CARTESIAN_POINT('Ctrl Pts',(-59.0267291087596,-52.5545053939688,-2.21282353291667));
#5525=CARTESIAN_POINT('Ctrl Pts',(-59.3446819375434,-52.3369896338735,-3.45126566843203));
#5526=CARTESIAN_POINT('Ctrl Pts',(-59.971854983499,-51.896483565467,-5.93162557824139));
#5527=CARTESIAN_POINT('Ctrl Pts',(-60.9002519641054,-51.2188489928319,-9.68192758229034));
#5528=CARTESIAN_POINT('Ctrl Pts',(-62.3221135591172,-49.9423624574403,-16.1686806128036));
#5529=CARTESIAN_POINT('Ctrl Pts',(-63.3873073987409,-48.5335304704301,-22.5489723827928));
#5530=CARTESIAN_POINT('Ctrl Pts',(-63.8516215673945,-47.6836929206311,-26.1607509559973));
#5531=CARTESIAN_POINT('Ctrl Pts',(-64.1394072724673,-47.1172534864404,-28.539807612091));
#5532=CARTESIAN_POINT('Ctrl Pts',(-64.2770908171324,-46.8328468469225,-29.7244414205819));
#5533=CARTESIAN_POINT('Ctrl Pts',(-64.4124397472258,-46.5490634017013,-30.9043235573401));
#5534=CARTESIAN_POINT('Ctrl Pts',(-59.3846498042666,-52.756386630781,-2.25036309996029));
#5535=CARTESIAN_POINT('Ctrl Pts',(-59.7156902767131,-52.5868794188429,-3.3468481637682));
#5536=CARTESIAN_POINT('Ctrl Pts',(-60.0469761921898,-52.4144843243377,-4.45151612129841));
#5537=CARTESIAN_POINT('Ctrl Pts',(-60.6998384945265,-52.0497070462737,-6.70255682747425));
#5538=CARTESIAN_POINT('Ctrl Pts',(-61.6655494272273,-51.4610089653287,-10.1744066483004));
#5539=CARTESIAN_POINT('Ctrl Pts',(-63.1241067868204,-50.2426099502405,-16.4090988524248));
#5540=CARTESIAN_POINT('Ctrl Pts',(-64.1402855350793,-48.8600615377961,-22.5117460822559));
#5541=CARTESIAN_POINT('Ctrl Pts',(-64.4800307327423,-48.039092059592,-25.796752264457));
#5542=CARTESIAN_POINT('Ctrl Pts',(-64.6573360278948,-47.4978541793701,-27.9058446232676));
#5543=CARTESIAN_POINT('Ctrl Pts',(-64.7276185626844,-47.2286109404247,-28.9326060459648));
#5544=CARTESIAN_POINT('Ctrl Pts',(-64.7932318683304,-46.9606140900729,-29.9498641251967));
#5545=CARTESIAN_POINT('Ctrl Pts',(-59.7219149361785,-52.717767801287,-2.96984356264838));
#5546=CARTESIAN_POINT('Ctrl Pts',(-60.065070700817,-52.6098397901803,-3.88571347467204));
#5547=CARTESIAN_POINT('Ctrl Pts',(-60.3961111732634,-52.4403325782422,-4.98219853847995));
#5548=CARTESIAN_POINT('Ctrl Pts',(-61.0613327579303,-52.1208407733965,-7.09729989590854));
#5549=CARTESIAN_POINT('Ctrl Pts',(-62.0457031563035,-51.5785181934267,-10.424071504447));
#5550=CARTESIAN_POINT('Ctrl Pts',(-63.5222475370211,-50.3903444078611,-16.5279393292887));
#5551=CARTESIAN_POINT('Ctrl Pts',(-64.5121754452711,-49.0216062852036,-22.4865576824079));
#5552=CARTESIAN_POINT('Ctrl Pts',(-64.7865281724531,-48.2158239224771,-25.6013971072056));
#5553=CARTESIAN_POINT('Ctrl Pts',(-64.8965645998956,-47.6903246239494,-27.5507820218961));
#5554=CARTESIAN_POINT('Ctrl Pts',(-64.9621779055416,-47.4223277735976,-28.5680401011281));
#5555=CARTESIAN_POINT('Ctrl Pts',(-64.9337356366594,-47.1765142687116,-29.3729922347454));
#5556=CARTESIAN_POINT('Ctrl Pts',(-60.0621253844536,-52.6444943809867,-3.78751875000426));
#5557=CARTESIAN_POINT('Ctrl Pts',(-60.4023358327288,-52.5712209606863,-4.60519393736014));
#5558=CARTESIAN_POINT('Ctrl Pts',(-60.7454915973673,-52.4632929495795,-5.5210638493838));
#5559=CARTESIAN_POINT('Ctrl Pts',(-61.4229497428493,-52.1905305592358,-7.49613441120399));
#5560=CARTESIAN_POINT('Ctrl Pts',(-62.4258568853797,-51.6960274215248,-10.6737363605936));
#5561=CARTESIAN_POINT('Ctrl Pts',(-63.9203882872218,-50.5380788654816,-16.6467798061527));
#5562=CARTESIAN_POINT('Ctrl Pts',(-64.8840653554629,-49.1831510326111,-22.4613692825598));
#5563=CARTESIAN_POINT('Ctrl Pts',(-65.0906909975919,-48.3931789796589,-25.4012902782215));
#5564=CARTESIAN_POINT('Ctrl Pts',(-65.1311239427528,-47.8840414571222,-27.1862160770594));
#5565=CARTESIAN_POINT('Ctrl Pts',(-65.1026816738706,-47.6382279522363,-27.9911682106767));
#5566=CARTESIAN_POINT('Ctrl Pts',(-65.018208655265,-47.407371110474,-28.6820802227111));
#5567=CARTESIAN_POINT('',(42.1009618033895,-39.9672307995598,-7.0000000000004));
#5568=CARTESIAN_POINT('',(61.2504416343096,-52.2575627462563,-7.));
#5569=CARTESIAN_POINT('Ctrl Pts',(42.1009618033894,-39.96723079956,-7.));
#5570=CARTESIAN_POINT('Ctrl Pts',(42.1955204646384,-40.0410454883185,-7.));
#5571=CARTESIAN_POINT('Ctrl Pts',(42.2918327246448,-40.1159712535953,-7.));
#5572=CARTESIAN_POINT('Ctrl Pts',(45.7037211718143,-42.760703150365,-7.));
#5573=CARTESIAN_POINT('Ctrl Pts',(49.3307131622269,-45.2686171909614,-6.99999999999121));
#5574=CARTESIAN_POINT('Ctrl Pts',(57.1162397328016,-50.1111570474841,-6.99999999999121));
#5575=CARTESIAN_POINT('Ctrl Pts',(59.8176567929351,-51.4502320506148,-7.));
#5576=CARTESIAN_POINT('Ctrl Pts',(61.2504416343096,-52.2575627462563,-7.));
#5577=CARTESIAN_POINT('Ctrl Pts',(42.1016288172271,-39.9662049320606,-7.00000000000333));
#5578=CARTESIAN_POINT('Ctrl Pts',(42.2994692272141,-40.0948397625948,-7.08018194850339));
#5579=CARTESIAN_POINT('Ctrl Pts',(42.5015585686812,-40.2257454923949,-7.16057696984299));
#5580=CARTESIAN_POINT('Ctrl Pts',(42.7055082455111,-40.3574586840676,-7.24000357185898));
#5581=CARTESIAN_POINT('Ctrl Pts',(42.8824317630534,-40.471718052063,-7.30890504811299));
#5582=CARTESIAN_POINT('Ctrl Pts',(43.0607520167586,-40.5865846917178,-7.3770777576429));
#5583=CARTESIAN_POINT('Ctrl Pts',(43.2389110597808,-40.7011368500193,-7.44375040907041));
#5584=CARTESIAN_POINT('Ctrl Pts',(43.3943591970342,-40.8010864193717,-7.5019239336602));
#5585=CARTESIAN_POINT('Ctrl Pts',(43.5496834950624,-40.9007966660518,-7.5589554654045));
#5586=CARTESIAN_POINT('Ctrl Pts',(43.7038754552754,-40.9996839429734,-7.6143326723656));
#5587=CARTESIAN_POINT('Ctrl Pts',(43.8480565234955,-41.0921509769242,-7.6661145217154));
#5588=CARTESIAN_POINT('Ctrl Pts',(43.9912468331683,-41.1838983890055,-7.71644988653142));
#5589=CARTESIAN_POINT('Ctrl Pts',(44.1326584607977,-41.2744758387011,-7.76491988552831));
#5590=CARTESIAN_POINT('Ctrl Pts',(44.1424770628389,-41.2807648825893,-7.76828529217179));
#5591=CARTESIAN_POINT('Ctrl Pts',(44.152287107817,-41.2870482977265,-7.77164170605349));
#5592=CARTESIAN_POINT('Ctrl Pts',(44.1620883402745,-41.2933259386296,-7.77498898696162));
#5593=CARTESIAN_POINT('Ctrl Pts',(44.2375980866802,-41.3416895576613,-7.80077679820028));
#5594=CARTESIAN_POINT('Ctrl Pts',(44.3175393329008,-41.3928832685258,-7.82768076346836));
#5595=CARTESIAN_POINT('Ctrl Pts',(44.4018681549361,-41.4468873956772,-7.85551322715602));
#5596=CARTESIAN_POINT('Ctrl Pts',(44.4814732002275,-41.4978664190295,-7.88178662311903));
#5597=CARTESIAN_POINT('Ctrl Pts',(44.5649881865028,-41.5513498334632,-7.90888740912227));
#5598=CARTESIAN_POINT('Ctrl Pts',(44.6523354107383,-41.6073016551994,-7.93665773129643));
#5599=CARTESIAN_POINT('Ctrl Pts',(44.7281914208304,-41.6558925748473,-7.96077464923561));
#5600=CARTESIAN_POINT('Ctrl Pts',(44.8069372985806,-41.7063449420004,-7.98539652582831));
#5601=CARTESIAN_POINT('Ctrl Pts',(44.8884930469055,-41.7586218310044,-8.01041997122718));
#5602=CARTESIAN_POINT('Ctrl Pts',(45.0288994657114,-41.8486217503492,-8.05350034786283));
#5603=CARTESIAN_POINT('Ctrl Pts',(45.1777673755992,-41.944122361396,-8.09777093763771));
#5604=CARTESIAN_POINT('Ctrl Pts',(45.3350272675213,-42.045093628148,-8.14270417667582));
#5605=CARTESIAN_POINT('Ctrl Pts',(45.4652452112401,-42.1287021730249,-8.17991082816622));
#5606=CARTESIAN_POINT('Ctrl Pts',(45.6012163535784,-42.216061188278,-8.21757182851369));
#5607=CARTESIAN_POINT('Ctrl Pts',(45.7429364099482,-42.307170660468,-8.25538765233602));
#5608=CARTESIAN_POINT('Ctrl Pts',(45.865247321009,-42.3858023152616,-8.28802444336402));
#5609=CARTESIAN_POINT('Ctrl Pts',(45.9918400932407,-42.4672273469682,-8.32077655437776));
#5610=CARTESIAN_POINT('Ctrl Pts',(46.1227463936782,-42.5514633519613,-8.35345143902952));
#5611=CARTESIAN_POINT('Ctrl Pts',(46.2454677602312,-42.6304324895136,-8.38408332216291));
#5612=CARTESIAN_POINT('Ctrl Pts',(46.3719796856344,-42.7118718345246,-8.41464733420334));
#5613=CARTESIAN_POINT('Ctrl Pts',(46.5023456297249,-42.7958154101252,-8.44498483460877));
#5614=CARTESIAN_POINT('Ctrl Pts',(46.6263673938764,-42.8756739223141,-8.47384597887826));
#5615=CARTESIAN_POINT('Ctrl Pts',(46.7538768050267,-42.9577986411981,-8.50250212118643));
#5616=CARTESIAN_POINT('Ctrl Pts',(46.8849692586272,-43.0422404075291,-8.53081667262404));
#5617=CARTESIAN_POINT('Ctrl Pts',(47.0081927023743,-43.1216134374604,-8.55743160308318));
#5618=CARTESIAN_POINT('Ctrl Pts',(47.1345817504009,-43.2030335827762,-8.5837447208115));
#5619=CARTESIAN_POINT('Ctrl Pts',(47.2642564604289,-43.2865648170389,-8.60964258680973));
#5620=CARTESIAN_POINT('Ctrl Pts',(47.3156663224933,-43.3196809831023,-8.61990986034706));
#5621=CARTESIAN_POINT('Ctrl Pts',(47.3675930932401,-43.3531292183707,-8.63011186686846));
#5622=CARTESIAN_POINT('Ctrl Pts',(47.4200463024063,-43.386914605347,-8.64024153773423));
#5623=CARTESIAN_POINT('',(33.3558475202903,-33.4468235676362,-7.00000000000267));
#5624=CARTESIAN_POINT('Ctrl Pts',(31.2922652116054,-31.2435923497043,-15.000000000289));
#5625=CARTESIAN_POINT('Ctrl Pts',(31.359363772878,-31.3157020996317,-14.7183985690979));
#5626=CARTESIAN_POINT('Ctrl Pts',(31.4268291918951,-31.3893289503169,-14.4302974820552));
#5627=CARTESIAN_POINT('Ctrl Pts',(31.4949271526841,-31.4643109081455,-14.1373438142088));
#5628=CARTESIAN_POINT('Ctrl Pts',(31.5600872996427,-31.5360580696574,-13.8570284592738));
#5629=CARTESIAN_POINT('Ctrl Pts',(31.625827220673,-31.6090457748082,-13.572270182511));
#5630=CARTESIAN_POINT('Ctrl Pts',(31.6923422792681,-31.6831058404314,-13.2845119536887));
#5631=CARTESIAN_POINT('Ctrl Pts',(31.7555442956782,-31.753477055337,-13.0110866469341));
#5632=CARTESIAN_POINT('Ctrl Pts',(31.8194464486107,-31.8248162833951,-12.734952794108));
#5633=CARTESIAN_POINT('Ctrl Pts',(31.8841755061821,-31.8969574955482,-12.4573483081466));
#5634=CARTESIAN_POINT('Ctrl Pts',(31.9364912008115,-31.9552638847773,-12.2329811991512));
#5635=CARTESIAN_POINT('Ctrl Pts',(31.9893464052141,-32.0140937492666,-12.0076534300154));
#5636=CARTESIAN_POINT('Ctrl Pts',(32.0427851514486,-32.073349317286,-11.7820185649137));
#5637=CARTESIAN_POINT('Ctrl Pts',(32.1057196774788,-32.1431342832655,-11.5162895893729));
#5638=CARTESIAN_POINT('Ctrl Pts',(32.1694560344105,-32.2135004859119,-11.2503208012324));
#5639=CARTESIAN_POINT('Ctrl Pts',(32.234072475066,-32.2843244178399,-10.9852821084014));
#5640=CARTESIAN_POINT('Ctrl Pts',(32.2826989849671,-32.3376223183771,-10.7858296704405));
#5641=CARTESIAN_POINT('Ctrl Pts',(32.3319845407233,-32.3913560998427,-10.5862442797256));
#5642=CARTESIAN_POINT('Ctrl Pts',(32.3819004989704,-32.4454117909748,-10.3873124176658));
#5643=CARTESIAN_POINT('Ctrl Pts',(32.4172947322529,-32.4837414115885,-10.2462545079247));
#5644=CARTESIAN_POINT('Ctrl Pts',(32.4533587556803,-32.5226141631643,-10.104886166028));
#5645=CARTESIAN_POINT('Ctrl Pts',(32.4897583737943,-32.5616373301044,-9.96361964420212));
#5646=CARTESIAN_POINT('Ctrl Pts',(32.5151618391941,-32.5888717826211,-9.86502907140771));
#5647=CARTESIAN_POINT('Ctrl Pts',(32.5407279630685,-32.6161788989083,-9.76648809221723));
#5648=CARTESIAN_POINT('Ctrl Pts',(32.5663304672821,-32.6434168900081,-9.66813684318091));
#5649=CARTESIAN_POINT('Ctrl Pts',(32.5913631251916,-32.670048633046,-9.57197464156337));
#5650=CARTESIAN_POINT('Ctrl Pts',(32.6167280328286,-32.6969311718622,-9.47599381827498));
#5651=CARTESIAN_POINT('Ctrl Pts',(32.6423020447276,-32.7239154511264,-9.380325359345));
#5652=CARTESIAN_POINT('Ctrl Pts',(32.6890967671622,-32.773290647449,-9.20527347467923));
#5653=CARTESIAN_POINT('Ctrl Pts',(32.7369676151735,-32.8234027378668,-9.02955272321772));
#5654=CARTESIAN_POINT('Ctrl Pts',(32.7858818678882,-32.8741208649823,-8.8541549380659));
#5655=CARTESIAN_POINT('Ctrl Pts',(32.8353843801109,-32.9254489456154,-8.67664775924912));
#5656=CARTESIAN_POINT('Ctrl Pts',(32.8859555113985,-32.9773976848978,-8.49947136165987));
#5657=CARTESIAN_POINT('Ctrl Pts',(32.9375117055638,-33.0298117268737,-8.32365379485474));
#5658=CARTESIAN_POINT('Ctrl Pts',(32.9520060708432,-33.0445472651047,-8.27422493228913));
#5659=CARTESIAN_POINT('Ctrl Pts',(32.9665779978525,-33.0593194639786,-8.22490346917911));
#5660=CARTESIAN_POINT('Ctrl Pts',(32.9812249439286,-33.0741246038333,-8.1757122493644));
#5661=CARTESIAN_POINT('Ctrl Pts',(33.0221256871999,-33.1154670940117,-8.03834863497026));
#5662=CARTESIAN_POINT('Ctrl Pts',(33.0646437573011,-33.1581094060664,-7.89837290167223));
#5663=CARTESIAN_POINT('Ctrl Pts',(33.1087267369039,-33.20192874423,-7.75706299517327));
#5664=CARTESIAN_POINT('Ctrl Pts',(33.1508334655587,-33.2437836505569,-7.62208804695505));
#5665=CARTESIAN_POINT('Ctrl Pts',(33.1943681471379,-33.2867123944452,-7.48589586681305));
#5666=CARTESIAN_POINT('Ctrl Pts',(33.2392478637337,-33.3305797749872,-7.3496001184973));
#5667=CARTESIAN_POINT('Ctrl Pts',(33.2776719022079,-33.3681370958787,-7.23290969631159));
#5668=CARTESIAN_POINT('Ctrl Pts',(33.317081403841,-33.4063820393466,-7.11614335833451));
#5669=CARTESIAN_POINT('Ctrl Pts',(33.3573993521842,-33.4452122802294,-7.00000000094704));
#5670=CARTESIAN_POINT('Ctrl Pts',(-32.6510285501989,-33.2014957023479,-7.));
#5671=CARTESIAN_POINT('Ctrl Pts',(-32.6444184968069,-33.1993933782888,-7.));
#5672=CARTESIAN_POINT('Ctrl Pts',(-32.6377987343186,-33.1972929579321,-7.));
#5673=CARTESIAN_POINT('Ctrl Pts',(-30.8268976392065,-32.6240602299708,-7.));
#5674=CARTESIAN_POINT('Ctrl Pts',(-28.3689707870337,-32.212427587059,-6.99999999999956));
#5675=CARTESIAN_POINT('Ctrl Pts',(-24.6250588981041,-31.6889194416689,-6.99999999999956));
#5676=CARTESIAN_POINT('Ctrl Pts',(-22.0824628925369,-31.3827533957679,-7.));
#5677=CARTESIAN_POINT('Ctrl Pts',(-20.2582155245504,-31.1637685123083,-7.));
#5678=CARTESIAN_POINT('Ctrl Pts',(-19.8639156229255,-31.1168083291481,-6.99999999999715));
#5679=CARTESIAN_POINT('Ctrl Pts',(-17.8834860154538,-30.8844560674733,-6.99999999999715));
#5680=CARTESIAN_POINT('Ctrl Pts',(-16.5494671611686,-30.7390319029678,-7.00000000000001));
#5681=CARTESIAN_POINT('Ctrl Pts',(-14.188301188274,-30.501652359595,-7.00000000000001));
#5682=CARTESIAN_POINT('Ctrl Pts',(-13.2807960060795,-30.4147081357658,-7.));
#5683=CARTESIAN_POINT('Ctrl Pts',(-11.8741914134895,-30.2881256626442,-7.));
#5684=CARTESIAN_POINT('Ctrl Pts',(-11.3385015426145,-30.2419000109102,-7.));
#5685=CARTESIAN_POINT('Ctrl Pts',(-9.91719626385717,-30.1272248290744,-7.));
#5686=CARTESIAN_POINT('Ctrl Pts',(-9.05612145920919,-30.0658302239561,-7.));
#5687=CARTESIAN_POINT('Ctrl Pts',(-6.4667981243786,-29.9113176455247,-7.));
#5688=CARTESIAN_POINT('Ctrl Pts',(-4.78882648657559,-29.8495882182259,-7.));
#5689=CARTESIAN_POINT('Ctrl Pts',(-2.00634689932997,-29.7948433327366,-7.));
#5690=CARTESIAN_POINT('Ctrl Pts',(-0.885903618935877,-29.7851198976275,
-6.99999999999881));
#5691=CARTESIAN_POINT('Ctrl Pts',(2.38322694140995,-29.7894837225303,-6.99999999999881));
#5692=CARTESIAN_POINT('Ctrl Pts',(4.69735557969369,-29.8359100919799,-7.));
#5693=CARTESIAN_POINT('Ctrl Pts',(8.13111231882651,-30.0046161373713,-7.));
#5694=CARTESIAN_POINT('Ctrl Pts',(9.27192637942884,-30.0784041474014,-7.));
#5695=CARTESIAN_POINT('Ctrl Pts',(11.019945787043,-30.2152717174709,-7.));
#5696=CARTESIAN_POINT('Ctrl Pts',(11.5706681259891,-30.2617594608841,-7.00000000000098));
#5697=CARTESIAN_POINT('Ctrl Pts',(12.8322891328466,-30.3735706722205,-7.00000000000098));
#5698=CARTESIAN_POINT('Ctrl Pts',(13.5664096663944,-30.4423523207901,-7.));
#5699=CARTESIAN_POINT('Ctrl Pts',(17.3181048799407,-30.8085886329287,-7.));
#5700=CARTESIAN_POINT('Ctrl Pts',(21.4820415174781,-31.308713580484,-6.99999999999952));
#5701=CARTESIAN_POINT('Ctrl Pts',(25.3425285467443,-31.7826441494592,-6.99999999999952));
#5702=CARTESIAN_POINT('Ctrl Pts',(27.8101541477791,-32.1036380962687,-7.));
#5703=CARTESIAN_POINT('Ctrl Pts',(31.4527946525666,-32.829619931362,-7.));
#5704=CARTESIAN_POINT('Ctrl Pts',(32.5280535705927,-33.1313623173416,-7.));
#5705=CARTESIAN_POINT('Ctrl Pts',(33.3558475202899,-33.4468235676371,-7.));
#5706=CARTESIAN_POINT('Ctrl Pts',(-61.2504416343096,-52.2575627462563,-7.00000000000001));
#5707=CARTESIAN_POINT('Ctrl Pts',(-60.7672839120505,-51.9853180597186,-7.00000000000001));
#5708=CARTESIAN_POINT('Ctrl Pts',(-60.1300553556795,-51.6467779375143,-7.));
#5709=CARTESIAN_POINT('Ctrl Pts',(-57.310006833263,-50.1229653290718,-7.));
#5710=CARTESIAN_POINT('Ctrl Pts',(-55.6898280042449,-49.2119715042772,-7.));
#5711=CARTESIAN_POINT('Ctrl Pts',(-51.6517127705342,-46.7189680739667,-7.));
#5712=CARTESIAN_POINT('Ctrl Pts',(-50.0298473778462,-45.6656012423559,-6.99999999995974));
#5713=CARTESIAN_POINT('Ctrl Pts',(-47.1709737222397,-43.7191304538249,-6.99999999995974));
#5714=CARTESIAN_POINT('Ctrl Pts',(-45.8895089892611,-42.8124701217545,-7.));
#5715=CARTESIAN_POINT('Ctrl Pts',(-44.6371571667096,-41.8897247980484,-7.));
#5716=CARTESIAN_POINT('Ctrl Pts',(61.2504416343096,-52.2575627462563,-7.));
#5717=CARTESIAN_POINT('Ctrl Pts',(61.5322546355384,-52.1358810745196,-7.84467329777316));
#5718=CARTESIAN_POINT('Ctrl Pts',(61.8101286817243,-51.995022198253,-8.7363981779182));
#5719=CARTESIAN_POINT('Ctrl Pts',(62.7247631657481,-51.4644377103162,-11.8683450497054));
#5720=CARTESIAN_POINT('Ctrl Pts',(63.9203882872218,-50.5380788654816,-16.6467798061527));
#5721=CARTESIAN_POINT('Ctrl Pts',(64.6913299418147,-49.4541365991852,-21.2984513872784));
#5722=CARTESIAN_POINT('Ctrl Pts',(65.0218157835489,-48.6565029973096,-24.421316613001));
#5723=CARTESIAN_POINT('Ctrl Pts',(65.0906909975919,-48.3931789796589,-25.4012902782215));
#5724=CARTESIAN_POINT('Ctrl Pts',(65.1311239427528,-47.8840414571222,-27.1862160770594));
#5725=CARTESIAN_POINT('Ctrl Pts',(65.1026816738706,-47.6382279522363,-27.9911682106767));
#5726=CARTESIAN_POINT('Ctrl Pts',(65.018208655265,-47.407371110474,-28.6820802227111));
#5727=CARTESIAN_POINT('Ctrl Pts',(47.4200463024063,-43.386914605347,3.99286919715385E-17));
#5728=CARTESIAN_POINT('Ctrl Pts',(47.4200463024063,-43.386914605347,-15.));
#5729=CARTESIAN_POINT('Ctrl Pts',(46.6068601091288,-42.8631371156497,3.99286919715385E-17));
#5730=CARTESIAN_POINT('Ctrl Pts',(46.6068601091288,-42.8631371156497,-15.));
#5731=CARTESIAN_POINT('Ctrl Pts',(45.7762798346959,-42.3276893991119,-9.24317417214187E-13));
#5732=CARTESIAN_POINT('Ctrl Pts',(45.7762798346959,-42.3276893991119,-15.0000000000009));
#5733=CARTESIAN_POINT('Ctrl Pts',(43.1496533482872,-40.6440329542264,-9.24149517680252E-13));
#5734=CARTESIAN_POINT('Ctrl Pts',(43.1496533482872,-40.6440329542264,-15.0000000000009));
#5735=CARTESIAN_POINT('Ctrl Pts',(41.169299265267,-39.3854912474843,-4.83890705282874E-12));
#5736=CARTESIAN_POINT('Ctrl Pts',(41.169299265267,-39.3854912474843,-15.0000000000048));
#5737=CARTESIAN_POINT('Ctrl Pts',(35.1109277618012,-35.2151903507993,-4.83890705282874E-12));
#5738=CARTESIAN_POINT('Ctrl Pts',(35.1109277618012,-35.2151903507993,-15.0000000000048));
#5739=CARTESIAN_POINT('Ctrl Pts',(33.478039272546,-33.6133656151855,-1.09870142251151E-9));
#5740=CARTESIAN_POINT('Ctrl Pts',(33.478039272546,-33.6133656151855,-15.0000000010987));
#5741=CARTESIAN_POINT('Ctrl Pts',(31.819605202766,-31.8489908471823,-1.09870126922272E-9));
#5742=CARTESIAN_POINT('Ctrl Pts',(31.819605202766,-31.8489908471823,-15.0000000010987));
#5743=CARTESIAN_POINT('Ctrl Pts',(31.2930585255669,-31.1974353547078,-8.32667268468867E-16));
#5744=CARTESIAN_POINT('Ctrl Pts',(31.2930585255669,-31.1974353547078,-15.));
#5745=CARTESIAN_POINT('Ctrl Pts',(30.1531293491536,-30.1408918188194,-8.32667268468867E-16));
#5746=CARTESIAN_POINT('Ctrl Pts',(30.1531293491536,-30.1408918188194,-15.));
#5747=CARTESIAN_POINT('Ctrl Pts',(29.5819276471417,-29.7713631411649,-1.22404798970355E-12));
#5748=CARTESIAN_POINT('Ctrl Pts',(29.5819276471417,-29.7713631411649,-15.0000000000012));
#5749=CARTESIAN_POINT('Ctrl Pts',(27.8517642021569,-29.141040596096,-1.22404798970355E-12));
#5750=CARTESIAN_POINT('Ctrl Pts',(27.8517642021569,-29.141040596096,-15.0000000000012));
#5751=CARTESIAN_POINT('Ctrl Pts',(26.6515500664801,-28.9158036132555,-3.12250225675825E-16));
#5752=CARTESIAN_POINT('Ctrl Pts',(26.6515500664801,-28.9158036132555,-15.));
#5753=CARTESIAN_POINT('Ctrl Pts',(23.8227185865608,-28.52043678176,-3.12250225675825E-16));
#5754=CARTESIAN_POINT('Ctrl Pts',(23.8227185865608,-28.52043678176,-15.));
#5755=CARTESIAN_POINT('Ctrl Pts',(22.1059593680285,-28.4076391806444,-1.99731865463758E-11));
#5756=CARTESIAN_POINT('Ctrl Pts',(22.1059593680285,-28.4076391806444,-15.00000000002));
#5757=CARTESIAN_POINT('Ctrl Pts',(18.8452886670448,-28.1416764762718,-1.99730790166751E-11));
#5758=CARTESIAN_POINT('Ctrl Pts',(18.8452886670448,-28.1416764762718,-15.00000000002));
#5759=CARTESIAN_POINT('Ctrl Pts',(17.8152636343965,-28.0469518416808,-6.84503113194482E-15));
#5760=CARTESIAN_POINT('Ctrl Pts',(17.8152636343965,-28.0469518416808,-15.));
#5761=CARTESIAN_POINT('Ctrl Pts',(15.5423949904569,-27.9223361425785,-6.76772526846144E-15));
#5762=CARTESIAN_POINT('Ctrl Pts',(15.5423949904569,-27.9223361425785,-15.));
#5763=CARTESIAN_POINT('Ctrl Pts',(14.59125832298,-27.8893737366381,-3.0001208521266E-13));
#5764=CARTESIAN_POINT('Ctrl Pts',(14.59125832298,-27.8893737366381,-15.0000000000003));
#5765=CARTESIAN_POINT('Ctrl Pts',(12.6025822229749,-27.8441586875392,-2.99972809524695E-13));
#5766=CARTESIAN_POINT('Ctrl Pts',(12.6025822229749,-27.8441586875392,-15.0000000000003));
#5767=CARTESIAN_POINT('Ctrl Pts',(11.4864013897741,-27.8322644691203,-3.43024220139654E-13));
#5768=CARTESIAN_POINT('Ctrl Pts',(11.4864013897741,-27.8322644691203,-15.0000000000003));
#5769=CARTESIAN_POINT('Ctrl Pts',(8.61181493789938,-27.8157801494368,-3.43024220139654E-13));
#5770=CARTESIAN_POINT('Ctrl Pts',(8.61181493789938,-27.8157801494368,-15.0000000000003));
#5771=CARTESIAN_POINT('Ctrl Pts',(6.17455532105883,-27.8230258907972,-5.03069808033274E-16));
#5772=CARTESIAN_POINT('Ctrl Pts',(6.17455532105883,-27.8230258907972,-15.));
#5773=CARTESIAN_POINT('Ctrl Pts',(2.49742440509591,-27.8346775631679,-5.03069808033274E-16));
#5774=CARTESIAN_POINT('Ctrl Pts',(2.49742440509591,-27.8346775631679,-15.));
#5775=CARTESIAN_POINT('Ctrl Pts',(0.626390959671759,-27.8420212561781,2.07380724792089E-13));
#5776=CARTESIAN_POINT('Ctrl Pts',(0.626390959671759,-27.8420212561781,-14.9999999999998));
#5777=CARTESIAN_POINT('Ctrl Pts',(-5.56705387899368,-27.824340365048,2.07399548320028E-13));
#5778=CARTESIAN_POINT('Ctrl Pts',(-5.56705387899368,-27.824340365048,-14.9999999999998));
#5779=CARTESIAN_POINT('Ctrl Pts',(-7.95228542090217,-27.8107190690869,-2.98963485076447E-17));
#5780=CARTESIAN_POINT('Ctrl Pts',(-7.95228542090217,-27.8107190690869,-15.));
#5781=CARTESIAN_POINT('Ctrl Pts',(-11.4144456916019,-27.8364865615683,-3.65069582664882E-17));
#5782=CARTESIAN_POINT('Ctrl Pts',(-11.4144456916019,-27.8364865615683,-15.));
#5783=CARTESIAN_POINT('Ctrl Pts',(-12.4439646996272,-27.8492802140847,-7.26065258263575E-13));
#5784=CARTESIAN_POINT('Ctrl Pts',(-12.4439646996272,-27.8492802140847,-15.0000000000007));
#5785=CARTESIAN_POINT('Ctrl Pts',(-14.4753197610101,-27.8993604038281,-7.26065258263575E-13));
#5786=CARTESIAN_POINT('Ctrl Pts',(-14.4753197610101,-27.8993604038281,-15.0000000000007));
#5787=CARTESIAN_POINT('Ctrl Pts',(-15.5784679719498,-27.9418888393664,-3.46944695195361E-16));
#5788=CARTESIAN_POINT('Ctrl Pts',(-15.5784679719498,-27.9418888393664,-15.));
#5789=CARTESIAN_POINT('Ctrl Pts',(-17.4170639587551,-28.0599478291662,-3.46944695195361E-16));
#5790=CARTESIAN_POINT('Ctrl Pts',(-17.4170639587551,-28.0599478291662,-15.));
#5791=CARTESIAN_POINT('Ctrl Pts',(-17.9538387518128,-28.1035664858527,1.45027246060105E-15));
#5792=CARTESIAN_POINT('Ctrl Pts',(-17.9538387518128,-28.1035664858527,-15.));
#5793=CARTESIAN_POINT('Ctrl Pts',(-20.5817358647871,-28.3225588782133,1.25037615729991E-15));
#5794=CARTESIAN_POINT('Ctrl Pts',(-20.5817358647871,-28.3225588782133,-15.));
#5795=CARTESIAN_POINT('Ctrl Pts',(-22.2500292007674,-28.4422396378985,4.84504467288617E-15));
#5796=CARTESIAN_POINT('Ctrl Pts',(-22.2500292007674,-28.4422396378985,-15.));
#5797=CARTESIAN_POINT('Ctrl Pts',(-25.9288963245271,-28.8165013438098,4.88442012842E-15));
#5798=CARTESIAN_POINT('Ctrl Pts',(-25.9288963245271,-28.8165013438098,-15.));
#5799=CARTESIAN_POINT('Ctrl Pts',(-27.582088878751,-29.1450138287027,-1.04604866435487E-11));
#5800=CARTESIAN_POINT('Ctrl Pts',(-27.582088878751,-29.1450138287027,-15.0000000000105));
#5801=CARTESIAN_POINT('Ctrl Pts',(-29.384153587476,-29.9258563267146,-1.04604866435487E-11));
#5802=CARTESIAN_POINT('Ctrl Pts',(-29.384153587476,-29.9258563267146,-15.0000000000105));
#5803=CARTESIAN_POINT('Ctrl Pts',(-29.8905730791357,-30.3042202794665,1.60694750401881E-15));
#5804=CARTESIAN_POINT('Ctrl Pts',(-29.8905730791357,-30.3042202794665,-15.));
#5805=CARTESIAN_POINT('Ctrl Pts',(-30.9395851608472,-31.3149693337907,1.65792515924598E-15));
#5806=CARTESIAN_POINT('Ctrl Pts',(-30.9395851608472,-31.3149693337907,-15.));
#5807=CARTESIAN_POINT('Ctrl Pts',(-31.4747066574483,-31.9768675202421,9.71445146547012E-16));
#5808=CARTESIAN_POINT('Ctrl Pts',(-31.4747066574483,-31.9768675202421,-15.));
#5809=CARTESIAN_POINT('Ctrl Pts',(-33.0834749641825,-33.6656235254258,9.71445146547012E-16));
#5810=CARTESIAN_POINT('Ctrl Pts',(-33.0834749641825,-33.6656235254258,-15.));
#5811=CARTESIAN_POINT('Ctrl Pts',(-34.4514700054735,-34.9725754944382,-3.49720252756924E-14));
#5812=CARTESIAN_POINT('Ctrl Pts',(-34.4514700054735,-34.9725754944382,-15.));
#5813=CARTESIAN_POINT('Ctrl Pts',(-38.9953643334169,-38.2264800993803,-3.49720252756924E-14));
#5814=CARTESIAN_POINT('Ctrl Pts',(-38.9953643334169,-38.2264800993803,-15.));
#5815=CARTESIAN_POINT('Ctrl Pts',(-40.4969701834228,-39.2256433231766,5.55111512312578E-16));
#5816=CARTESIAN_POINT('Ctrl Pts',(-40.4969701834228,-39.2256433231766,-15.));
#5817=CARTESIAN_POINT('Ctrl Pts',(-42.914829679479,-40.7888793295193,5.55111512312578E-16));
#5818=CARTESIAN_POINT('Ctrl Pts',(-42.914829679479,-40.7888793295193,-15.));
#5819=CARTESIAN_POINT('Ctrl Pts',(-43.5381970806421,-41.1849663646943,-5.16947595841089E-15));
#5820=CARTESIAN_POINT('Ctrl Pts',(-43.5381970806421,-41.1849663646943,-15.));
#5821=CARTESIAN_POINT('Ctrl Pts',(-45.3952555135346,-42.3758768620848,-5.16947595841089E-15));
#5822=CARTESIAN_POINT('Ctrl Pts',(-45.3952555135346,-42.3758768620848,-15.));
#5823=CARTESIAN_POINT('Ctrl Pts',(-46.1789643037439,-42.8811029491349,1.74394946053363E-16));
#5824=CARTESIAN_POINT('Ctrl Pts',(-46.1789643037439,-42.8811029491349,-15.));
#5825=CARTESIAN_POINT('Ctrl Pts',(-46.9642577982547,-43.386914605347,1.74394946053363E-16));
#5826=CARTESIAN_POINT('Ctrl Pts',(-46.9642577982547,-43.386914605347,-15.));
#5827=CARTESIAN_POINT('Ctrl Pts',(33.3573993521842,-33.4452122802294,-7.00000000094704));
#5828=CARTESIAN_POINT('Ctrl Pts',(34.3918744596898,-34.4415158934452,-7.00000000064555));
#5829=CARTESIAN_POINT('Ctrl Pts',(36.0988512151265,-35.8952308634852,-7.00000000000751));
#5830=CARTESIAN_POINT('Ctrl Pts',(39.2924283000636,-38.0935406523991,-7.00000000000751));
#5831=CARTESIAN_POINT('Ctrl Pts',(40.2174591509646,-38.7302888255289,-7.00000000000751));
#5832=CARTESIAN_POINT('Ctrl Pts',(41.167626982329,-39.3589216790655,-7.00000000000655));
#5833=CARTESIAN_POINT('Ctrl Pts',(42.10162881723,-39.9662049320625,-7.00000000000559));
#5834=CARTESIAN_POINT('Ctrl Pts',(67.3054869211617,18.5081542908216,14.117765890989));
#5835=CARTESIAN_POINT('Ctrl Pts',(67.5739206310434,17.8664842562173,13.1629260969664));
#5836=CARTESIAN_POINT('Ctrl Pts',(67.8324047401037,17.3025943249891,11.4462445717235));
#5837=CARTESIAN_POINT('Ctrl Pts',(68.2578330282328,16.4125193054271,8.25398586363226));
#5838=CARTESIAN_POINT('Ctrl Pts',(68.4247772073016,16.0863342170933,6.77840868078383));
#5839=CARTESIAN_POINT('Ctrl Pts',(68.788299849521,15.4643362164339,2.71333364583015));
#5840=CARTESIAN_POINT('Ctrl Pts',(68.9998846400976,15.1084730585396,-2.35409157866449));
#5841=CARTESIAN_POINT('Ctrl Pts',(68.88818562488,15.1080763795476,-6.79528439218572));
#5842=CARTESIAN_POINT('Ctrl Pts',(68.69155844595,15.1601503807927,-9.74105012351756));
#5843=CARTESIAN_POINT('Ctrl Pts',(68.6072072333873,15.1862369662893,-10.6587838874933));
#5844=CARTESIAN_POINT('Ctrl Pts',(68.4022835873655,15.2423792375955,-12.3408265017262));
#5845=CARTESIAN_POINT('Ctrl Pts',(68.2817111539065,15.2724349234052,-13.1051353519833));
#5846=CARTESIAN_POINT('Ctrl Pts',(68.1437263191374,15.2977311244466,-13.7802074349898));
#5847=CARTESIAN_POINT('Ctrl Pts',(67.4338898394503,17.6536109279696,13.3416896420315));
#5848=CARTESIAN_POINT('Ctrl Pts',(67.707569226368,16.9998048328695,12.378441118229));
#5849=CARTESIAN_POINT('Ctrl Pts',(67.9596918405904,16.4157512172096,10.8743557586658));
#5850=CARTESIAN_POINT('Ctrl Pts',(68.3421922428315,15.6535169703358,8.16058862544086));
#5851=CARTESIAN_POINT('Ctrl Pts',(68.5088568306517,15.3348761630259,6.78708551927201));
#5852=CARTESIAN_POINT('Ctrl Pts',(68.8892399606717,14.7012256151409,2.78454012205988));
#5853=CARTESIAN_POINT('Ctrl Pts',(69.1166482261849,14.3305458721035,-2.24712582639354));
#5854=CARTESIAN_POINT('Ctrl Pts',(69.0140675796968,14.3209741118397,-6.68042769862953));
#5855=CARTESIAN_POINT('Ctrl Pts',(68.8227476103774,14.3670295055362,-9.6255927415936));
#5856=CARTESIAN_POINT('Ctrl Pts',(68.7399102065287,14.3912536724174,-10.5440125290461));
#5857=CARTESIAN_POINT('Ctrl Pts',(68.5376674636048,14.4437498642035,-12.2283441781083));
#5858=CARTESIAN_POINT('Ctrl Pts',(68.4182621245295,14.4720218891085,-12.994256039718));
#5859=CARTESIAN_POINT('Ctrl Pts',(68.2813529309698,14.4954694030548,-13.6709618690203));
#5860=CARTESIAN_POINT('Ctrl Pts',(67.6792992880692,16.3034505244932,12.6859742451753));
#5861=CARTESIAN_POINT('Ctrl Pts',(67.9347415403432,15.783620842883,11.7202229373366));
#5862=CARTESIAN_POINT('Ctrl Pts',(68.1327223985169,15.4108747994117,10.4995115733835));
#5863=CARTESIAN_POINT('Ctrl Pts',(68.4826445940608,14.7701289681464,8.01623213010517));
#5864=CARTESIAN_POINT('Ctrl Pts',(68.6369310478644,14.5160849160832,6.7005030836486));
#5865=CARTESIAN_POINT('Ctrl Pts',(69.0046574280333,13.9160678230822,2.82320123076115));
#5866=CARTESIAN_POINT('Ctrl Pts',(69.241271318281,13.5483518675843,-2.16017380913613));
#5867=CARTESIAN_POINT('Ctrl Pts',(69.1447863914982,13.5374734898627,-6.58128043209367));
#5868=CARTESIAN_POINT('Ctrl Pts',(68.9572128969467,13.5815815086829,-9.52438730383811));
#5869=CARTESIAN_POINT('Ctrl Pts',(68.8754867655187,13.6049953153082,-10.4433024118406));
#5870=CARTESIAN_POINT('Ctrl Pts',(68.6752482789951,13.6556539810036,-12.1299128561676));
#5871=CARTESIAN_POINT('Ctrl Pts',(68.5567359238993,13.6828988400736,-12.897608192492));
#5872=CARTESIAN_POINT('Ctrl Pts',(68.4206389783799,13.7052636179032,-13.5762042730505));
#5873=CARTESIAN_POINT('Ctrl Pts',(68.1246366468942,13.8344200942659,11.6348381430788));
#5874=CARTESIAN_POINT('Ctrl Pts',(68.3096407851808,13.6517271250958,10.8497351697856));
#5875=CARTESIAN_POINT('Ctrl Pts',(68.4755427396637,13.4352757671846,9.81828709884824));
#5876=CARTESIAN_POINT('Ctrl Pts',(68.7793215373607,12.9997095214391,7.64884185557071));
#5877=CARTESIAN_POINT('Ctrl Pts',(68.9181822125782,12.800467530151,6.45596032931896));
#5878=CARTESIAN_POINT('Ctrl Pts',(69.2573371153667,12.3176826033513,2.85187237130047));
#5879=CARTESIAN_POINT('Ctrl Pts',(69.5030713247803,11.9804788264571,-2.02142725075942));
#5880=CARTESIAN_POINT('Ctrl Pts',(69.4141050131204,11.9788584967523,-6.41317052750025));
#5881=CARTESIAN_POINT('Ctrl Pts',(69.2313892200226,12.0255926572623,-9.35033634227486));
#5882=CARTESIAN_POINT('Ctrl Pts',(69.1511521124311,12.0491622787304,-10.2699513400696));
#5883=CARTESIAN_POINT('Ctrl Pts',(68.9536011501389,12.0993022601115,-11.9609577858509));
#5884=CARTESIAN_POINT('Ctrl Pts',(68.836287295438,12.1258726200245,-12.7323492338375));
#5885=CARTESIAN_POINT('Ctrl Pts',(68.7012285368533,12.1474521504177,-13.4149574058129));
#5886=CARTESIAN_POINT('Ctrl Pts',(68.3245645571004,12.7155500675149,11.2394174378385));
#5887=CARTESIAN_POINT('Ctrl Pts',(68.4960727921727,12.5970712265351,10.4767003711787));
#5888=CARTESIAN_POINT('Ctrl Pts',(68.6494628744701,12.425961293258,9.53706073925649));
#5889=CARTESIAN_POINT('Ctrl Pts',(68.9400563212619,12.0715399283747,7.45959710842444));
#5890=CARTESIAN_POINT('Ctrl Pts',(69.0752908671029,11.8925640721985,6.30297484445256));
#5891=CARTESIAN_POINT('Ctrl Pts',(69.3945993353385,11.5044551756791,2.84188240313852));
#5892=CARTESIAN_POINT('Ctrl Pts',(69.6402482391835,11.1947997898491,-1.96963270964011));
#5893=CARTESIAN_POINT('Ctrl Pts',(69.5527048229413,11.203744125619,-6.34420788944268));
#5894=CARTESIAN_POINT('Ctrl Pts',(69.3711002565292,11.255051802695,-9.27749081846709));
#5895=CARTESIAN_POINT('Ctrl Pts',(69.2912409003535,11.2795875992617,-10.197310385504));
#5896=CARTESIAN_POINT('Ctrl Pts',(69.0943732058923,11.3310464224193,-11.890434037475));
#5897=CARTESIAN_POINT('Ctrl Pts',(68.9773648676069,11.3579694490102,-12.6637381224091));
#5898=CARTESIAN_POINT('Ctrl Pts',(68.8425320479167,11.379846468084,-13.348468134545));
#5899=CARTESIAN_POINT('Ctrl Pts',(68.8561259800999,9.70587555235001,10.4435973595413));
#5900=CARTESIAN_POINT('Ctrl Pts',(69.0195231568153,9.60893520317437,9.69830393303886));
#5901=CARTESIAN_POINT('Ctrl Pts',(69.1670818673608,9.51521621160869,8.84093505782064));
#5902=CARTESIAN_POINT('Ctrl Pts',(69.4282666203654,9.34071164956921,6.96752820963291));
#5903=CARTESIAN_POINT('Ctrl Pts',(69.5418926628244,9.25992607909541,5.9514902366634));
#5904=CARTESIAN_POINT('Ctrl Pts',(69.8284881844515,9.04670555811983,2.76359537064835));
#5905=CARTESIAN_POINT('Ctrl Pts',(70.0658619312876,8.84010803800785,-1.8596803096558));
#5906=CARTESIAN_POINT('Ctrl Pts',(69.9776366755084,8.89275482755848,-6.18074557964384));
#5907=CARTESIAN_POINT('Ctrl Pts',(69.7961422494359,8.96513203064119,-9.10127815638149));
#5908=CARTESIAN_POINT('Ctrl Pts',(69.7164231933721,8.99473978348871,-10.0214112860018));
#5909=CARTESIAN_POINT('Ctrl Pts',(69.5196722767889,9.05419857528971,-11.7204325080105));
#5910=CARTESIAN_POINT('Ctrl Pts',(69.4026404162695,9.08404961424319,-12.4993206003989));
#5911=CARTESIAN_POINT('Ctrl Pts',(69.2675166653342,9.10866192081599,-13.1903413848476));
#5912=CARTESIAN_POINT('Ctrl Pts',(69.8871661725399,4.28234665051811,9.58644778158514));
#5913=CARTESIAN_POINT('Ctrl Pts',(70.0457230770188,4.21288427280872,8.85391422271415));
#5914=CARTESIAN_POINT('Ctrl Pts',(70.185754207029,4.16251940883115,8.03889728430662));
#5915=CARTESIAN_POINT('Ctrl Pts',(70.4287110081709,4.09377709350848,6.28605178263902));
#5916=CARTESIAN_POINT('Ctrl Pts',(70.5316366793025,4.07539964216336,5.34822321937894));
#5917=CARTESIAN_POINT('Ctrl Pts',(70.7846746394674,4.05893698482986,2.41375279365069));
#5918=CARTESIAN_POINT('Ctrl Pts',(70.9734211110743,4.14010596625681,-1.82150040318169));
#5919=CARTESIAN_POINT('Ctrl Pts',(70.8640300730612,4.32819149279423,-6.02752337754159));
#5920=CARTESIAN_POINT('Ctrl Pts',(70.669861768796,4.47210365312645,-8.91814846956111));
#5921=CARTESIAN_POINT('Ctrl Pts',(70.586451496415,4.52054904247539,-9.83770814377588));
#5922=CARTESIAN_POINT('Ctrl Pts',(70.3822020331266,4.61218154481843,-11.5467083117348));
#5923=CARTESIAN_POINT('Ctrl Pts',(70.2613628422193,4.65536865781254,-12.3361488054789));
#5924=CARTESIAN_POINT('Ctrl Pts',(70.1217822370781,4.69282282521363,-13.0394521418774));
#5925=CARTESIAN_POINT('Ctrl Pts',(72.0358246993468,-7.08413139176612,8.81616205615052));
#5926=CARTESIAN_POINT('Ctrl Pts',(72.2179294887701,-7.09130303295905,8.07585603068777));
#5927=CARTESIAN_POINT('Ctrl Pts',(72.3772711795154,-7.07509054555449,7.25575452836188));
#5928=CARTESIAN_POINT('Ctrl Pts',(72.6504283636504,-7.00404411941214,5.49692317451938));
#5929=CARTESIAN_POINT('Ctrl Pts',(72.7642438570399,-6.94921018067435,4.55819332300277));
#5930=CARTESIAN_POINT('Ctrl Pts',(73.0374010411749,-6.7389963962538,1.62550515147017));
#5931=CARTESIAN_POINT('Ctrl Pts',(73.2195058305982,-6.33681276847387,-2.59540872252735));
#5932=CARTESIAN_POINT('Ctrl Pts',(73.0374010411749,-5.82118087071038,-6.7822468811976));
#5933=CARTESIAN_POINT('Ctrl Pts',(72.76424385704,-5.44079468131447,-9.66382147973931));
#5934=CARTESIAN_POINT('Ctrl Pts',(72.6504283636504,-5.31505557383695,-10.5812540091764));
#5935=CARTESIAN_POINT('Ctrl Pts',(72.3772711795154,-5.07383674271925,-12.288971790028));
#5936=CARTESIAN_POINT('Ctrl Pts',(72.21792948877,-4.95835701907906,-13.0792570414425));
#5937=CARTESIAN_POINT('Ctrl Pts',(72.0358246993468,-4.85208039028841,-13.785487351578));
#5938=CARTESIAN_POINT('Ctrl Pts',(73.9190844108051,-23.1471430573809,4.07210793218746));
#5939=CARTESIAN_POINT('Ctrl Pts',(74.2822942903019,-23.1074249548813,3.24458513601536));
#5940=CARTESIAN_POINT('Ctrl Pts',(74.6001029348616,-23.0126502573276,2.34727597234077));
#5941=CARTESIAN_POINT('Ctrl Pts',(75.1449177541067,-22.7341692668134,0.458156658757817));
#5942=CARTESIAN_POINT('Ctrl Pts',(75.3719239287922,-22.550462973853,-0.533653491150557));
#5943=CARTESIAN_POINT('Ctrl Pts',(75.9167387480374,-21.8977190939141,-3.5832277970696));
#5944=CARTESIAN_POINT('Ctrl Pts',(76.2799486275342,-20.756393917842,-7.84704382147877));
#5945=CARTESIAN_POINT('Ctrl Pts',(75.9167387480374,-19.4119742513546,-11.78514576525));
#5946=CARTESIAN_POINT('Ctrl Pts',(75.3719239287922,-18.4545886357929,-14.3461489502122));
#5947=CARTESIAN_POINT('Ctrl Pts',(75.1449177541067,-18.143948286323,-15.1343877997218));
#5948=CARTESIAN_POINT('Ctrl Pts',(74.6001029348616,-17.5608255601861,-16.5349359923479));
#5949=CARTESIAN_POINT('Ctrl Pts',(74.2822942903019,-17.2883431835191,-17.1472453354643));
#5950=CARTESIAN_POINT('Ctrl Pts',(73.9190844108052,-17.0455305906043,-17.6490540509985));
#5951=CARTESIAN_POINT('Ctrl Pts',(82.1971896476685,-39.0598905187191,-0.79164630210754));
#5952=CARTESIAN_POINT('Ctrl Pts',(82.4861345339322,-38.9933532225282,-1.60039896488567));
#5953=CARTESIAN_POINT('Ctrl Pts',(82.7389613094129,-38.8986532022392,-2.49662525953239));
#5954=CARTESIAN_POINT('Ctrl Pts',(83.1723786388085,-38.660620929132,-4.41723987284986));
#5955=CARTESIAN_POINT('Ctrl Pts',(83.3529691927233,-38.5172886763139,-5.44162819152062));
#5956=CARTESIAN_POINT('Ctrl Pts',(83.7863865221189,-38.0258833925666,-8.63685832399924));
#5957=CARTESIAN_POINT('Ctrl Pts',(84.0753314083826,-37.2069202801227,-13.2226723045477));
#5958=CARTESIAN_POINT('Ctrl Pts',(83.7863865221189,-36.1835364834587,-17.7109367241731));
#5959=CARTESIAN_POINT('Ctrl Pts',(83.3529691927233,-35.3855001733813,-20.7598425152673));
#5960=CARTESIAN_POINT('Ctrl Pts',(83.1723786388085,-35.1144049929256,-21.7232623583612));
#5961=CARTESIAN_POINT('Ctrl Pts',(82.7389613094129,-34.5697416934883,-23.4975526302942));
#5962=CARTESIAN_POINT('Ctrl Pts',(82.4861345339322,-34.2961735745067,-24.3084230591333));
#5963=CARTESIAN_POINT('Ctrl Pts',(82.1971896476685,-34.0252155940957,-25.0196261609885));
#5964=CARTESIAN_POINT('Ctrl Pts',(72.0493188895354,-50.9444871663066,-1.09762186668832));
#5965=CARTESIAN_POINT('Ctrl Pts',(72.429532076575,-50.9010621248196,-1.95381206726744));
#5966=CARTESIAN_POINT('Ctrl Pts',(72.8022119979573,-50.8204737588782,-2.88764901914849));
#5967=CARTESIAN_POINT('Ctrl Pts',(73.5187468786267,-50.5948602776943,-4.86611228647981));
#5968=CARTESIAN_POINT('Ctrl Pts',(73.8626018379137,-50.4498351624517,-5.91073860193006));
#5969=CARTESIAN_POINT('Ctrl Pts',(74.830291626461,-49.9329395421841,-9.14404538508264));
#5970=CARTESIAN_POINT('Ctrl Pts',(75.950211106354,-49.0255579830535,-13.7202619940909));
#5971=CARTESIAN_POINT('Ctrl Pts',(76.50932855075,-47.8400400200986,-18.1146941748207));
#5972=CARTESIAN_POINT('Ctrl Pts',(76.6358152860522,-46.9059397940944,-21.0753243155556));
#5973=CARTESIAN_POINT('Ctrl Pts',(76.6291689731537,-46.5870794264617,-22.0063353633319));
#5974=CARTESIAN_POINT('Ctrl Pts',(76.5045008005778,-45.9442613395412,-23.7121219882455));
#5975=CARTESIAN_POINT('Ctrl Pts',(76.3864789409004,-45.6203036202535,-24.486897565383));
#5976=CARTESIAN_POINT('Ctrl Pts',(76.2058900924433,-45.2987421749421,-25.1613033376837));
#5977=CARTESIAN_POINT('Ctrl Pts',(65.9169830397255,-52.7281425293931,-2.30122461503986));
#5978=CARTESIAN_POINT('Ctrl Pts',(66.2876810048736,-52.6736811444618,-3.1447152818914));
#5979=CARTESIAN_POINT('Ctrl Pts',(66.6579312579468,-52.5823664535159,-4.07398258634284));
#5980=CARTESIAN_POINT('Ctrl Pts',(67.3821428527082,-52.3372119688679,-6.05602330223925));
#5981=CARTESIAN_POINT('Ctrl Pts',(67.7361041943962,-52.1833721751656,-7.1087967136842));
#5982=CARTESIAN_POINT('Ctrl Pts',(68.750464621529,-51.6448374038333,-10.3803053561999));
#5983=CARTESIAN_POINT('Ctrl Pts',(69.976215596556,-50.7214166681223,-15.044152634703));
#5984=CARTESIAN_POINT('Ctrl Pts',(70.7022115868461,-49.566151332905,-19.5429167322026));
#5985=CARTESIAN_POINT('Ctrl Pts',(70.9669395368732,-48.6798496623135,-22.5668006032132));
#5986=CARTESIAN_POINT('Ctrl Pts',(71.0085540131006,-48.3811069939199,-23.516397026531));
#5987=CARTESIAN_POINT('Ctrl Pts',(70.9831331307563,-47.7881856100125,-25.2508129709223));
#5988=CARTESIAN_POINT('Ctrl Pts',(70.9160977721846,-47.4940068944988,-26.0356324919958));
#5989=CARTESIAN_POINT('Ctrl Pts',(70.7870407525955,-47.2077009100614,-26.7140399778439));
#5990=CARTESIAN_POINT('Ctrl Pts',(63.3928934270445,-52.7923274396203,-2.9230636343132));
#5991=CARTESIAN_POINT('Ctrl Pts',(63.7516488293353,-52.7302203087411,-3.75619316418989));
#5992=CARTESIAN_POINT('Ctrl Pts',(64.1116084884432,-52.6321009981811,-4.68019164394004));
#5993=CARTESIAN_POINT('Ctrl Pts',(64.8186987922655,-52.3755467094259,-6.65981020108814));
#5994=CARTESIAN_POINT('Ctrl Pts',(65.1658294369797,-52.2171117312306,-7.71543027848609));
#5995=CARTESIAN_POINT('Ctrl Pts',(66.1651215574899,-51.6688963327814,-11.0045484540029));
#5996=CARTESIAN_POINT('Ctrl Pts',(67.3852448818166,-50.7435145645464,-15.7160605368865));
#5997=CARTESIAN_POINT('Ctrl Pts',(68.1370354183216,-49.6166160566604,-20.2777541505729));
#5998=CARTESIAN_POINT('Ctrl Pts',(68.4338283570992,-48.7661255487345,-23.3421446222938));
#5999=CARTESIAN_POINT('Ctrl Pts',(68.4882510094249,-48.4817426082573,-24.3041281564435));
#6000=CARTESIAN_POINT('Ctrl Pts',(68.4928421315145,-47.9229132100254,-26.0590190097957));
#6001=CARTESIAN_POINT('Ctrl Pts',(68.4430106012785,-47.6484667522706,-26.8519263289983));
#6002=CARTESIAN_POINT('Ctrl Pts',(68.3334332157476,-47.3848428817403,-27.5352373896777));
#6003=CARTESIAN_POINT('Ctrl Pts',(62.1395461793988,-52.7658892346238,-3.24284411023844));
#6004=CARTESIAN_POINT('Ctrl Pts',(62.4916749160429,-52.699716240398,-4.07038319832245));
#6005=CARTESIAN_POINT('Ctrl Pts',(62.8456148729876,-52.5987080317292,-4.99136582217259));
#6006=CARTESIAN_POINT('Ctrl Pts',(63.5424950983589,-52.3358551136117,-6.96949616473816));
#6007=CARTESIAN_POINT('Ctrl Pts',(63.8853059824219,-52.1748811027668,-8.02651206824835));
#6008=CARTESIAN_POINT('Ctrl Pts',(64.8741414488812,-51.6217914986564,-11.324538119229));
#6009=CARTESIAN_POINT('Ctrl Pts',(66.0872022807113,-50.6958386225176,-16.060725004567));
#6010=CARTESIAN_POINT('Ctrl Pts',(66.8480796877741,-49.5844069795842,-20.655401362811));
#6011=CARTESIAN_POINT('Ctrl Pts',(67.1586400170826,-48.7530992252818,-23.7411616231507));
#6012=CARTESIAN_POINT('Ctrl Pts',(67.218842990353,-48.4765329552607,-24.7096686611281));
#6013=CARTESIAN_POINT('Ctrl Pts',(67.2374615379474,-47.936125827092,-26.4754036408547));
#6014=CARTESIAN_POINT('Ctrl Pts',(67.1957139200017,-47.6714879506068,-27.2728252331093));
#6015=CARTESIAN_POINT('Ctrl Pts',(67.0956592318785,-47.4198361895863,-27.9588537940994));
#6016=CARTESIAN_POINT('Ctrl Pts',(61.7228427802856,-52.7498152018344,-3.35053689128379));
#6017=CARTESIAN_POINT('Ctrl Pts',(62.0726533976776,-52.6822464214309,-4.1761441865527));
#6018=CARTESIAN_POINT('Ctrl Pts',(62.4248116293851,-52.5778670031145,-5.09643548982243));
#6019=CARTESIAN_POINT('Ctrl Pts',(63.1180135897759,-52.3128147539914,-7.0740235716591));
#6020=CARTESIAN_POINT('Ctrl Pts',(63.459208063449,-52.1511274771698,-8.13147392737556));
#6021=CARTESIAN_POINT('Ctrl Pts',(64.4440966499135,-51.5962341708482,-11.4325126936918));
#6022=CARTESIAN_POINT('Ctrl Pts',(65.6540952063869,-50.6701591601345,-16.1770649132253));
#6023=CARTESIAN_POINT('Ctrl Pts',(66.4173665032108,-49.5640970473998,-20.7829885173992));
#6024=CARTESIAN_POINT('Ctrl Pts',(66.7321709298878,-48.7395550581171,-23.8760195745772));
#6025=CARTESIAN_POINT('Ctrl Pts',(66.7941642311233,-48.4655418275676,-24.8467946526444));
#6026=CARTESIAN_POINT('Ctrl Pts',(66.8172954911006,-47.9315048356243,-26.6162454531448));
#6027=CARTESIAN_POINT('Ctrl Pts',(66.7786235842321,-47.6724096757844,-27.4146955544702));
#6028=CARTESIAN_POINT('Ctrl Pts',(66.6817069419745,-47.42485379336,-28.1016742343796));
#6029=CARTESIAN_POINT('Ctrl Pts',(60.8915940155962,-52.703144540674,-3.56812103151502));
#6030=CARTESIAN_POINT('Ctrl Pts',(61.2366591637814,-52.6327436895199,-4.38979642893618));
#6031=CARTESIAN_POINT('Ctrl Pts',(61.5844842364147,-52.5259064877539,-5.30800581963976));
#6032=CARTESIAN_POINT('Ctrl Pts',(62.2699984506685,-52.2567347342908,-7.28440582218702));
#6033=CARTESIAN_POINT('Ctrl Pts',(62.6078314611916,-52.0934320095549,-8.34274300590672));
#6034=CARTESIAN_POINT('Ctrl Pts',(63.5842889558799,-51.5352637987988,-11.6497731953382));
#6035=CARTESIAN_POINT('Ctrl Pts',(64.787454850449,-50.6090127536615,-16.4111964833066));
#6036=CARTESIAN_POINT('Ctrl Pts',(65.5548788597031,-49.513903609872,-21.0398675770844));
#6037=CARTESIAN_POINT('Ctrl Pts',(65.87773058568,-48.702796478826,-24.1477015163521));
#6038=CARTESIAN_POINT('Ctrl Pts',(65.9432284475117,-48.4341315562767,-25.1230345992638));
#6039=CARTESIAN_POINT('Ctrl Pts',(65.9751510115758,-47.9127173379005,-26.9001024338913));
#6040=CARTESIAN_POINT('Ctrl Pts',(65.9417571754013,-47.6608542863637,-27.7016218559886));
#6041=CARTESIAN_POINT('Ctrl Pts',(65.8510804382715,-47.4215953365572,-28.3905450592192));
#6042=CARTESIAN_POINT('Ctrl Pts',(60.4770486500202,-52.6725479123032,-3.6780123907009));
#6043=CARTESIAN_POINT('Ctrl Pts',(60.8196864482503,-52.6007107765759,-4.49768768308942));
#6044=CARTESIAN_POINT('Ctrl Pts',(61.1650487031298,-52.4941906546056,-5.41459676278746));
#6045=CARTESIAN_POINT('Ctrl Pts',(61.8464943588385,-52.2234962920762,-7.39029075945406));
#6046=CARTESIAN_POINT('Ctrl Pts',(62.1825553004952,-52.0594731916521,-8.44905279529267));
#6047=CARTESIAN_POINT('Ctrl Pts',(63.154526060814,-51.4998507545575,-11.7590591225218));
#6048=CARTESIAN_POINT('Ctrl Pts',(64.3539215688354,-50.5735458095715,-16.5289881447296));
#6049=CARTESIAN_POINT('Ctrl Pts',(65.1231044007589,-49.4840201045286,-21.1691594821814));
#6050=CARTESIAN_POINT('Ctrl Pts',(65.449756146931,-48.6795665273483,-24.2845292822765));
#6051=CARTESIAN_POINT('Ctrl Pts',(65.5169341660266,-48.4135304518885,-25.2621927651425));
#6052=CARTESIAN_POINT('Ctrl Pts',(65.5530608075885,-47.8980049492735,-27.0432502346751));
#6053=CARTESIAN_POINT('Ctrl Pts',(65.5219811023401,-47.6483771717652,-27.8466778361463));
#6054=CARTESIAN_POINT('Ctrl Pts',(65.4344062244725,-47.4133192759809,-28.5365954437787));
#6055=CARTESIAN_POINT('Ctrl Pts',(60.0621253844536,-52.6444943809867,-3.78751875000426));
#6056=CARTESIAN_POINT('Ctrl Pts',(60.4023358327288,-52.5712209606863,-4.60519393736014));
#6057=CARTESIAN_POINT('Ctrl Pts',(60.7454915973673,-52.4632929495795,-5.5210638493838));
#6058=CARTESIAN_POINT('Ctrl Pts',(61.4229497428493,-52.1905305592358,-7.49613441120399));
#6059=CARTESIAN_POINT('Ctrl Pts',(61.7572521236928,-52.0256961799988,-8.55533506100052));
#6060=CARTESIAN_POINT('Ctrl Pts',(62.7247631657481,-51.4644377103162,-11.8683450497054));
#6061=CARTESIAN_POINT('Ctrl Pts',(63.9203882872218,-50.5380788654816,-16.6467798061527));
#6062=CARTESIAN_POINT('Ctrl Pts',(64.6913299418147,-49.4541365991852,-21.2984513872784));
#6063=CARTESIAN_POINT('Ctrl Pts',(65.0218157835489,-48.6565029973096,-24.421316613001));
#6064=CARTESIAN_POINT('Ctrl Pts',(65.0906909975919,-48.3931789796589,-25.4012902782215));
#6065=CARTESIAN_POINT('Ctrl Pts',(65.1311239427528,-47.8840414571222,-27.1862160770594));
#6066=CARTESIAN_POINT('Ctrl Pts',(65.1026816738706,-47.6382279522363,-27.9911682106767));
#6067=CARTESIAN_POINT('Ctrl Pts',(65.018208655265,-47.407371110474,-28.6820802227111));
#6068=CARTESIAN_POINT('',(68.8515399133998,15.1227701676743,-7.));
#6069=CARTESIAN_POINT('Ctrl Pts',(61.2504416343096,-52.2575627462563,-7.));
#6070=CARTESIAN_POINT('Ctrl Pts',(62.9784940692966,-52.3222589360561,-7.));
#6071=CARTESIAN_POINT('Ctrl Pts',(64.8210893323623,-52.3984073114501,-7.));
#6072=CARTESIAN_POINT('Ctrl Pts',(68.157157249886,-51.987588518099,-7.));
#6073=CARTESIAN_POINT('Ctrl Pts',(69.6560875082875,-51.6104137303125,-7.));
#6074=CARTESIAN_POINT('Ctrl Pts',(73.396004398756,-49.7706578188517,-7.));
#6075=CARTESIAN_POINT('Ctrl Pts',(75.0854474374345,-48.1591616451856,-7.));
#6076=CARTESIAN_POINT('Ctrl Pts',(77.6237231664138,-45.2658855540127,-7.));
#6077=CARTESIAN_POINT('Ctrl Pts',(78.8111379421487,-43.394140760148,-7.00000000000603));
#6078=CARTESIAN_POINT('Ctrl Pts',(80.4819201674615,-39.1427539857123,-7.00000000000603));
#6079=CARTESIAN_POINT('Ctrl Pts',(80.6393152025081,-37.2496095290228,-7.));
#6080=CARTESIAN_POINT('Ctrl Pts',(80.5496615600478,-33.1529368756592,-7.));
#6081=CARTESIAN_POINT('Ctrl Pts',(79.8610210244181,-30.4040098889986,-7.));
#6082=CARTESIAN_POINT('Ctrl Pts',(78.1090931252807,-24.683742368894,-7.));
#6083=CARTESIAN_POINT('Ctrl Pts',(77.2678051079725,-22.4296685100884,-7.));
#6084=CARTESIAN_POINT('Ctrl Pts',(75.0596023928126,-14.6739173766648,-7.));
#6085=CARTESIAN_POINT('Ctrl Pts',(74.1068135382872,-10.7056115194133,-7.00000000000225));
#6086=CARTESIAN_POINT('Ctrl Pts',(72.6893898561622,-4.3779402212449,-7.00000000000225));
#6087=CARTESIAN_POINT('Ctrl Pts',(71.9653808830776,-1.04995459786986,-7.00000000005125));
#6088=CARTESIAN_POINT('Ctrl Pts',(71.0455589997567,3.25603958965131,-7.00000000005125));
#6089=CARTESIAN_POINT('Ctrl Pts',(70.6030521527165,5.39326145659015,-7.));
#6090=CARTESIAN_POINT('Ctrl Pts',(69.6954443133255,10.0664978551205,-7.));
#6091=CARTESIAN_POINT('Ctrl Pts',(69.2386978448094,12.6124146714106,-7.));
#6092=CARTESIAN_POINT('Ctrl Pts',(68.8515399133998,15.1227701676743,-7.));
#6093=CARTESIAN_POINT('Ctrl Pts',(68.8515399133998,15.1227701676743,-7.));
#6094=CARTESIAN_POINT('Ctrl Pts',(68.8263956102248,15.1256850815785,-7.60609468546657));
#6095=CARTESIAN_POINT('Ctrl Pts',(68.7948713780433,15.1327893731043,-8.19326971686121));
#6096=CARTESIAN_POINT('Ctrl Pts',(68.69155844595,15.1601503807927,-9.74105012351756));
#6097=CARTESIAN_POINT('Ctrl Pts',(68.6072072333873,15.1862369662893,-10.6587838874933));
#6098=CARTESIAN_POINT('Ctrl Pts',(68.4022835873655,15.2423792375955,-12.3408265017262));
#6099=CARTESIAN_POINT('Ctrl Pts',(68.2817111539065,15.2724349234052,-13.1051353519833));
#6100=CARTESIAN_POINT('Ctrl Pts',(68.1437263191374,15.2977311244466,-13.7802074349898));
#6101=CARTESIAN_POINT('Ctrl Pts',(66.889206507933,29.837196784073,9.11207919996925));
#6102=CARTESIAN_POINT('Ctrl Pts',(66.8208592755352,29.9800703153063,7.78517081925886));
#6103=CARTESIAN_POINT('Ctrl Pts',(66.7525069177356,30.1261996710209,6.44942817215932));
#6104=CARTESIAN_POINT('Ctrl Pts',(66.6158314712263,30.3998656896757,3.82839178938152));
#6105=CARTESIAN_POINT('Ctrl Pts',(66.5475083825166,30.527402352616,2.54309805370327));
#6106=CARTESIAN_POINT('Ctrl Pts',(66.342583020022,30.8821233022751,-1.23710978619953));
#6107=CARTESIAN_POINT('Ctrl Pts',(66.0695064882995,31.2551719805288,-6.0062867829752));
#6108=CARTESIAN_POINT('Ctrl Pts',(65.7970571891987,31.2297817765226,-9.69435045626094));
#6109=CARTESIAN_POINT('Ctrl Pts',(65.6074791677795,31.0888960503398,-11.9160726311707));
#6110=CARTESIAN_POINT('Ctrl Pts',(65.5504896079981,31.0307113004467,-12.5390055918876));
#6111=CARTESIAN_POINT('Ctrl Pts',(65.4489167164853,30.8918961183295,-13.5495893181484));
#6112=CARTESIAN_POINT('Ctrl Pts',(65.4043333847539,30.8112656861054,-13.9372400836925));
#6113=CARTESIAN_POINT('Ctrl Pts',(65.3561391424106,30.7181475534004,-14.3379506211809));
#6114=CARTESIAN_POINT('Ctrl Pts',(67.0559885563321,29.3592241363617,9.26998368259005));
#6115=CARTESIAN_POINT('Ctrl Pts',(66.9899414814297,29.5003151836017,7.94097405719735));
#6116=CARTESIAN_POINT('Ctrl Pts',(66.9238892811257,29.644662055323,6.6031301654155));
#6117=CARTESIAN_POINT('Ctrl Pts',(66.7914891655992,29.9154690201468,3.9777841843225));
#6118=CARTESIAN_POINT('Ctrl Pts',(66.7251412503768,30.0419291132493,2.69028209501134));
#6119=CARTESIAN_POINT('Ctrl Pts',(66.5251664563199,30.3955380958619,-1.09687213264195));
#6120=CARTESIAN_POINT('Ctrl Pts',(66.2560908104495,30.7727514646314,-5.87616785135637));
#6121=CARTESIAN_POINT('Ctrl Pts',(65.9772429089407,30.7741152041189,-9.57777773299995));
#6122=CARTESIAN_POINT('Ctrl Pts',(65.7720290704841,30.6780394136591,-11.8143034531554));
#6123=CARTESIAN_POINT('Ctrl Pts',(65.7045107233847,30.6363063937614,-12.4840879136895));
#6124=CARTESIAN_POINT('Ctrl Pts',(65.5690574165354,30.5412877306149,-13.5972953388692));
#6125=CARTESIAN_POINT('Ctrl Pts',(65.5162563928429,30.4601699920026,-14.0123657716704));
#6126=CARTESIAN_POINT('Ctrl Pts',(65.4345351422297,30.4187725699977,-14.4777532502301));
#6127=CARTESIAN_POINT('Ctrl Pts',(67.2050833230373,28.8503375276521,9.44428045596968));
#6128=CARTESIAN_POINT('Ctrl Pts',(67.1416236207069,28.9892060366023,8.11238189638962));
#6129=CARTESIAN_POINT('Ctrl Pts',(67.0781622695069,29.1291219619554,6.7776413053743));
#6130=CARTESIAN_POINT('Ctrl Pts',(66.9506090499594,29.3958663520021,4.14721286924657));
#6131=CARTESIAN_POINT('Ctrl Pts',(66.8865159797249,29.523458294917,2.84945342290725));
#6132=CARTESIAN_POINT('Ctrl Pts',(66.6923345694575,29.8737357801402,-0.945020038032123));
#6133=CARTESIAN_POINT('Ctrl Pts',(66.4283534902629,30.2541101777137,-5.74083831107505));
#6134=CARTESIAN_POINT('Ctrl Pts',(66.1440878713227,30.2842852988323,-9.47310465356339));
#6135=CARTESIAN_POINT('Ctrl Pts',(65.9218864734618,30.2372895647745,-11.7601516073977));
#6136=CARTESIAN_POINT('Ctrl Pts',(65.8463189768989,30.2100198076058,-12.4371417915038));
#6137=CARTESIAN_POINT('Ctrl Pts',(65.6847275893034,30.1651708816956,-13.6263193857829));
#6138=CARTESIAN_POINT('Ctrl Pts',(65.5987424201734,30.1518272704503,-14.1343047527385));
#6139=CARTESIAN_POINT('Ctrl Pts',(65.5073289191177,30.1309410042729,-14.5975410709284));
#6140=CARTESIAN_POINT('Ctrl Pts',(67.467154032657,27.7944777224687,9.8181142845686));
#6141=CARTESIAN_POINT('Ctrl Pts',(67.4099109155691,27.9261370178908,8.48102706189434));
#6142=CARTESIAN_POINT('Ctrl Pts',(67.3526672488581,28.0581454521139,7.14299249540831));
#6143=CARTESIAN_POINT('Ctrl Pts',(67.2368648527117,28.3122710723941,4.50081322753906));
#6144=CARTESIAN_POINT('Ctrl Pts',(67.1783057226474,28.4346427511917,3.19597799241353));
#6145=CARTESIAN_POINT('Ctrl Pts',(66.9986795949077,28.7743387225727,-0.622975904198057));
#6146=CARTESIAN_POINT('Ctrl Pts',(66.7486481244633,29.1541491777153,-5.46010960964014));
#6147=CARTESIAN_POINT('Ctrl Pts',(66.4564986498329,29.2403061797664,-9.27481294457226));
#6148=CARTESIAN_POINT('Ctrl Pts',(66.2054362463492,29.2708407523668,-11.6749011682414));
#6149=CARTESIAN_POINT('Ctrl Pts',(66.1164237289362,29.2753384134106,-12.3981073632094));
#6150=CARTESIAN_POINT('Ctrl Pts',(65.9154957926918,29.3100218584101,-13.7079374188791));
#6151=CARTESIAN_POINT('Ctrl Pts',(65.8033273349456,29.348751534063,-14.2874605784887));
#6152=CARTESIAN_POINT('Ctrl Pts',(65.6760633633393,29.4006751881385,-14.8062236857852));
#6153=CARTESIAN_POINT('Ctrl Pts',(67.5801299755715,27.247504525995,10.0176513397879));
#6154=CARTESIAN_POINT('Ctrl Pts',(67.5265157665438,27.3743706447913,8.677739354287));
#6155=CARTESIAN_POINT('Ctrl Pts',(67.4729011911007,27.5014695227883,7.33719580624494));
#6156=CARTESIAN_POINT('Ctrl Pts',(67.3640028156359,27.7469797066562,4.68850890574941));
#6157=CARTESIAN_POINT('Ctrl Pts',(67.3087189814007,27.8654127460669,3.3803065820948));
#6158=CARTESIAN_POINT('Ctrl Pts',(67.1378565072204,28.1967439807268,-0.452783864973812));
#6159=CARTESIAN_POINT('Ctrl Pts',(66.8966800788502,28.5728294646345,-5.31471044848655));
#6160=CARTESIAN_POINT('Ctrl Pts',(66.602064465961,28.6861569659871,-9.1811943150177));
#6161=CARTESIAN_POINT('Ctrl Pts',(66.3387662719944,28.751049913145,-11.641766013554));
#6162=CARTESIAN_POINT('Ctrl Pts',(66.2438706444596,28.771696983963,-12.3925418145891));
#6163=CARTESIAN_POINT('Ctrl Pts',(66.0299511598189,28.8332465395475,-13.7528528216008));
#6164=CARTESIAN_POINT('Ctrl Pts',(65.9107346410704,28.87643352639,-14.3545514639366));
#6165=CARTESIAN_POINT('Ctrl Pts',(65.7720040306728,28.9582409377289,-14.8951184799437));
#6166=CARTESIAN_POINT('Ctrl Pts',(67.8637631780248,25.5850670562761,10.6428064786882));
#6167=CARTESIAN_POINT('Ctrl Pts',(67.8232968267501,25.692322884752,9.29382558378621));
#6168=CARTESIAN_POINT('Ctrl Pts',(67.7828304754755,25.7995787132279,7.94484468888426));
#6169=CARTESIAN_POINT('Ctrl Pts',(67.6991011783434,26.0089803852621,5.27525907956946));
#6170=CARTESIAN_POINT('Ctrl Pts',(67.6558382324859,26.1111262288203,3.95465436515663));
#6171=CARTESIAN_POINT('Ctrl Pts',(67.5176596111647,26.4022338047421,0.0779687633854628));
#6172=CARTESIAN_POINT('Ctrl Pts',(67.3110486927402,26.7494973599632,-4.86393592839649));
#6173=CARTESIAN_POINT('Ctrl Pts',(67.0149467476634,26.9332413978192,-8.89780284452672));
#6174=CARTESIAN_POINT('Ctrl Pts',(66.7271385552625,27.0818165774489,-11.5337500069824));
#6175=CARTESIAN_POINT('Ctrl Pts',(66.6202472021967,27.1331361625317,-12.347490223694));
#6176=CARTESIAN_POINT('Ctrl Pts',(66.379191818434,27.2513788781515,-13.8369965057743));
#6177=CARTESIAN_POINT('Ctrl Pts',(66.2450277877372,27.3183020086884,-14.5127625711431));
#6178=CARTESIAN_POINT('Ctrl Pts',(66.0945463683418,27.3990341594733,-15.1154633226095));
#6179=CARTESIAN_POINT('Ctrl Pts',(68.094488444522,23.3111027491905,11.547130592535));
#6180=CARTESIAN_POINT('Ctrl Pts',(68.0775822597782,23.378262829391,10.1844721626417));
#6181=CARTESIAN_POINT('Ctrl Pts',(68.0606760750343,23.4454229095915,8.82181373274844));
#6182=CARTESIAN_POINT('Ctrl Pts',(68.0223909257802,23.5793140255895,6.12069434916688));
#6183=CARTESIAN_POINT('Ctrl Pts',(68.0010119612701,23.646045061387,4.78223339547858));
#6184=CARTESIAN_POINT('Ctrl Pts',(67.9234567284408,23.8449510355706,0.83944296302861));
#6185=CARTESIAN_POINT('Ctrl Pts',(67.784267513205,24.1067266459246,-4.22403113726491));
#6186=CARTESIAN_POINT('Ctrl Pts',(67.5019493454484,24.3547728353827,-8.51318599899933));
#6187=CARTESIAN_POINT('Ctrl Pts',(67.2145753404748,24.5442776691736,-11.336363737528));
#6188=CARTESIAN_POINT('Ctrl Pts',(67.1061781089575,24.6080243123867,-12.2118082490755));
#6189=CARTESIAN_POINT('Ctrl Pts',(66.8605115158775,24.7381107834676,-13.8142480206944));
#6190=CARTESIAN_POINT('Ctrl Pts',(66.7232421543147,24.8044506113354,-14.5412432807658));
#6191=CARTESIAN_POINT('Ctrl Pts',(66.5697065592323,24.8728052585749,-15.1854040239898));
#6192=CARTESIAN_POINT('Ctrl Pts',(68.0184008710271,21.3022377615685,12.4723137688261));
#6193=CARTESIAN_POINT('Ctrl Pts',(68.0445732959298,21.2836441619792,11.0938376701466));
#6194=CARTESIAN_POINT('Ctrl Pts',(68.0707457208325,21.26505056239,9.71536157146706));
#6195=CARTESIAN_POINT('Ctrl Pts',(68.116301903234,21.2327687272589,6.98163402916246));
#6196=CARTESIAN_POINT('Ctrl Pts',(68.1356856607327,21.219080491717,5.6263825855374));
#6197=CARTESIAN_POINT('Ctrl Pts',(68.1734709310172,21.1927318772338,1.63030221982569));
#6198=CARTESIAN_POINT('Ctrl Pts',(68.1695419521649,21.1968433036355,-3.51200769402068));
#6199=CARTESIAN_POINT('Ctrl Pts',(67.9483756163864,21.3579263795548,-7.91112864612346));
#6200=CARTESIAN_POINT('Ctrl Pts',(67.6919467378387,21.5015983294298,-10.8106612247821));
#6201=CARTESIAN_POINT('Ctrl Pts',(67.5913780905371,21.5532989198774,-11.7105373950986));
#6202=CARTESIAN_POINT('Ctrl Pts',(67.358541067385,21.6583191941454,-13.3568349781314));
#6203=CARTESIAN_POINT('Ctrl Pts',(67.2262726915344,21.7116388779659,-14.1032563908477));
#6204=CARTESIAN_POINT('Ctrl Pts',(67.0773969415871,21.7627677146701,-14.7628577352001));
#6205=CARTESIAN_POINT('Ctrl Pts',(67.8418148134921,20.0374492710451,13.128757501393));
#6206=CARTESIAN_POINT('Ctrl Pts',(67.9231812060225,19.8984851729354,11.7255037381208));
#6207=CARTESIAN_POINT('Ctrl Pts',(67.9990314386357,19.7760971464984,10.314919359325));
#6208=CARTESIAN_POINT('Ctrl Pts',(68.1460127547335,19.5149676757341,7.55915573191933));
#6209=CARTESIAN_POINT('Ctrl Pts',(68.2192613764795,19.3911009997586,6.16963690074203));
#6210=CARTESIAN_POINT('Ctrl Pts',(68.3752043550762,19.1196253632154,2.13132025805453));
#6211=CARTESIAN_POINT('Ctrl Pts',(68.4655867278792,18.9515467248724,-3.02450906935703));
#6212=CARTESIAN_POINT('Ctrl Pts',(68.2900978292597,19.0426506198653,-7.46594381739972));
#6213=CARTESIAN_POINT('Ctrl Pts',(68.0579163920656,19.1478936289313,-10.3975808771111));
#6214=CARTESIAN_POINT('Ctrl Pts',(67.963761785796,19.1891271465903,-11.3082200634614));
#6215=CARTESIAN_POINT('Ctrl Pts',(67.7417871461059,19.2738528174853,-12.9744285967122));
#6216=CARTESIAN_POINT('Ctrl Pts',(67.6139671126855,19.3173449707214,-13.7299979436128));
#6217=CARTESIAN_POINT('Ctrl Pts',(67.4692424459857,19.3569432448979,-14.3970706179503));
#6218=CARTESIAN_POINT('Ctrl Pts',(67.7630327314115,19.6561631492361,13.34133147064));
#6219=CARTESIAN_POINT('Ctrl Pts',(67.86661128155,19.4677330118399,11.9276660836699));
#6220=CARTESIAN_POINT('Ctrl Pts',(67.9619155918126,19.3041669819529,10.5030047734142));
#6221=CARTESIAN_POINT('Ctrl Pts',(68.1491293083016,18.949385312263,7.74029912329832));
#6222=CARTESIAN_POINT('Ctrl Pts',(68.2376400928721,18.7896205124849,6.35058458534699));
#6223=CARTESIAN_POINT('Ctrl Pts',(68.4448192917837,18.4145995009983,2.28297187006931));
#6224=CARTESIAN_POINT('Ctrl Pts',(68.5654498108664,18.192633853277,-2.86976268743073));
#6225=CARTESIAN_POINT('Ctrl Pts',(68.4051556518291,18.259618546999,-7.31860857214734));
#6226=CARTESIAN_POINT('Ctrl Pts',(68.1812297945086,18.3513761961501,-10.2567535173687));
#6227=CARTESIAN_POINT('Ctrl Pts',(68.089303635728,18.3888819340104,-11.1697202543899));
#6228=CARTESIAN_POINT('Ctrl Pts',(67.871156491528,18.4665935778205,-12.8404020363231));
#6229=CARTESIAN_POINT('Ctrl Pts',(67.7449355061085,18.5067994837704,-13.5981170812351));
#6230=CARTESIAN_POINT('Ctrl Pts',(67.6017039003907,18.5427857029999,-14.2669953454241));
#6231=CARTESIAN_POINT('Ctrl Pts',(67.5648841810428,18.9979523232482,13.7464538929054));
#6232=CARTESIAN_POINT('Ctrl Pts',(67.7388890177723,18.6422124695524,12.27881544842));
#6233=CARTESIAN_POINT('Ctrl Pts',(67.883668392743,18.3602264683079,10.8628941312775));
#6234=CARTESIAN_POINT('Ctrl Pts',(68.1693507667454,17.7642598535029,8.05495118329492));
#6235=CARTESIAN_POINT('Ctrl Pts',(68.2987561730988,17.524714112997,6.64329357614922));
#6236=CARTESIAN_POINT('Ctrl Pts',(68.6008969834308,16.968510228254,2.53837532584226));
#6237=CARTESIAN_POINT('Ctrl Pts',(68.7742169739319,16.6600606133286,-2.58803681821994));
#6238=CARTESIAN_POINT('Ctrl Pts',(68.6412585722309,16.6858825606941,-7.04070720631843));
#6239=CARTESIAN_POINT('Ctrl Pts',(68.4324562392371,16.754065009709,-9.98621683153398));
#6240=CARTESIAN_POINT('Ctrl Pts',(68.3446748729529,16.7849284907958,-10.9023878456294));
#6241=CARTESIAN_POINT('Ctrl Pts',(68.1337127740381,16.8501714745717,-12.5798421506389));
#6242=CARTESIAN_POINT('Ctrl Pts',(68.0105320414076,16.8845509772607,-13.341125441553));
#6243=CARTESIAN_POINT('Ctrl Pts',(67.8701325310504,16.9143105034701,-14.0131865369286));
#6244=CARTESIAN_POINT('Ctrl Pts',(67.4455177127548,18.7210276190693,13.9390023459239));
#6245=CARTESIAN_POINT('Ctrl Pts',(67.642420742857,18.2859403882347,12.6968634150948));
#6246=CARTESIAN_POINT('Ctrl Pts',(67.8334632674297,17.9157827225687,11.1046054833787));
#6247=CARTESIAN_POINT('Ctrl Pts',(68.1869376151978,17.148484677531,8.19682476719575));
#6248=CARTESIAN_POINT('Ctrl Pts',(68.3406975839516,16.8377922711608,6.76973184229566));
#6249=CARTESIAN_POINT('Ctrl Pts',(68.6873597383704,16.2274468177268,2.64212716960043));
#6250=CARTESIAN_POINT('Ctrl Pts',(68.8831210540104,15.8864002449756,-2.46105733093544));
#6251=CARTESIAN_POINT('Ctrl Pts',(68.7623036700631,15.8951786472555,-6.9101410857419));
#6252=CARTESIAN_POINT('Ctrl Pts',(68.5603692815227,15.9532712560493,-9.85650750544153));
#6253=CARTESIAN_POINT('Ctrl Pts',(68.4745042602458,15.9812202601612,-10.7735552459405));
#6254=CARTESIAN_POINT('Ctrl Pts',(68.2668997111263,16.0410086109876,-12.453308825344));
#6255=CARTESIAN_POINT('Ctrl Pts',(68.1451601832836,16.072847957702,-13.2160146642485));
#6256=CARTESIAN_POINT('Ctrl Pts',(68.0060997073051,16.0999928458383,-13.8894530009593));
#6257=CARTESIAN_POINT('Ctrl Pts',(67.3054869211617,18.5081542908216,14.117765890989));
#6258=CARTESIAN_POINT('Ctrl Pts',(67.5739206310434,17.8664842562173,13.1629260969664));
#6259=CARTESIAN_POINT('Ctrl Pts',(67.8324047401037,17.3025943249891,11.4462445717235));
#6260=CARTESIAN_POINT('Ctrl Pts',(68.2578330282328,16.4125193054271,8.25398586363226));
#6261=CARTESIAN_POINT('Ctrl Pts',(68.4247772073016,16.0863342170933,6.77840868078383));
#6262=CARTESIAN_POINT('Ctrl Pts',(68.788299849521,15.4643362164339,2.71333364583015));
#6263=CARTESIAN_POINT('Ctrl Pts',(68.9998846400976,15.1084730585396,-2.35409157866449));
#6264=CARTESIAN_POINT('Ctrl Pts',(68.88818562488,15.1080763795476,-6.79528439218572));
#6265=CARTESIAN_POINT('Ctrl Pts',(68.69155844595,15.1601503807927,-9.74105012351756));
#6266=CARTESIAN_POINT('Ctrl Pts',(68.6072072333873,15.1862369662893,-10.6587838874933));
#6267=CARTESIAN_POINT('Ctrl Pts',(68.4022835873655,15.2423792375955,-12.3408265017262));
#6268=CARTESIAN_POINT('Ctrl Pts',(68.2817111539065,15.2724349234052,-13.1051353519833));
#6269=CARTESIAN_POINT('Ctrl Pts',(68.1437263191374,15.2977311244466,-13.7802074349898));
#6270=CARTESIAN_POINT('',(65.9859894892251,31.1965811499857,-7.));
#6271=CARTESIAN_POINT('Ctrl Pts',(68.8515399133998,15.1227701676743,-7.));
#6272=CARTESIAN_POINT('Ctrl Pts',(68.334344340194,18.4762976160564,-7.));
#6273=CARTESIAN_POINT('Ctrl Pts',(67.9500993921759,21.7157820171013,-6.999999998464));
#6274=CARTESIAN_POINT('Ctrl Pts',(67.132562993469,27.0244126495232,-6.999999998464));
#6275=CARTESIAN_POINT('Ctrl Pts',(66.6698208100466,29.3637988834017,-7.));
#6276=CARTESIAN_POINT('Ctrl Pts',(65.9859894892251,31.1965811499857,-7.));
#6277=CARTESIAN_POINT('Ctrl Pts',(65.9859894892251,31.1965811499857,-7.));
#6278=CARTESIAN_POINT('Ctrl Pts',(65.8779074834248,31.2338722955644,-8.5902742232688));
#6279=CARTESIAN_POINT('Ctrl Pts',(65.7711784473152,31.2105498776154,-9.99763125996848));
#6280=CARTESIAN_POINT('Ctrl Pts',(65.6074791677795,31.0888960503398,-11.9160726311707));
#6281=CARTESIAN_POINT('Ctrl Pts',(65.5504896079981,31.0307113004467,-12.5390055918876));
#6282=CARTESIAN_POINT('Ctrl Pts',(65.4489167164853,30.8918961183295,-13.5495893181484));
#6283=CARTESIAN_POINT('Ctrl Pts',(65.4043333847539,30.8112656861054,-13.9372400836925));
#6284=CARTESIAN_POINT('Ctrl Pts',(65.3561391424106,30.7181475534004,-14.3379506211809));
#6285=CARTESIAN_POINT('Ctrl Pts',(43.713446249805,43.7179008489953,6.89884576724008));
#6286=CARTESIAN_POINT('Ctrl Pts',(43.7116389832014,43.6994517907658,5.50392481781126));
#6287=CARTESIAN_POINT('Ctrl Pts',(43.7098317165978,43.6810027325363,4.10900386838245));
#6288=CARTESIAN_POINT('Ctrl Pts',(43.7063033833734,43.6338692214519,1.34758340844586));
#6289=CARTESIAN_POINT('Ctrl Pts',(43.7045823167525,43.6051847685971,-0.018916102061907));
#6290=CARTESIAN_POINT('Ctrl Pts',(43.699677716838,43.4884252261569,-4.03315031682206));
#6291=CARTESIAN_POINT('Ctrl Pts',(43.6938278501469,43.2508626792346,-9.15809109180051));
#6292=CARTESIAN_POINT('Ctrl Pts',(43.6907363829024,42.685767504304,-13.3735458213053));
#6293=CARTESIAN_POINT('Ctrl Pts',(43.6899693821577,42.0777090198514,-16.023550967855));
#6294=CARTESIAN_POINT('Ctrl Pts',(43.689972315191,41.8443166744914,-16.8216216999418));
#6295=CARTESIAN_POINT('Ctrl Pts',(43.6905815811363,41.3058842213946,-18.2188130916679));
#6296=CARTESIAN_POINT('Ctrl Pts',(43.6911879140485,41.0008441136578,-18.8179337513073));
#6297=CARTESIAN_POINT('Ctrl Pts',(43.6921390468915,40.65486242742,-19.3033686552624));
#6298=CARTESIAN_POINT('Ctrl Pts',(45.4673489603171,43.2087595013507,6.86754434767239));
#6299=CARTESIAN_POINT('Ctrl Pts',(45.4637344271099,43.1958662019511,5.49699714424175));
#6300=CARTESIAN_POINT('Ctrl Pts',(45.4601198939028,43.1829729025515,4.12644994081111));
#6301=CARTESIAN_POINT('Ctrl Pts',(45.4530632274539,43.1466513762278,1.41307955944024));
#6302=CARTESIAN_POINT('Ctrl Pts',(45.4496210942121,43.1232231493036,0.07025638150001));
#6303=CARTESIAN_POINT('Ctrl Pts',(45.439811894383,43.0213336859577,-3.87504107584943));
#6304=CARTESIAN_POINT('Ctrl Pts',(45.4281121610009,42.8012016479669,-8.91364548172538));
#6305=CARTESIAN_POINT('Ctrl Pts',(45.4219292265119,42.2439519291913,-13.0650810719081));
#6306=CARTESIAN_POINT('Ctrl Pts',(45.4203952250226,41.6363859446683,-15.6796253057177));
#6307=CARTESIAN_POINT('Ctrl Pts',(45.420401091089,41.4022591672537,-16.4679679738496));
#6308=CARTESIAN_POINT('Ctrl Pts',(45.4216196229798,40.8602611197528,-17.8505851316806));
#6309=CARTESIAN_POINT('Ctrl Pts',(45.4228322888041,40.5523898496666,-18.4448596213797));
#6310=CARTESIAN_POINT('Ctrl Pts',(45.4247345544901,40.2023788694823,-18.9282380091171));
#6311=CARTESIAN_POINT('Ctrl Pts',(51.007068804699,41.4062864670917,7.12279380240644));
#6312=CARTESIAN_POINT('Ctrl Pts',(50.9926106718703,41.4124601620386,5.81217034523473));
#6313=CARTESIAN_POINT('Ctrl Pts',(50.9781525390416,41.4186338569855,4.50154688806302));
#6314=CARTESIAN_POINT('Ctrl Pts',(50.9499258732459,41.419232189114,1.90608056870801));
#6315=CARTESIAN_POINT('Ctrl Pts',(50.9361573402789,41.4136568262956,0.621237706524706));
#6316=CARTESIAN_POINT('Ctrl Pts',(50.8969205409627,41.3616835645444,-3.15594909505996));
#6317=CARTESIAN_POINT('Ctrl Pts',(50.8501216074342,41.1983934200868,-7.9859534039322));
#6318=CARTESIAN_POINT('Ctrl Pts',(50.8253898694783,40.6591334271387,-11.9909786731752));
#6319=CARTESIAN_POINT('Ctrl Pts',(50.8192538635208,40.0432053926517,-14.5306969153161));
#6320=CARTESIAN_POINT('Ctrl Pts',(50.8192773277866,39.8026488745267,-15.2999278777311));
#6321=CARTESIAN_POINT('Ctrl Pts',(50.8241514553497,39.2392924339195,-16.6579256376423));
#6322=CARTESIAN_POINT('Ctrl Pts',(50.8290021186469,38.9164925114372,-17.2466924351385));
#6323=CARTESIAN_POINT('Ctrl Pts',(50.8366111813908,38.5466963578936,-17.732336852681));
#6324=CARTESIAN_POINT('Ctrl Pts',(58.6993859925638,38.1624999505136,7.36102662784272));
#6325=CARTESIAN_POINT('Ctrl Pts',(58.6270953284204,38.2475361881624,6.05040317067101));
#6326=CARTESIAN_POINT('Ctrl Pts',(58.554804664277,38.3325724258112,4.7397797134993));
#6327=CARTESIAN_POINT('Ctrl Pts',(58.4136713352984,38.4851338599908,2.1439357225101));
#6328=CARTESIAN_POINT('Ctrl Pts',(58.3448286704632,38.5526590565216,0.858715188692616));
#6329=CARTESIAN_POINT('Ctrl Pts',(58.1486446738823,38.7027015227602,-2.92073764269715));
#6330=CARTESIAN_POINT('Ctrl Pts',(57.9146500062399,38.7626698154678,-7.75678469771634));
#6331=CARTESIAN_POINT('Ctrl Pts',(57.7909913164602,38.2622847924003,-11.7799382054002));
#6332=CARTESIAN_POINT('Ctrl Pts',(57.7603112866731,37.5717972849762,-14.340050715787));
#6333=CARTESIAN_POINT('Ctrl Pts',(57.760428608002,37.2891016591476,-15.1172127825199));
#6334=CARTESIAN_POINT('Ctrl Pts',(57.7847992458172,36.6011331196646,-16.4937164525062));
#6335=CARTESIAN_POINT('Ctrl Pts',(57.8090525623035,36.1958602060102,-17.0930580557595));
#6336=CARTESIAN_POINT('Ctrl Pts',(57.8470978760227,35.7205431278839,-17.5907879655959));
#6337=CARTESIAN_POINT('Ctrl Pts',(63.6190235478909,35.0309815728962,7.69418470218262));
#6338=CARTESIAN_POINT('Ctrl Pts',(63.5340820175224,35.167771354193,6.38356124501091));
#6339=CARTESIAN_POINT('Ctrl Pts',(63.4491404871539,35.30456113549,5.0729377878392));
#6340=CARTESIAN_POINT('Ctrl Pts',(63.2830192129411,35.5603233684918,2.47618445775046));
#6341=CARTESIAN_POINT('Ctrl Pts',(63.2018394690968,35.6792958201968,1.19005458483343));
#6342=CARTESIAN_POINT('Ctrl Pts',(62.9695855971364,35.9827611865357,-2.59485428115362));
#6343=CARTESIAN_POINT('Ctrl Pts',(62.6900080600493,36.244843038252,-7.44545076176558));
#6344=CARTESIAN_POINT('Ctrl Pts',(62.5308076917358,35.9367703430253,-11.5122525462276));
#6345=CARTESIAN_POINT('Ctrl Pts',(62.4791195729358,35.38500388895,-14.1214693679899));
#6346=CARTESIAN_POINT('Ctrl Pts',(62.4731755595751,35.1476297488157,-14.9177275558133));
#6347=CARTESIAN_POINT('Ctrl Pts',(62.4876200385228,34.5481601614033,-16.3387888416773));
#6348=CARTESIAN_POINT('Ctrl Pts',(62.5080085308313,34.1860647141252,-16.9635919397179));
#6349=CARTESIAN_POINT('Ctrl Pts',(62.5434441692365,33.7526999484793,-17.4904207007397));
#6350=CARTESIAN_POINT('Ctrl Pts',(65.2150178599629,33.1010361299903,8.14538914828206));
#6351=CARTESIAN_POINT('Ctrl Pts',(65.1338962340065,33.2467537082144,6.83003789057516));
#6352=CARTESIAN_POINT('Ctrl Pts',(65.0527746080501,33.3924712864384,5.51468663286826));
#6353=CARTESIAN_POINT('Ctrl Pts',(64.8929277823481,33.6675110417072,2.91392064354688));
#6354=CARTESIAN_POINT('Ctrl Pts',(64.8142025826025,33.796833218752,1.62850591193241));
#6355=CARTESIAN_POINT('Ctrl Pts',(64.5852162619978,34.1356135463485,-2.13792870463373));
#6356=CARTESIAN_POINT('Ctrl Pts',(64.2990725775441,34.4561574403763,-6.9203493179825));
#6357=CARTESIAN_POINT('Ctrl Pts',(64.089614531834,34.2520484966675,-10.7448010963736));
#6358=CARTESIAN_POINT('Ctrl Pts',(64.0013958908849,33.8069002260541,-13.1706223004173));
#6359=CARTESIAN_POINT('Ctrl Pts',(63.983468826124,33.6098397087109,-13.9054764301402));
#6360=CARTESIAN_POINT('Ctrl Pts',(63.9772592908477,33.1024761949672,-15.2137989268961));
#6361=CARTESIAN_POINT('Ctrl Pts',(63.9889768203322,32.7921731985666,-15.7872672939291));
#6362=CARTESIAN_POINT('Ctrl Pts',(64.018859795173,32.4173054835807,-16.2731028365637));
#6363=CARTESIAN_POINT('Ctrl Pts',(65.9172513556613,31.9943326806916,8.44587011146159));
#6364=CARTESIAN_POINT('Ctrl Pts',(65.8396723829904,32.1415091408847,7.12697300335329));
#6365=CARTESIAN_POINT('Ctrl Pts',(65.762093043904,32.2889183602784,5.80744433270383));
#6366=CARTESIAN_POINT('Ctrl Pts',(65.6085133003998,32.5679923879411,3.2018199270979));
#6367=CARTESIAN_POINT('Ctrl Pts',(65.5325128617685,32.6996789297498,1.91566522094029));
#6368=CARTESIAN_POINT('Ctrl Pts',(65.3092450521411,33.0496001546075,-1.8481841533241));
#6369=CARTESIAN_POINT('Ctrl Pts',(65.0241801171519,33.3940175801221,-6.60952738559599));
#6370=CARTESIAN_POINT('Ctrl Pts',(64.7896170935515,33.2498581751212,-10.3423802175453));
#6371=CARTESIAN_POINT('Ctrl Pts',(64.6700311896724,32.8974606453808,-12.6615991550045));
#6372=CARTESIAN_POINT('Ctrl Pts',(64.6400511916868,32.7406327638451,-13.358313755679));
#6373=CARTESIAN_POINT('Ctrl Pts',(64.60968453924,32.322504758492,-14.5856896230654));
#6374=CARTESIAN_POINT('Ctrl Pts',(64.6103359611333,32.0592311364863,-15.1070286541332));
#6375=CARTESIAN_POINT('Ctrl Pts',(64.6361999220639,31.7301985878027,-15.5457533707323));
#6376=CARTESIAN_POINT('Ctrl Pts',(66.1353685775046,31.6018097429511,8.55851022254306));
#6377=CARTESIAN_POINT('Ctrl Pts',(66.0592426061087,31.7489716610514,7.23823417261201));
#6378=CARTESIAN_POINT('Ctrl Pts',(65.9831160850896,31.8964827179527,5.9170107788692));
#6379=CARTESIAN_POINT('Ctrl Pts',(65.8321470119751,32.1759674216234,3.30929155339037));
#6380=CARTESIAN_POINT('Ctrl Pts',(65.7573040592506,32.3081955611332,2.02210518791204));
#6381=CARTESIAN_POINT('Ctrl Pts',(65.5366235584743,32.6605224287525,-1.74138900904595));
#6382=CARTESIAN_POINT('Ctrl Pts',(65.2526451771645,33.0120047831512,-6.49787487305133));
#6383=CARTESIAN_POINT('Ctrl Pts',(65.0097178044021,32.8891565015445,-10.2051240656191));
#6384=CARTESIAN_POINT('Ctrl Pts',(64.877985055241,32.5756004513282,-12.4900365738677));
#6385=CARTESIAN_POINT('Ctrl Pts',(64.8424846022558,32.4341784614209,-13.1690866789211));
#6386=CARTESIAN_POINT('Ctrl Pts',(64.8017605590758,32.0529927041242,-14.3653841307152));
#6387=CARTESIAN_POINT('Ctrl Pts',(64.8003736141182,31.813222016857,-14.8741117649553));
#6388=CARTESIAN_POINT('Ctrl Pts',(64.8132585654854,31.5149564988766,-15.3061666046213));
#6389=CARTESIAN_POINT('Ctrl Pts',(66.5379551294409,30.7622281184974,8.8126625254865));
#6390=CARTESIAN_POINT('Ctrl Pts',(66.4652947971285,30.9082265634208,7.48916894463567));
#6391=CARTESIAN_POINT('Ctrl Pts',(66.3926328159467,31.0552724247471,6.16283333234956));
#6392=CARTESIAN_POINT('Ctrl Pts',(66.2479782724679,31.3334530301179,3.54964328948266));
#6393=CARTESIAN_POINT('Ctrl Pts',(66.175984508284,31.4653512523837,2.26071725767494));
#6394=CARTESIAN_POINT('Ctrl Pts',(65.9620008242658,31.820076605793,-1.50597065226245));
#6395=CARTESIAN_POINT('Ctrl Pts',(65.6820162016634,32.1837922413033,-6.26131403755035));
#6396=CARTESIAN_POINT('Ctrl Pts',(65.4233449923546,32.106951588447,-9.93939554660734));
#6397=CARTESIAN_POINT('Ctrl Pts',(65.2654079414186,31.8768170767319,-12.1664342985646));
#6398=CARTESIAN_POINT('Ctrl Pts',(65.2187733171142,31.7713549024813,-12.8201934859111));
#6399=CARTESIAN_POINT('Ctrl Pts',(65.1489163592664,31.4906852394078,-13.9463977838821));
#6400=CARTESIAN_POINT('Ctrl Pts',(65.1279506691584,31.315765108866,-14.4143259698456));
#6401=CARTESIAN_POINT('Ctrl Pts',(65.1099330545775,31.1120594070243,-14.8327191840653));
#6402=CARTESIAN_POINT('Ctrl Pts',(66.7224244595339,30.3151694317843,8.95417471734845));
#6403=CARTESIAN_POINT('Ctrl Pts',(66.6517770696406,30.4598254470109,7.62936758132037));
#6404=CARTESIAN_POINT('Ctrl Pts',(66.5811245543455,30.6077372867188,6.29572617890313));
#6405=CARTESIAN_POINT('Ctrl Pts',(66.4401737768534,30.8842623592047,3.67899939444054));
#6406=CARTESIAN_POINT('Ctrl Pts',(66.3698755146563,31.0128755919827,2.39591401239519));
#6407=CARTESIAN_POINT('Ctrl Pts',(66.1599995837241,31.3687085086883,-1.37734743975711));
#6408=CARTESIAN_POINT('Ctrl Pts',(65.8829221661497,31.7375924964261,-6.13640571459401));
#6409=CARTESIAN_POINT('Ctrl Pts',(65.6168714694566,31.6854483489262,-9.81092317952193));
#6410=CARTESIAN_POINT('Ctrl Pts',(65.4429292650749,31.4997526870205,-12.017841809186));
#6411=CARTESIAN_POINT('Ctrl Pts',(65.3894470844109,31.4198982172734,-12.6762092765638));
#6412=CARTESIAN_POINT('Ctrl Pts',(65.3019397941316,31.2014507685303,-13.7564585330365));
#6413=CARTESIAN_POINT('Ctrl Pts',(65.2573332396947,31.098261299536,-14.1650716324648));
#6414=CARTESIAN_POINT('Ctrl Pts',(65.2295489002481,30.9244044040981,-14.5988585296201));
#6415=CARTESIAN_POINT('Ctrl Pts',(66.889206507933,29.837196784073,9.11207919996925));
#6416=CARTESIAN_POINT('Ctrl Pts',(66.8208592755352,29.9800703153063,7.78517081925886));
#6417=CARTESIAN_POINT('Ctrl Pts',(66.7525069177356,30.1261996710209,6.44942817215932));
#6418=CARTESIAN_POINT('Ctrl Pts',(66.6158314712263,30.3998656896757,3.82839178938152));
#6419=CARTESIAN_POINT('Ctrl Pts',(66.5475083825166,30.527402352616,2.54309805370327));
#6420=CARTESIAN_POINT('Ctrl Pts',(66.342583020022,30.8821233022751,-1.23710978619953));
#6421=CARTESIAN_POINT('Ctrl Pts',(66.0695064882995,31.2551719805288,-6.0062867829752));
#6422=CARTESIAN_POINT('Ctrl Pts',(65.7970571891987,31.2297817765226,-9.69435045626094));
#6423=CARTESIAN_POINT('Ctrl Pts',(65.6074791677795,31.0888960503398,-11.9160726311707));
#6424=CARTESIAN_POINT('Ctrl Pts',(65.5504896079981,31.0307113004467,-12.5390055918876));
#6425=CARTESIAN_POINT('Ctrl Pts',(65.4489167164853,30.8918961183295,-13.5495893181484));
#6426=CARTESIAN_POINT('Ctrl Pts',(65.4043333847539,30.8112656861054,-13.9372400836925));
#6427=CARTESIAN_POINT('Ctrl Pts',(65.3561391424106,30.7181475534004,-14.3379506211809));
#6428=CARTESIAN_POINT('Ctrl Pts',(65.9859894892251,31.1965811499857,-7.));
#6429=CARTESIAN_POINT('Ctrl Pts',(65.6906231119461,31.9882124221126,-7.));
#6430=CARTESIAN_POINT('Ctrl Pts',(65.3284795885003,32.7533468670465,-6.99999999979886));
#6431=CARTESIAN_POINT('Ctrl Pts',(64.4626443189108,34.1077085225868,-6.99999999979886));
#6432=CARTESIAN_POINT('Ctrl Pts',(63.9906780606069,34.6862603982147,-7.));
#6433=CARTESIAN_POINT('Ctrl Pts',(62.3815831652931,36.2267918387811,-7.));
#6434=CARTESIAN_POINT('Ctrl Pts',(61.1347291880671,36.951718404176,-7.));
#6435=CARTESIAN_POINT('Ctrl Pts',(58.1063178726117,38.4119563044339,-7.));
#6436=CARTESIAN_POINT('Ctrl Pts',(55.6245059353794,39.5171805273049,-7.));
#6437=CARTESIAN_POINT('Ctrl Pts',(48.4426306692832,41.9019709739,-7.));
#6438=CARTESIAN_POINT('Ctrl Pts',(45.9241316101137,42.709518381565,-7.));
#6439=CARTESIAN_POINT('Ctrl Pts',(43.6964634562677,43.3138817727713,-7.));
#6440=CARTESIAN_POINT('Ctrl Pts',(38.3711316400121,36.798100593701,-13.69856955597));
#6441=CARTESIAN_POINT('Ctrl Pts',(38.3744529958997,35.5899325453585,-15.3937082405815));
#6442=CARTESIAN_POINT('Ctrl Pts',(38.3907280385425,32.0298525116686,-15.6080603390105));
#6443=CARTESIAN_POINT('Ctrl Pts',(38.0774334782935,26.9346031755639,-13.6785607746204));
#6444=CARTESIAN_POINT('Ctrl Pts',(37.5832034752542,23.7015641439333,-13.5607862771274));
#6445=CARTESIAN_POINT('Ctrl Pts',(37.4073652050179,22.6872076663701,-13.6386269797697));
#6446=CARTESIAN_POINT('Ctrl Pts',(37.2399084659206,21.7302451165747,-13.7555077749429));
#6447=CARTESIAN_POINT('Ctrl Pts',(37.1660909273818,21.3064491177189,-13.8209883028296));
#6448=CARTESIAN_POINT('Ctrl Pts',(37.0382775123238,20.5682276720908,-13.966029619203));
#6449=CARTESIAN_POINT('Ctrl Pts',(36.9842816358046,20.2538022253185,-14.0455904076898));
#6450=CARTESIAN_POINT('Ctrl Pts',(36.9281971467657,19.9158179189563,-14.1307099499289));
#6451=CARTESIAN_POINT('Ctrl Pts',(38.7492706095454,36.6993460571811,-13.6166972924487));
#6452=CARTESIAN_POINT('Ctrl Pts',(38.753422304405,35.4876604352233,-15.3100406384021));
#6453=CARTESIAN_POINT('Ctrl Pts',(38.7737661077085,31.9121775032289,-15.5402850011132));
#6454=CARTESIAN_POINT('Ctrl Pts',(38.4441174431649,26.8059301542484,-13.6398984727775));
#6455=CARTESIAN_POINT('Ctrl Pts',(37.9192842430173,23.5786790870962,-13.5326292738535));
#6456=CARTESIAN_POINT('Ctrl Pts',(37.726400648991,22.5694672445958,-13.6133619902769));
#6457=CARTESIAN_POINT('Ctrl Pts',(37.5363676920774,21.6199899785624,-13.7331186062979));
#6458=CARTESIAN_POINT('Ctrl Pts',(37.4438450215312,21.1745246528872,-13.8032756368968));
#6459=CARTESIAN_POINT('Ctrl Pts',(37.2592067892208,20.3827545977373,-13.9697652629198));
#6460=CARTESIAN_POINT('Ctrl Pts',(37.1927788590259,20.0440143309291,-14.0603405951958));
#6461=CARTESIAN_POINT('Ctrl Pts',(37.0813224099273,19.6789393424504,-14.1603021681379));
#6462=CARTESIAN_POINT('Ctrl Pts',(39.1313033428472,36.5951674291116,-13.5335426425251));
#6463=CARTESIAN_POINT('Ctrl Pts',(39.1364929614218,35.3794042555805,-15.2257043381532));
#6464=CARTESIAN_POINT('Ctrl Pts',(39.1619227155511,31.7866639119334,-15.4727219126211));
#6465=CARTESIAN_POINT('Ctrl Pts',(38.8163120951865,26.6596614757704,-13.6052987846251));
#6466=CARTESIAN_POINT('Ctrl Pts',(38.2599459104744,23.4259900154931,-13.5138093198066));
#6467=CARTESIAN_POINT('Ctrl Pts',(38.0482993161184,22.4135011527822,-13.6000149694249));
#6468=CARTESIAN_POINT('Ctrl Pts',(37.8311758035377,21.4584226169425,-13.7238465908278));
#6469=CARTESIAN_POINT('Ctrl Pts',(37.719875588135,21.0095885124583,-13.8045753874216));
#6470=CARTESIAN_POINT('Ctrl Pts',(37.4824400263003,20.1864342381494,-13.9860661668891));
#6471=CARTESIAN_POINT('Ctrl Pts',(37.3515602497433,19.8163463311858,-14.0883318550608));
#6472=CARTESIAN_POINT('Ctrl Pts',(37.224001631482,19.4562108936979,-14.1909758755341));
#6473=CARTESIAN_POINT('Ctrl Pts',(39.900742607423,36.3772677405278,-13.3686130359068));
#6474=CARTESIAN_POINT('Ctrl Pts',(39.9085270352847,35.1517898112319,-15.0594143902178));
#6475=CARTESIAN_POINT('Ctrl Pts',(39.9466716664787,31.519107848273,-15.3408205144906));
#6476=CARTESIAN_POINT('Ctrl Pts',(39.5741991931193,26.3339347194958,-13.5428383214157));
#6477=CARTESIAN_POINT('Ctrl Pts',(38.9585651018324,23.0696825894483,-13.4884810881249));
#6478=CARTESIAN_POINT('Ctrl Pts',(38.7113066508852,22.0411008184856,-13.5881047325211));
#6479=CARTESIAN_POINT('Ctrl Pts',(38.4453398374224,21.0589282494345,-13.7287486745946));
#6480=CARTESIAN_POINT('Ctrl Pts',(38.3030022494333,20.5910465658646,-13.81958079447));
#6481=CARTESIAN_POINT('Ctrl Pts',(37.9828333689489,19.7142160250901,-14.0262971847016));
#6482=CARTESIAN_POINT('Ctrl Pts',(37.7996995104081,19.3136046623062,-14.1417751244231));
#6483=CARTESIAN_POINT('Ctrl Pts',(37.6043397581077,18.9362578176114,-14.2601191723122));
#6484=CARTESIAN_POINT('Ctrl Pts',(40.288149138697,36.2635466800135,-13.2868380792121));
#6485=CARTESIAN_POINT('Ctrl Pts',(40.2974904521311,35.0324315465261,-14.9774607425313));
#6486=CARTESIAN_POINT('Ctrl Pts',(40.3432640095638,31.3770653759081,-15.2764822048522));
#6487=CARTESIAN_POINT('Ctrl Pts',(39.9598916390306,26.1544766416994,-13.5149775463587));
#6488=CARTESIAN_POINT('Ctrl Pts',(39.3165226257334,22.8660642350066,-13.4819728104901));
#6489=CARTESIAN_POINT('Ctrl Pts',(39.0524153185245,21.8246665760027,-13.5895415164694));
#6490=CARTESIAN_POINT('Ctrl Pts',(38.7645095374018,20.8251211658183,-13.7395917268423));
#6491=CARTESIAN_POINT('Ctrl Pts',(38.60750819395,20.3460168450477,-13.8354216638825));
#6492=CARTESIAN_POINT('Ctrl Pts',(38.2569668614534,19.4424944832134,-14.0534815471415));
#6493=CARTESIAN_POINT('Ctrl Pts',(38.0652298475782,19.0227854488088,-14.1739624468206));
#6494=CARTESIAN_POINT('Ctrl Pts',(37.8419986631788,18.6390331902775,-14.2985887616941));
#6495=CARTESIAN_POINT('Ctrl Pts',(41.0659222696523,36.027867877194,-13.1286123250853));
#6496=CARTESIAN_POINT('Ctrl Pts',(41.0790001084601,34.7834789860039,-14.8196561484219));
#6497=CARTESIAN_POINT('Ctrl Pts',(41.1430830888659,31.0755998347512,-15.1538306444721));
#6498=CARTESIAN_POINT('Ctrl Pts',(40.7472507443321,25.764373001795,-13.4646085950547));
#6499=CARTESIAN_POINT('Ctrl Pts',(40.0578675870348,22.4165769899783,-13.474905509591));
#6500=CARTESIAN_POINT('Ctrl Pts',(39.7673262085182,21.3473131297766,-13.5981467566847));
#6501=CARTESIAN_POINT('Ctrl Pts',(39.4444041657578,20.3118492881909,-13.7654339495278));
#6502=CARTESIAN_POINT('Ctrl Pts',(39.2667528122557,19.8110173767059,-13.871100518824));
#6503=CARTESIAN_POINT('Ctrl Pts',(38.8714397118686,18.8541780626286,-14.1103286572438));
#6504=CARTESIAN_POINT('Ctrl Pts',(38.6537779649835,18.3981706600362,-14.2438902263673));
#6505=CARTESIAN_POINT('Ctrl Pts',(38.4122961568373,17.9700877570284,-14.3833238224434));
#6506=CARTESIAN_POINT('Ctrl Pts',(41.8466554690152,35.7839523925838,-12.975710730221));
#6507=CARTESIAN_POINT('Ctrl Pts',(41.8640925874255,34.5242903943711,-14.6679542555763));
#6508=CARTESIAN_POINT('Ctrl Pts',(41.9495365613,30.7567536971671,-15.0372041429886));
#6509=CARTESIAN_POINT('Ctrl Pts',(41.5505840631126,25.3430818775789,-13.4195922425609));
#6510=CARTESIAN_POINT('Ctrl Pts',(40.8246424618359,21.924839208805,-13.4737874630624));
#6511=CARTESIAN_POINT('Ctrl Pts',(40.5149306532269,20.8254747222904,-13.6124836692187));
#6512=CARTESIAN_POINT('Ctrl Pts',(40.1681524543781,19.7534351803448,-13.7963041310895));
#6513=CARTESIAN_POINT('Ctrl Pts',(39.9762301598337,19.2310778816564,-13.9107764898822));
#6514=CARTESIAN_POINT('Ctrl Pts',(39.5521184276902,18.2209883052123,-14.1696541525685));
#6515=CARTESIAN_POINT('Ctrl Pts',(39.319928990091,17.7332560274566,-14.3140594564621));
#6516=CARTESIAN_POINT('Ctrl Pts',(39.0660056045569,17.2664862983492,-14.4658355775996));
#6517=CARTESIAN_POINT('Ctrl Pts',(42.6284813460636,35.5261750457005,-12.8413463859491));
#6518=CARTESIAN_POINT('Ctrl Pts',(42.6517308372774,34.2463618484213,-14.535897862661));
#6519=CARTESIAN_POINT('Ctrl Pts',(42.7656561357768,30.4014429360136,-14.9382283193848));
#6520=CARTESIAN_POINT('Ctrl Pts',(42.3908186480292,24.8634196147532,-13.3825084591164));
#6521=CARTESIAN_POINT('Ctrl Pts',(41.6585452777474,21.3659578487288,-13.4718430811913));
#6522=CARTESIAN_POINT('Ctrl Pts',(41.3452032460244,20.2365856020191,-13.6219524198021));
#6523=CARTESIAN_POINT('Ctrl Pts',(40.9947690867913,19.1306914451758,-13.8172941432929));
#6524=CARTESIAN_POINT('Ctrl Pts',(40.8010059434197,18.5894834116873,-13.9375811974784));
#6525=CARTESIAN_POINT('Ctrl Pts',(40.3739208558039,17.5357993534604,-14.208454509983));
#6526=CARTESIAN_POINT('Ctrl Pts',(40.1405989115599,17.023323328722,-14.3590407683022));
#6527=CARTESIAN_POINT('Ctrl Pts',(39.8862642301984,16.5278402678005,-14.5173100383151));
#6528=CARTESIAN_POINT('Ctrl Pts',(43.0184605892269,35.3944737820176,-12.7807707594781));
#6529=CARTESIAN_POINT('Ctrl Pts',(43.0450314363284,34.1031456138434,-14.4766410655365));
#6530=CARTESIAN_POINT('Ctrl Pts',(43.1752317774705,30.2142455418656,-14.8945532170743));
#6531=CARTESIAN_POINT('Ctrl Pts',(42.8213994668163,24.6099966561914,-13.3652565525138));
#6532=CARTESIAN_POINT('Ctrl Pts',(42.0963456995087,21.0740706473117,-13.4674830953993));
#6533=CARTESIAN_POINT('Ctrl Pts',(41.78532683911,19.930858166121,-13.6213868779591));
#6534=CARTESIAN_POINT('Ctrl Pts',(41.4375847447621,18.8097258790393,-13.8203350852773));
#6535=CARTESIAN_POINT('Ctrl Pts',(41.2453520806136,18.2601998325529,-13.9423314013156));
#6536=CARTESIAN_POINT('Ctrl Pts',(40.8221074200663,17.1875933669134,-14.2164987487769));
#6537=CARTESIAN_POINT('Ctrl Pts',(40.5910954236675,16.6645129477604,-14.3686697801999));
#6538=CARTESIAN_POINT('Ctrl Pts',(40.339665711993,16.1568380588862,-14.5284933146282));
#6539=CARTESIAN_POINT('',(38.3711316400121,36.798100593701,-13.69856955597));
#6540=CARTESIAN_POINT('',(43.0184605892269,35.3944737820176,-12.7807707594781));
#6541=CARTESIAN_POINT('Ctrl Pts',(38.3711316400121,36.798100593701,-13.69856955597));
#6542=CARTESIAN_POINT('Ctrl Pts',(38.7492706095454,36.6993460571811,-13.6166972924487));
#6543=CARTESIAN_POINT('Ctrl Pts',(39.1313033428472,36.5951674291116,-13.5335426425251));
#6544=CARTESIAN_POINT('Ctrl Pts',(39.900742607423,36.3772677405278,-13.3686130359068));
#6545=CARTESIAN_POINT('Ctrl Pts',(40.288149138697,36.2635466800135,-13.2868380792121));
#6546=CARTESIAN_POINT('Ctrl Pts',(41.0659222696523,36.027867877194,-13.1286123250853));
#6547=CARTESIAN_POINT('Ctrl Pts',(41.8466554690152,35.7839523925838,-12.975710730221));
#6548=CARTESIAN_POINT('Ctrl Pts',(42.6284813460636,35.5261750457005,-12.8413463859491));
#6549=CARTESIAN_POINT('Ctrl Pts',(43.0184605892269,35.3944737820176,-12.7807707594781));
#6550=CARTESIAN_POINT('',(36.9281971467657,19.9158179189563,-14.1307099499289));
#6551=CARTESIAN_POINT('Ctrl Pts',(38.3711316400121,36.798100593701,-13.69856955597));
#6552=CARTESIAN_POINT('Ctrl Pts',(38.3744529958997,35.5899325453585,-15.3937082405815));
#6553=CARTESIAN_POINT('Ctrl Pts',(38.3907280385425,32.0298525116686,-15.6080603390105));
#6554=CARTESIAN_POINT('Ctrl Pts',(38.0774334782935,26.9346031755639,-13.6785607746204));
#6555=CARTESIAN_POINT('Ctrl Pts',(37.5832034752542,23.7015641439333,-13.5607862771274));
#6556=CARTESIAN_POINT('Ctrl Pts',(37.4073652050179,22.6872076663701,-13.6386269797697));
#6557=CARTESIAN_POINT('Ctrl Pts',(37.2399084659206,21.7302451165747,-13.7555077749429));
#6558=CARTESIAN_POINT('Ctrl Pts',(37.1660909273818,21.3064491177189,-13.8209883028296));
#6559=CARTESIAN_POINT('Ctrl Pts',(37.0382775123238,20.5682276720908,-13.966029619203));
#6560=CARTESIAN_POINT('Ctrl Pts',(36.9842816358046,20.2538022253185,-14.0455904076898));
#6561=CARTESIAN_POINT('Ctrl Pts',(36.9281971467657,19.9158179189563,-14.1307099499289));
#6562=CARTESIAN_POINT('',(40.339665711993,16.1568380588862,-14.5284933146282));
#6563=CARTESIAN_POINT('Ctrl Pts',(40.339665711993,16.1568380588862,-14.5284933146282));
#6564=CARTESIAN_POINT('Ctrl Pts',(39.8862642301984,16.5278402678005,-14.5173100383151));
#6565=CARTESIAN_POINT('Ctrl Pts',(39.0660056045569,17.2664862983492,-14.4658355775996));
#6566=CARTESIAN_POINT('Ctrl Pts',(38.4122961568373,17.9700877570284,-14.3833238224434));
#6567=CARTESIAN_POINT('Ctrl Pts',(37.8419986631788,18.6390331902775,-14.2985887616941));
#6568=CARTESIAN_POINT('Ctrl Pts',(37.6043397581077,18.9362578176114,-14.2601191723122));
#6569=CARTESIAN_POINT('Ctrl Pts',(37.224001631482,19.4562108936979,-14.1909758755341));
#6570=CARTESIAN_POINT('Ctrl Pts',(37.0813224099273,19.6789393424504,-14.1603021681379));
#6571=CARTESIAN_POINT('Ctrl Pts',(36.9281971467657,19.9158179189563,-14.1307099499289));
#6572=CARTESIAN_POINT('Ctrl Pts',(43.0184605892269,35.3944737820176,-12.7807707594781));
#6573=CARTESIAN_POINT('Ctrl Pts',(43.0450314363284,34.1031456138434,-14.4766410655365));
#6574=CARTESIAN_POINT('Ctrl Pts',(43.1752317774705,30.2142455418656,-14.8945532170743));
#6575=CARTESIAN_POINT('Ctrl Pts',(42.8213994668163,24.6099966561914,-13.3652565525138));
#6576=CARTESIAN_POINT('Ctrl Pts',(42.0963456995087,21.0740706473117,-13.4674830953993));
#6577=CARTESIAN_POINT('Ctrl Pts',(41.78532683911,19.930858166121,-13.6213868779591));
#6578=CARTESIAN_POINT('Ctrl Pts',(41.4375847447621,18.8097258790393,-13.8203350852773));
#6579=CARTESIAN_POINT('Ctrl Pts',(41.2453520806136,18.2601998325529,-13.9423314013156));
#6580=CARTESIAN_POINT('Ctrl Pts',(40.8221074200663,17.1875933669134,-14.2164987487769));
#6581=CARTESIAN_POINT('Ctrl Pts',(40.5910954236675,16.6645129477604,-14.3686697801999));
#6582=CARTESIAN_POINT('Ctrl Pts',(40.339665711993,16.1568380588862,-14.5284933146282));
#6583=CARTESIAN_POINT('Ctrl Pts',(-36.4724086426141,19.9158179189563,-14.1307099499289));
#6584=CARTESIAN_POINT('Ctrl Pts',(-36.528493131653,20.2538022253185,-14.0455904076898));
#6585=CARTESIAN_POINT('Ctrl Pts',(-36.5824890081722,20.5682276720908,-13.966029619203));
#6586=CARTESIAN_POINT('Ctrl Pts',(-36.7103024232302,21.3064491177189,-13.8209883028296));
#6587=CARTESIAN_POINT('Ctrl Pts',(-36.784119961769,21.7302451165747,-13.7555077749429));
#6588=CARTESIAN_POINT('Ctrl Pts',(-36.9515767008663,22.6872076663701,-13.6386269797697));
#6589=CARTESIAN_POINT('Ctrl Pts',(-37.1274149711026,23.7015641439333,-13.5607862771274));
#6590=CARTESIAN_POINT('Ctrl Pts',(-37.6216449741419,26.9346031755639,-13.6785607746204));
#6591=CARTESIAN_POINT('Ctrl Pts',(-37.9349395343909,32.0298525116686,-15.6080603390105));
#6592=CARTESIAN_POINT('Ctrl Pts',(-37.9186644917481,35.5899325453585,-15.3937082405815));
#6593=CARTESIAN_POINT('Ctrl Pts',(-37.9153431358605,36.798100593701,-13.69856955597));
#6594=CARTESIAN_POINT('Ctrl Pts',(-36.6255339057757,19.6789393424504,-14.1603021681379));
#6595=CARTESIAN_POINT('Ctrl Pts',(-36.7369903548743,20.0440143309291,-14.0603405951958));
#6596=CARTESIAN_POINT('Ctrl Pts',(-36.8034182850692,20.3827545977373,-13.9697652629198));
#6597=CARTESIAN_POINT('Ctrl Pts',(-36.9880565173796,21.1745246528872,-13.8032756368968));
#6598=CARTESIAN_POINT('Ctrl Pts',(-37.0805791879258,21.6199899785624,-13.7331186062979));
#6599=CARTESIAN_POINT('Ctrl Pts',(-37.2706121448394,22.5694672445958,-13.6133619902769));
#6600=CARTESIAN_POINT('Ctrl Pts',(-37.4634957388657,23.5786790870962,-13.5326292738535));
#6601=CARTESIAN_POINT('Ctrl Pts',(-37.9883289390133,26.8059301542484,-13.6398984727776));
#6602=CARTESIAN_POINT('Ctrl Pts',(-38.3179776035569,31.9121775032289,-15.5402850011132));
#6603=CARTESIAN_POINT('Ctrl Pts',(-38.2976338002534,35.4876604352233,-15.3100406384021));
#6604=CARTESIAN_POINT('Ctrl Pts',(-38.2934821053939,36.6993460571811,-13.6166972924487));
#6605=CARTESIAN_POINT('Ctrl Pts',(-36.7682131273304,19.4562108936979,-14.1909758755341));
#6606=CARTESIAN_POINT('Ctrl Pts',(-36.8957717455917,19.8163463311858,-14.0883318550608));
#6607=CARTESIAN_POINT('Ctrl Pts',(-37.0266515221487,20.1864342381494,-13.9860661668891));
#6608=CARTESIAN_POINT('Ctrl Pts',(-37.2640870839834,21.0095885124583,-13.8045753874216));
#6609=CARTESIAN_POINT('Ctrl Pts',(-37.3753872993861,21.4584226169425,-13.7238465908278));
#6610=CARTESIAN_POINT('Ctrl Pts',(-37.5925108119668,22.4135011527822,-13.6000149694249));
#6611=CARTESIAN_POINT('Ctrl Pts',(-37.8041574063228,23.4259900154931,-13.5138093198066));
#6612=CARTESIAN_POINT('Ctrl Pts',(-38.3605235910349,26.6596614757703,-13.6052987846251));
#6613=CARTESIAN_POINT('Ctrl Pts',(-38.7061342113995,31.7866639119334,-15.4727219126211));
#6614=CARTESIAN_POINT('Ctrl Pts',(-38.6807044572702,35.3794042555805,-15.2257043381532));
#6615=CARTESIAN_POINT('Ctrl Pts',(-38.6755148386956,36.5951674291116,-13.5335426425251));
#6616=CARTESIAN_POINT('Ctrl Pts',(-37.1485512539561,18.9362578176114,-14.2601191723122));
#6617=CARTESIAN_POINT('Ctrl Pts',(-37.3439110062565,19.3136046623062,-14.1417751244231));
#6618=CARTESIAN_POINT('Ctrl Pts',(-37.5270448647974,19.7142160250901,-14.0262971847016));
#6619=CARTESIAN_POINT('Ctrl Pts',(-37.8472137452817,20.5910465658646,-13.81958079447));
#6620=CARTESIAN_POINT('Ctrl Pts',(-37.9895513332708,21.0589282494345,-13.7287486745946));
#6621=CARTESIAN_POINT('Ctrl Pts',(-38.2555181467336,22.0411008184856,-13.5881047325211));
#6622=CARTESIAN_POINT('Ctrl Pts',(-38.5027765976809,23.0696825894483,-13.4884810881249));
#6623=CARTESIAN_POINT('Ctrl Pts',(-39.1184106889678,26.3339347194959,-13.5428383214157));
#6624=CARTESIAN_POINT('Ctrl Pts',(-39.4908831623271,31.519107848273,-15.3408205144906));
#6625=CARTESIAN_POINT('Ctrl Pts',(-39.4527385311331,35.1517898112319,-15.0594143902178));
#6626=CARTESIAN_POINT('Ctrl Pts',(-39.4449541032714,36.3772677405278,-13.3686130359068));
#6627=CARTESIAN_POINT('Ctrl Pts',(-37.3862101590272,18.6390331902775,-14.2985887616941));
#6628=CARTESIAN_POINT('Ctrl Pts',(-37.6094413434266,19.0227854488088,-14.1739624468206));
#6629=CARTESIAN_POINT('Ctrl Pts',(-37.8011783573018,19.4424944832134,-14.0534815471415));
#6630=CARTESIAN_POINT('Ctrl Pts',(-38.1517196897984,20.3460168450477,-13.8354216638825));
#6631=CARTESIAN_POINT('Ctrl Pts',(-38.3087210332502,20.8251211658183,-13.7395917268423));
#6632=CARTESIAN_POINT('Ctrl Pts',(-38.5966268143729,21.8246665760027,-13.5895415164694));
#6633=CARTESIAN_POINT('Ctrl Pts',(-38.8607341215818,22.8660642350066,-13.4819728104901));
#6634=CARTESIAN_POINT('Ctrl Pts',(-39.5041031348791,26.1544766416994,-13.5149775463587));
#6635=CARTESIAN_POINT('Ctrl Pts',(-39.8874755054122,31.3770653759081,-15.2764822048522));
#6636=CARTESIAN_POINT('Ctrl Pts',(-39.8417019479794,35.0324315465261,-14.9774607425313));
#6637=CARTESIAN_POINT('Ctrl Pts',(-39.8323606345453,36.2635466800135,-13.2868380792121));
#6638=CARTESIAN_POINT('Ctrl Pts',(-37.9565076526857,17.9700877570284,-14.3833238224434));
#6639=CARTESIAN_POINT('Ctrl Pts',(-38.1979894608319,18.3981706600362,-14.2438902263673));
#6640=CARTESIAN_POINT('Ctrl Pts',(-38.415651207717,18.8541780626286,-14.1103286572438));
#6641=CARTESIAN_POINT('Ctrl Pts',(-38.8109643081041,19.8110173767059,-13.871100518824));
#6642=CARTESIAN_POINT('Ctrl Pts',(-38.9886156616062,20.3118492881909,-13.7654339495278));
#6643=CARTESIAN_POINT('Ctrl Pts',(-39.3115377043666,21.3473131297766,-13.5981467566847));
#6644=CARTESIAN_POINT('Ctrl Pts',(-39.6020790828833,22.4165769899783,-13.474905509591));
#6645=CARTESIAN_POINT('Ctrl Pts',(-40.2914622401805,25.7643730017949,-13.4646085950548));
#6646=CARTESIAN_POINT('Ctrl Pts',(-40.6872945847143,31.0755998347511,-15.1538306444721));
#6647=CARTESIAN_POINT('Ctrl Pts',(-40.6232116043085,34.7834789860039,-14.8196561484219));
#6648=CARTESIAN_POINT('Ctrl Pts',(-40.6101337655007,36.027867877194,-13.1286123250853));
#6649=CARTESIAN_POINT('Ctrl Pts',(-38.6102171004053,17.2664862983492,-14.4658355775996));
#6650=CARTESIAN_POINT('Ctrl Pts',(-38.8641404859394,17.7332560274566,-14.3140594564621));
#6651=CARTESIAN_POINT('Ctrl Pts',(-39.0963299235386,18.2209883052123,-14.1696541525685));
#6652=CARTESIAN_POINT('Ctrl Pts',(-39.5204416556821,19.2310778816564,-13.9107764898822));
#6653=CARTESIAN_POINT('Ctrl Pts',(-39.7123639502265,19.7534351803448,-13.7963041310895));
#6654=CARTESIAN_POINT('Ctrl Pts',(-40.0591421490753,20.8254747222904,-13.6124836692187));
#6655=CARTESIAN_POINT('Ctrl Pts',(-40.3688539576842,21.924839208805,-13.4737874630624));
#6656=CARTESIAN_POINT('Ctrl Pts',(-41.0947955589609,25.3430818775789,-13.4195922425609));
#6657=CARTESIAN_POINT('Ctrl Pts',(-41.4937480571484,30.7567536971671,-15.0372041429886));
#6658=CARTESIAN_POINT('Ctrl Pts',(-41.4083040832739,34.5242903943711,-14.6679542555763));
#6659=CARTESIAN_POINT('Ctrl Pts',(-41.3908669648636,35.7839523925838,-12.975710730221));
#6660=CARTESIAN_POINT('Ctrl Pts',(-39.4304757260468,16.5278402678005,-14.5173100383151));
#6661=CARTESIAN_POINT('Ctrl Pts',(-39.6848104074082,17.023323328722,-14.3590407683022));
#6662=CARTESIAN_POINT('Ctrl Pts',(-39.9181323516523,17.5357993534604,-14.208454509983));
#6663=CARTESIAN_POINT('Ctrl Pts',(-40.3452174392681,18.5894834116873,-13.9375811974784));
#6664=CARTESIAN_POINT('Ctrl Pts',(-40.5389805826397,19.1306914451758,-13.8172941432929));
#6665=CARTESIAN_POINT('Ctrl Pts',(-40.8894147418728,20.2365856020191,-13.6219524198021));
#6666=CARTESIAN_POINT('Ctrl Pts',(-41.2027567735958,21.3659578487288,-13.4718430811913));
#6667=CARTESIAN_POINT('Ctrl Pts',(-41.9350301438776,24.8634196147532,-13.3825084591164));
#6668=CARTESIAN_POINT('Ctrl Pts',(-42.3098676316251,30.4014429360136,-14.9382283193848));
#6669=CARTESIAN_POINT('Ctrl Pts',(-42.1959423331258,34.2463618484213,-14.535897862661));
#6670=CARTESIAN_POINT('Ctrl Pts',(-42.172692841912,35.5261750457005,-12.8413463859491));
#6671=CARTESIAN_POINT('Ctrl Pts',(-39.8838772078414,16.1568380588862,-14.5284933146282));
#6672=CARTESIAN_POINT('Ctrl Pts',(-40.1353069195159,16.6645129477604,-14.3686697801999));
#6673=CARTESIAN_POINT('Ctrl Pts',(-40.3663189159147,17.1875933669134,-14.2164987487769));
#6674=CARTESIAN_POINT('Ctrl Pts',(-40.789563576462,18.2601998325529,-13.9423314013156));
#6675=CARTESIAN_POINT('Ctrl Pts',(-40.9817962406105,18.8097258790393,-13.8203350852773));
#6676=CARTESIAN_POINT('Ctrl Pts',(-41.3295383349584,19.930858166121,-13.6213868779591));
#6677=CARTESIAN_POINT('Ctrl Pts',(-41.6405571953571,21.0740706473117,-13.4674830953993));
#6678=CARTESIAN_POINT('Ctrl Pts',(-42.3656109626646,24.6099966561914,-13.3652565525138));
#6679=CARTESIAN_POINT('Ctrl Pts',(-42.7194432733189,30.2142455418656,-14.8945532170743));
#6680=CARTESIAN_POINT('Ctrl Pts',(-42.5892429321768,34.1031456138434,-14.4766410655365));
#6681=CARTESIAN_POINT('Ctrl Pts',(-42.5626720850753,35.3944737820176,-12.7807707594781));
#6682=CARTESIAN_POINT('',(-36.4724086426141,19.9158179189563,-14.1307099499289));
#6683=CARTESIAN_POINT('',(-39.8838772078414,16.1568380588862,-14.5284933146282));
#6684=CARTESIAN_POINT('Ctrl Pts',(-36.4724086426141,19.9158179189563,-14.1307099499289));
#6685=CARTESIAN_POINT('Ctrl Pts',(-36.6255339057757,19.6789393424504,-14.1603021681379));
#6686=CARTESIAN_POINT('Ctrl Pts',(-36.7682131273304,19.4562108936979,-14.1909758755341));
#6687=CARTESIAN_POINT('Ctrl Pts',(-37.1485512539561,18.9362578176114,-14.2601191723122));
#6688=CARTESIAN_POINT('Ctrl Pts',(-37.3862101590272,18.6390331902775,-14.2985887616941));
#6689=CARTESIAN_POINT('Ctrl Pts',(-37.9565076526857,17.9700877570284,-14.3833238224434));
#6690=CARTESIAN_POINT('Ctrl Pts',(-38.6102171004053,17.2664862983492,-14.4658355775996));
#6691=CARTESIAN_POINT('Ctrl Pts',(-39.4304757260468,16.5278402678005,-14.5173100383151));
#6692=CARTESIAN_POINT('Ctrl Pts',(-39.8838772078414,16.1568380588862,-14.5284933146282));
#6693=CARTESIAN_POINT('',(-37.9153431358605,36.798100593701,-13.69856955597));
#6694=CARTESIAN_POINT('Ctrl Pts',(-36.4724086426141,19.9158179189563,-14.1307099499289));
#6695=CARTESIAN_POINT('Ctrl Pts',(-36.528493131653,20.2538022253185,-14.0455904076898));
#6696=CARTESIAN_POINT('Ctrl Pts',(-36.5824890081722,20.5682276720908,-13.966029619203));
#6697=CARTESIAN_POINT('Ctrl Pts',(-36.7103024232302,21.3064491177189,-13.8209883028296));
#6698=CARTESIAN_POINT('Ctrl Pts',(-36.784119961769,21.7302451165747,-13.7555077749429));
#6699=CARTESIAN_POINT('Ctrl Pts',(-36.9515767008663,22.6872076663701,-13.6386269797697));
#6700=CARTESIAN_POINT('Ctrl Pts',(-37.1274149711026,23.7015641439333,-13.5607862771274));
#6701=CARTESIAN_POINT('Ctrl Pts',(-37.6216449741419,26.9346031755639,-13.6785607746204));
#6702=CARTESIAN_POINT('Ctrl Pts',(-37.9349395343909,32.0298525116686,-15.6080603390105));
#6703=CARTESIAN_POINT('Ctrl Pts',(-37.9186644917481,35.5899325453585,-15.3937082405815));
#6704=CARTESIAN_POINT('Ctrl Pts',(-37.9153431358605,36.798100593701,-13.69856955597));
#6705=CARTESIAN_POINT('',(-42.5626720850753,35.3944737820176,-12.7807707594781));
#6706=CARTESIAN_POINT('Ctrl Pts',(-42.5626720850753,35.3944737820176,-12.7807707594781));
#6707=CARTESIAN_POINT('Ctrl Pts',(-42.172692841912,35.5261750457005,-12.8413463859491));
#6708=CARTESIAN_POINT('Ctrl Pts',(-41.3908669648636,35.7839523925838,-12.975710730221));
#6709=CARTESIAN_POINT('Ctrl Pts',(-40.6101337655007,36.027867877194,-13.1286123250853));
#6710=CARTESIAN_POINT('Ctrl Pts',(-39.8323606345453,36.2635466800135,-13.2868380792121));
#6711=CARTESIAN_POINT('Ctrl Pts',(-39.4449541032714,36.3772677405278,-13.3686130359068));
#6712=CARTESIAN_POINT('Ctrl Pts',(-38.6755148386956,36.5951674291116,-13.5335426425251));
#6713=CARTESIAN_POINT('Ctrl Pts',(-38.2934821053939,36.6993460571811,-13.6166972924487));
#6714=CARTESIAN_POINT('Ctrl Pts',(-37.9153431358605,36.798100593701,-13.69856955597));
#6715=CARTESIAN_POINT('Ctrl Pts',(-39.8838772078414,16.1568380588862,-14.5284933146282));
#6716=CARTESIAN_POINT('Ctrl Pts',(-40.1353069195159,16.6645129477604,-14.3686697801999));
#6717=CARTESIAN_POINT('Ctrl Pts',(-40.3663189159147,17.1875933669134,-14.2164987487769));
#6718=CARTESIAN_POINT('Ctrl Pts',(-40.789563576462,18.2601998325529,-13.9423314013156));
#6719=CARTESIAN_POINT('Ctrl Pts',(-40.9817962406105,18.8097258790393,-13.8203350852773));
#6720=CARTESIAN_POINT('Ctrl Pts',(-41.3295383349584,19.930858166121,-13.6213868779591));
#6721=CARTESIAN_POINT('Ctrl Pts',(-41.6405571953571,21.0740706473117,-13.4674830953993));
#6722=CARTESIAN_POINT('Ctrl Pts',(-42.3656109626646,24.6099966561914,-13.3652565525138));
#6723=CARTESIAN_POINT('Ctrl Pts',(-42.7194432733189,30.2142455418656,-14.8945532170743));
#6724=CARTESIAN_POINT('Ctrl Pts',(-42.5892429321768,34.1031456138434,-14.4766410655365));
#6725=CARTESIAN_POINT('Ctrl Pts',(-42.5626720850753,35.3944737820176,-12.7807707594781));
#6726=CARTESIAN_POINT('Ctrl Pts',(36.1645216698882,10.2866590123097,-16.4151867710698));
#6727=CARTESIAN_POINT('Ctrl Pts',(36.5672846334475,10.7220902892284,-16.3315853944846));
#6728=CARTESIAN_POINT('Ctrl Pts',(37.0227917383991,11.2518214249363,-16.1803069326246));
#6729=CARTESIAN_POINT('Ctrl Pts',(37.8576180801093,12.2753124584691,-15.8657348286355));
#6730=CARTESIAN_POINT('Ctrl Pts',(38.2369373168678,12.769072356294,-15.7024411865064));
#6731=CARTESIAN_POINT('Ctrl Pts',(38.9193879221918,13.720620914061,-15.3638387219791));
#6732=CARTESIAN_POINT('Ctrl Pts',(39.231964534305,14.1926226834411,-15.1935538229514));
#6733=CARTESIAN_POINT('Ctrl Pts',(39.8163885733683,15.1568938114166,-14.8557928864902));
#6734=CARTESIAN_POINT('Ctrl Pts',(40.0882360003185,15.649163170012,-14.6883168490565));
#6735=CARTESIAN_POINT('Ctrl Pts',(40.339665711993,16.1568380588862,-14.5284933146282));
#6736=CARTESIAN_POINT('Ctrl Pts',(35.7924600192195,11.0294288813687,-16.4097160553146));
#6737=CARTESIAN_POINT('Ctrl Pts',(36.1689303176235,11.4265528892808,-16.295882440108));
#6738=CARTESIAN_POINT('Ctrl Pts',(36.5682039088936,11.924773800723,-16.1469985915629));
#6739=CARTESIAN_POINT('Ctrl Pts',(37.3724315244068,12.8046264638201,-15.8452770440547));
#6740=CARTESIAN_POINT('Ctrl Pts',(37.7485034283853,13.258219799633,-15.6864208115837));
#6741=CARTESIAN_POINT('Ctrl Pts',(38.4449756607581,14.1677495650922,-15.3469797308577));
#6742=CARTESIAN_POINT('Ctrl Pts',(38.7631051863187,14.621563288881,-15.1772318012996));
#6743=CARTESIAN_POINT('Ctrl Pts',(39.3565821303581,15.5538671097744,-14.8415315900349));
#6744=CARTESIAN_POINT('Ctrl Pts',(39.6319295488369,16.032357206879,-14.6755793083281));
#6745=CARTESIAN_POINT('Ctrl Pts',(39.8862642301984,16.5278402678005,-14.5173100383151));
#6746=CARTESIAN_POINT('Ctrl Pts',(35.4446853923486,11.8793453381236,-16.3276351301517));
#6747=CARTESIAN_POINT('Ctrl Pts',(35.8477623577482,12.2110503975592,-16.2092865444522));
#6748=CARTESIAN_POINT('Ctrl Pts',(36.2199217540701,12.5863980641298,-16.0802523056351));
#6749=CARTESIAN_POINT('Ctrl Pts',(36.9812603536861,13.3640667068356,-15.790983699037));
#6750=CARTESIAN_POINT('Ctrl Pts',(37.3492385101252,13.781593749622,-15.6308845559872));
#6751=CARTESIAN_POINT('Ctrl Pts',(38.0351448217037,14.6299937317711,-15.3044218498318));
#6752=CARTESIAN_POINT('Ctrl Pts',(38.3530729768429,15.0608666711339,-15.1380582867262));
#6753=CARTESIAN_POINT('Ctrl Pts',(38.946503507956,15.9538882492785,-14.8091451135766));
#6754=CARTESIAN_POINT('Ctrl Pts',(39.2220058839299,16.4160368880604,-14.6465955035326));
#6755=CARTESIAN_POINT('Ctrl Pts',(39.4761349173777,16.8971632830748,-14.4915728079574));
#6756=CARTESIAN_POINT('Ctrl Pts',(34.8637476275649,13.4669390603966,-16.1283419374396));
#6757=CARTESIAN_POINT('Ctrl Pts',(35.2473238701164,13.6479798577769,-16.0256712670056));
#6758=CARTESIAN_POINT('Ctrl Pts',(35.6066843443358,13.9082423436195,-15.9064415720994));
#6759=CARTESIAN_POINT('Ctrl Pts',(36.3204549198911,14.5049980093198,-15.6374022037401));
#6760=CARTESIAN_POINT('Ctrl Pts',(36.6683432710343,14.847766841922,-15.4889631462128));
#6761=CARTESIAN_POINT('Ctrl Pts',(37.3276507751118,15.5686554922658,-15.1852284324696));
#6762=CARTESIAN_POINT('Ctrl Pts',(37.6390699280462,15.9467753100073,-15.0299327762539));
#6763=CARTESIAN_POINT('Ctrl Pts',(38.2209686824188,16.74787791969,-14.7224108393331));
#6764=CARTESIAN_POINT('Ctrl Pts',(38.4914482838569,17.1708607116312,-14.5701845586282));
#6765=CARTESIAN_POINT('Ctrl Pts',(38.7391508806971,17.6182870276888,-14.4245797000215));
#6766=CARTESIAN_POINT('Ctrl Pts',(34.6305844896521,14.2046163259147,-16.0111296698904));
#6767=CARTESIAN_POINT('Ctrl Pts',(35.0000331969533,14.3481417129275,-15.9157910509861));
#6768=CARTESIAN_POINT('Ctrl Pts',(35.3580624559917,14.56877482353,-15.7937759780907));
#6769=CARTESIAN_POINT('Ctrl Pts',(36.0505505377804,15.0903684225844,-15.5374146011446));
#6770=CARTESIAN_POINT('Ctrl Pts',(36.3877853443082,15.3963109715734,-15.3966860592852));
#6771=CARTESIAN_POINT('Ctrl Pts',(37.0299875675744,16.0450730860815,-15.1085928961335));
#6772=CARTESIAN_POINT('Ctrl Pts',(37.3350990887253,16.3933805666279,-14.960980780355));
#6773=CARTESIAN_POINT('Ctrl Pts',(37.9055124792836,17.1418464505974,-14.6680630415479));
#6774=CARTESIAN_POINT('Ctrl Pts',(38.170814348691,17.5420048540206,-14.5227574185194));
#6775=CARTESIAN_POINT('Ctrl Pts',(38.4122961568373,17.9700877570284,-14.3833238224434));
#6776=CARTESIAN_POINT('Ctrl Pts',(34.2788697027847,15.567731665714,-15.7415737924059));
#6777=CARTESIAN_POINT('Ctrl Pts',(34.6160050380586,15.6838899067471,-15.6526023180757));
#6778=CARTESIAN_POINT('Ctrl Pts',(34.9500908044037,15.8464832926532,-15.5470526493613));
#6779=CARTESIAN_POINT('Ctrl Pts',(35.602131469892,16.2432440918409,-15.316970578281));
#6780=CARTESIAN_POINT('Ctrl Pts',(35.9200863690352,16.4774115051226,-15.1924381759152));
#6781=CARTESIAN_POINT('Ctrl Pts',(36.5298335707753,16.9960240966914,-14.9385642926495));
#6782=CARTESIAN_POINT('Ctrl Pts',(36.8209565067246,17.2809557856455,-14.8090448276724));
#6783=CARTESIAN_POINT('Ctrl Pts',(37.3654276106073,17.9097394687395,-14.5517711263626));
#6784=CARTESIAN_POINT('Ctrl Pts',(37.6187674787794,18.2552809317462,-14.4232150765676));
#6785=CARTESIAN_POINT('Ctrl Pts',(37.8419986631788,18.6390331902775,-14.2985887616941));
#6786=CARTESIAN_POINT('Ctrl Pts',(34.1423503379217,16.21837062032,-15.5984901491345));
#6787=CARTESIAN_POINT('Ctrl Pts',(34.4673379389917,16.3212756921137,-15.5131813982419));
#6788=CARTESIAN_POINT('Ctrl Pts',(34.7907410411598,16.4636592818658,-15.4129949146405));
#6789=CARTESIAN_POINT('Ctrl Pts',(35.4236167841143,16.8107493478327,-15.1965141580128));
#6790=CARTESIAN_POINT('Ctrl Pts',(35.7330894249007,17.0154558240476,-15.0802198849866));
#6791=CARTESIAN_POINT('Ctrl Pts',(36.326673414866,17.4710440241525,-14.8449932414245));
#6792=CARTESIAN_POINT('Ctrl Pts',(36.6107847640449,17.7219257480427,-14.7260608708887));
#6793=CARTESIAN_POINT('Ctrl Pts',(37.1407989450661,18.2836639559742,-14.4898270089624));
#6794=CARTESIAN_POINT('Ctrl Pts',(37.3772968117152,18.5960746080971,-14.3737557168264));
#6795=CARTESIAN_POINT('Ctrl Pts',(37.6043397581077,18.9362578176114,-14.2601191723122));
#6796=CARTESIAN_POINT('Ctrl Pts',(33.9282576734794,17.4991156981736,-15.3070604124337));
#6797=CARTESIAN_POINT('Ctrl Pts',(34.2349763296357,17.5767626129578,-15.2292687923748));
#6798=CARTESIAN_POINT('Ctrl Pts',(34.5419615569948,17.6834987801391,-15.1394348023234));
#6799=CARTESIAN_POINT('Ctrl Pts',(35.1452424596078,17.9419207291959,-14.9489195779847));
#6800=CARTESIAN_POINT('Ctrl Pts',(35.4415381348615,18.0936065110713,-14.8482383436973));
#6801=CARTESIAN_POINT('Ctrl Pts',(36.0085120578004,18.4285095756293,-14.64965857919));
#6802=CARTESIAN_POINT('Ctrl Pts',(36.2791903054854,18.6117268583117,-14.5517600489702));
#6803=CARTESIAN_POINT('Ctrl Pts',(36.778811975649,19.0128336608577,-14.3642432913589));
#6804=CARTESIAN_POINT('Ctrl Pts',(37.001346831771,19.2322295130582,-14.2752796337898));
#6805=CARTESIAN_POINT('Ctrl Pts',(37.224001631482,19.4562108936979,-14.1909758755341));
#6806=CARTESIAN_POINT('Ctrl Pts',(33.8506843739,18.1292218214211,-15.1587143190043));
#6807=CARTESIAN_POINT('Ctrl Pts',(34.1512818193466,18.1948637484354,-15.0847771063416));
#6808=CARTESIAN_POINT('Ctrl Pts',(34.4525318360737,18.2861622891997,-14.9999324247272));
#6809=CARTESIAN_POINT('Ctrl Pts',(35.0453828208788,18.5055868545671,-14.8217814182246));
#6810=CARTESIAN_POINT('Ctrl Pts',(35.3369837889569,18.6337128791702,-14.7284750933366));
#6811=CARTESIAN_POINT('Ctrl Pts',(35.8968024518744,18.9119238247902,-14.546954593783));
#6812=CARTESIAN_POINT('Ctrl Pts',(36.1628951408156,19.0558782985963,-14.4605135800989));
#6813=CARTESIAN_POINT('Ctrl Pts',(36.6452264718812,19.3647760536696,-14.3003786229208));
#6814=CARTESIAN_POINT('Ctrl Pts',(36.8577325616633,19.4886698283075,-14.2365265785704));
#6815=CARTESIAN_POINT('Ctrl Pts',(37.0813224099273,19.6789393424504,-14.1603021681379));
#6816=CARTESIAN_POINT('Ctrl Pts',(33.7971982394209,18.7561106320836,-15.0163558623859));
#6817=CARTESIAN_POINT('Ctrl Pts',(34.0936920458421,18.8105653490474,-14.9459855899274));
#6818=CARTESIAN_POINT('Ctrl Pts',(34.3912476028569,18.8876915228182,-14.8656818536221));
#6819=CARTESIAN_POINT('Ctrl Pts',(34.9784113288259,19.0716024704407,-14.698319675052));
#6820=CARTESIAN_POINT('Ctrl Pts',(35.26801949778,19.1783872442924,-14.6112612327872));
#6821=CARTESIAN_POINT('Ctrl Pts',(35.8264375250004,19.4055482347806,-14.4437023628992));
#6822=CARTESIAN_POINT('Ctrl Pts',(36.0776107655011,19.5134839766925,-14.3696295093096));
#6823=CARTESIAN_POINT('Ctrl Pts',(36.5238857002835,19.7180659538522,-14.2408969648395));
#6824=CARTESIAN_POINT('Ctrl Pts',(36.7189873945652,19.8147121891,-14.1862372739589));
#6825=CARTESIAN_POINT('Ctrl Pts',(36.9281971467657,19.9158179189563,-14.1307099499289));
#6826=CARTESIAN_POINT('',(33.7971982394209,18.7561106320836,-15.0163558623859));
#6827=CARTESIAN_POINT('',(36.1645216698882,10.2866590123097,-16.4151867710698));
#6828=CARTESIAN_POINT('Ctrl Pts',(33.7971982394209,18.7561106320836,-15.0163558623859));
#6829=CARTESIAN_POINT('Ctrl Pts',(33.8506843739,18.1292218214211,-15.1587143190043));
#6830=CARTESIAN_POINT('Ctrl Pts',(34.0058309730587,16.8690095749261,-15.4554065058631));
#6831=CARTESIAN_POINT('Ctrl Pts',(34.2788697027847,15.567731665714,-15.7415737924059));
#6832=CARTESIAN_POINT('Ctrl Pts',(34.6305844896521,14.2046163259147,-16.0111296698904));
#6833=CARTESIAN_POINT('Ctrl Pts',(34.8637476275649,13.4669390603966,-16.1283419374396));
#6834=CARTESIAN_POINT('Ctrl Pts',(35.4446853923486,11.8793453381236,-16.3276351301517));
#6835=CARTESIAN_POINT('Ctrl Pts',(35.7924600192195,11.0294288813687,-16.4097160553146));
#6836=CARTESIAN_POINT('Ctrl Pts',(36.1645216698882,10.2866590123097,-16.4151867710698));
#6837=CARTESIAN_POINT('Ctrl Pts',(40.339665711993,16.1568380588862,-14.5284933146282));
#6838=CARTESIAN_POINT('Ctrl Pts',(40.0882360003185,15.649163170012,-14.6883168490565));
#6839=CARTESIAN_POINT('Ctrl Pts',(39.8163885733683,15.1568938114166,-14.8557928864902));
#6840=CARTESIAN_POINT('Ctrl Pts',(39.231964534305,14.1926226834411,-15.1935538229514));
#6841=CARTESIAN_POINT('Ctrl Pts',(38.9193879221918,13.720620914061,-15.3638387219791));
#6842=CARTESIAN_POINT('Ctrl Pts',(38.2369373168678,12.769072356294,-15.7024411865064));
#6843=CARTESIAN_POINT('Ctrl Pts',(37.8576180801093,12.2753124584691,-15.8657348286355));
#6844=CARTESIAN_POINT('Ctrl Pts',(37.0227917383991,11.2518214249363,-16.1803069326246));
#6845=CARTESIAN_POINT('Ctrl Pts',(36.5672846334475,10.7220902892284,-16.3315853944846));
#6846=CARTESIAN_POINT('Ctrl Pts',(36.1645216698882,10.2866590123097,-16.4151867710698));
#6847=CARTESIAN_POINT('Ctrl Pts',(36.9281971467657,19.9158179189563,-14.1307099499289));
#6848=CARTESIAN_POINT('Ctrl Pts',(36.7189873945652,19.8147121891,-14.1862372739589));
#6849=CARTESIAN_POINT('Ctrl Pts',(36.5238857002835,19.7180659538522,-14.2408969648395));
#6850=CARTESIAN_POINT('Ctrl Pts',(36.0776107655011,19.5134839766925,-14.3696295093096));
#6851=CARTESIAN_POINT('Ctrl Pts',(35.8264375250004,19.4055482347806,-14.4437023628992));
#6852=CARTESIAN_POINT('Ctrl Pts',(35.26801949778,19.1783872442924,-14.6112612327872));
#6853=CARTESIAN_POINT('Ctrl Pts',(34.6888031598717,18.9648176965889,-14.7853781173167));
#6854=CARTESIAN_POINT('Ctrl Pts',(34.0936920458421,18.8105653490474,-14.9459855899274));
#6855=CARTESIAN_POINT('Ctrl Pts',(33.7971982394209,18.7561106320836,-15.0163558623859));
#6856=CARTESIAN_POINT('Ctrl Pts',(-35.7087331657366,10.2866590123097,-16.4151867710698));
#6857=CARTESIAN_POINT('Ctrl Pts',(-35.3366715150679,11.0294288813687,-16.4097160553146));
#6858=CARTESIAN_POINT('Ctrl Pts',(-34.988896888197,11.8793453381236,-16.3276351301517));
#6859=CARTESIAN_POINT('Ctrl Pts',(-34.4079591234133,13.4669390603967,-16.1283419374396));
#6860=CARTESIAN_POINT('Ctrl Pts',(-34.1747959855005,14.2046163259147,-16.0111296698904));
#6861=CARTESIAN_POINT('Ctrl Pts',(-33.8230811986331,15.567731665714,-15.7415737924059));
#6862=CARTESIAN_POINT('Ctrl Pts',(-33.6865618337701,16.21837062032,-15.5984901491345));
#6863=CARTESIAN_POINT('Ctrl Pts',(-33.4724691693278,17.4991156981736,-15.3070604124337));
#6864=CARTESIAN_POINT('Ctrl Pts',(-33.3948958697484,18.1292218214211,-15.1587143190043));
#6865=CARTESIAN_POINT('Ctrl Pts',(-33.3414097352693,18.7561106320836,-15.0163558623859));
#6866=CARTESIAN_POINT('Ctrl Pts',(-36.1114961292959,10.7220902892284,-16.3315853944846));
#6867=CARTESIAN_POINT('Ctrl Pts',(-35.7131418134719,11.4265528892808,-16.295882440108));
#6868=CARTESIAN_POINT('Ctrl Pts',(-35.3919738535966,12.2110503975592,-16.2092865444522));
#6869=CARTESIAN_POINT('Ctrl Pts',(-34.7915353659648,13.6479798577769,-16.0256712670057));
#6870=CARTESIAN_POINT('Ctrl Pts',(-34.5442446928017,14.3481417129276,-15.9157910509862));
#6871=CARTESIAN_POINT('Ctrl Pts',(-34.160216533907,15.6838899067471,-15.6526023180757));
#6872=CARTESIAN_POINT('Ctrl Pts',(-34.0115494348401,16.3212756921137,-15.5131813982419));
#6873=CARTESIAN_POINT('Ctrl Pts',(-33.7791878254841,17.5767626129578,-15.2292687923748));
#6874=CARTESIAN_POINT('Ctrl Pts',(-33.695493315195,18.1948637484354,-15.0847771063416));
#6875=CARTESIAN_POINT('Ctrl Pts',(-33.6379035416905,18.8105653490474,-14.9459855899274));
#6876=CARTESIAN_POINT('Ctrl Pts',(-36.5670032342475,11.2518214249363,-16.1803069326246));
#6877=CARTESIAN_POINT('Ctrl Pts',(-36.112415404742,11.924773800723,-16.1469985915629));
#6878=CARTESIAN_POINT('Ctrl Pts',(-35.7641332499186,12.5863980641298,-16.0802523056351));
#6879=CARTESIAN_POINT('Ctrl Pts',(-35.1508958401842,13.9082423436195,-15.9064415720994));
#6880=CARTESIAN_POINT('Ctrl Pts',(-34.9022739518401,14.56877482353,-15.7937759780907));
#6881=CARTESIAN_POINT('Ctrl Pts',(-34.4943023002521,15.8464832926532,-15.5470526493613));
#6882=CARTESIAN_POINT('Ctrl Pts',(-34.3349525370083,16.4636592818658,-15.4129949146405));
#6883=CARTESIAN_POINT('Ctrl Pts',(-34.0861730528432,17.6834987801391,-15.1394348023234));
#6884=CARTESIAN_POINT('Ctrl Pts',(-33.9967433319221,18.2861622891997,-14.9999324247272));
#6885=CARTESIAN_POINT('Ctrl Pts',(-33.9354590987053,18.8876915228182,-14.8656818536221));
#6886=CARTESIAN_POINT('Ctrl Pts',(-37.4018295759577,12.2753124584691,-15.8657348286354));
#6887=CARTESIAN_POINT('Ctrl Pts',(-36.9166430202552,12.8046264638201,-15.8452770440547));
#6888=CARTESIAN_POINT('Ctrl Pts',(-36.5254718495345,13.3640667068356,-15.790983699037));
#6889=CARTESIAN_POINT('Ctrl Pts',(-35.8646664157395,14.5049980093198,-15.6374022037401));
#6890=CARTESIAN_POINT('Ctrl Pts',(-35.5947620336288,15.0903684225844,-15.5374146011446));
#6891=CARTESIAN_POINT('Ctrl Pts',(-35.1463429657404,16.2432440918409,-15.316970578281));
#6892=CARTESIAN_POINT('Ctrl Pts',(-34.9678282799627,16.8107493478327,-15.1965141580128));
#6893=CARTESIAN_POINT('Ctrl Pts',(-34.6894539554562,17.9419207291959,-14.9489195779847));
#6894=CARTESIAN_POINT('Ctrl Pts',(-34.5895943167272,18.5055868545671,-14.8217814182246));
#6895=CARTESIAN_POINT('Ctrl Pts',(-34.5226228246743,19.0716024704407,-14.698319675052));
#6896=CARTESIAN_POINT('Ctrl Pts',(-37.7811488127162,12.769072356294,-15.7024411865063));
#6897=CARTESIAN_POINT('Ctrl Pts',(-37.2927149242337,13.258219799633,-15.6864208115837));
#6898=CARTESIAN_POINT('Ctrl Pts',(-36.8934500059736,13.781593749622,-15.6308845559872));
#6899=CARTESIAN_POINT('Ctrl Pts',(-36.2125547668827,14.847766841922,-15.4889631462128));
#6900=CARTESIAN_POINT('Ctrl Pts',(-35.9319968401566,15.3963109715734,-15.3966860592852));
#6901=CARTESIAN_POINT('Ctrl Pts',(-35.4642978648836,16.4774115051226,-15.1924381759152));
#6902=CARTESIAN_POINT('Ctrl Pts',(-35.2773009207491,17.0154558240476,-15.0802198849866));
#6903=CARTESIAN_POINT('Ctrl Pts',(-34.98574963071,18.0936065110713,-14.8482383436973));
#6904=CARTESIAN_POINT('Ctrl Pts',(-34.8811952848053,18.6337128791702,-14.7284750933366));
#6905=CARTESIAN_POINT('Ctrl Pts',(-34.8122309936284,19.1783872442924,-14.6112612327872));
#6906=CARTESIAN_POINT('Ctrl Pts',(-38.4635994180402,13.7206209140609,-15.363838721979));
#6907=CARTESIAN_POINT('Ctrl Pts',(-37.9891871566065,14.1677495650922,-15.3469797308577));
#6908=CARTESIAN_POINT('Ctrl Pts',(-37.5793563175521,14.6299937317711,-15.3044218498318));
#6909=CARTESIAN_POINT('Ctrl Pts',(-36.8718622709602,15.5686554922658,-15.1852284324696));
#6910=CARTESIAN_POINT('Ctrl Pts',(-36.5741990634228,16.0450730860815,-15.1085928961334));
#6911=CARTESIAN_POINT('Ctrl Pts',(-36.0740450666237,16.9960240966914,-14.9385642926495));
#6912=CARTESIAN_POINT('Ctrl Pts',(-35.8708849107144,17.4710440241525,-14.8449932414245));
#6913=CARTESIAN_POINT('Ctrl Pts',(-35.5527235536487,18.4285095756293,-14.64965857919));
#6914=CARTESIAN_POINT('Ctrl Pts',(-35.4410139477228,18.9119238247902,-14.546954593783));
#6915=CARTESIAN_POINT('Ctrl Pts',(-35.3706490208488,19.4055482347806,-14.4437023628992));
#6916=CARTESIAN_POINT('Ctrl Pts',(-38.7761760301534,14.1926226834411,-15.1935538229514));
#6917=CARTESIAN_POINT('Ctrl Pts',(-38.3073166821671,14.621563288881,-15.1772318012996));
#6918=CARTESIAN_POINT('Ctrl Pts',(-37.8972844726913,15.0608666711339,-15.1380582867262));
#6919=CARTESIAN_POINT('Ctrl Pts',(-37.1832814238946,15.9467753100073,-15.0299327762539));
#6920=CARTESIAN_POINT('Ctrl Pts',(-36.8793105845737,16.3933805666279,-14.960980780355));
#6921=CARTESIAN_POINT('Ctrl Pts',(-36.365168002573,17.2809557856455,-14.8090448276724));
#6922=CARTESIAN_POINT('Ctrl Pts',(-36.1549962598933,17.7219257480427,-14.7260608708887));
#6923=CARTESIAN_POINT('Ctrl Pts',(-35.8234018013338,18.6117268583117,-14.5517600489702));
#6924=CARTESIAN_POINT('Ctrl Pts',(-35.7071066366641,19.0558782985963,-14.4605135800989));
#6925=CARTESIAN_POINT('Ctrl Pts',(-35.6218222613495,19.5134839766925,-14.3696295093096));
#6926=CARTESIAN_POINT('Ctrl Pts',(-39.3606000692168,15.1568938114166,-14.8557928864902));
#6927=CARTESIAN_POINT('Ctrl Pts',(-38.9007936262065,15.5538671097744,-14.8415315900349));
#6928=CARTESIAN_POINT('Ctrl Pts',(-38.4907150038044,15.9538882492785,-14.8091451135766));
#6929=CARTESIAN_POINT('Ctrl Pts',(-37.7651801782672,16.74787791969,-14.7224108393331));
#6930=CARTESIAN_POINT('Ctrl Pts',(-37.449723975132,17.1418464505974,-14.6680630415479));
#6931=CARTESIAN_POINT('Ctrl Pts',(-36.9096391064557,17.9097394687395,-14.5517711263626));
#6932=CARTESIAN_POINT('Ctrl Pts',(-36.6850104409145,18.2836639559742,-14.4898270089624));
#6933=CARTESIAN_POINT('Ctrl Pts',(-36.3230234714974,19.0128336608577,-14.3642432913589));
#6934=CARTESIAN_POINT('Ctrl Pts',(-36.1894379677296,19.3647760536696,-14.3003786229208));
#6935=CARTESIAN_POINT('Ctrl Pts',(-36.0680971961319,19.7180659538522,-14.2408969648395));
#6936=CARTESIAN_POINT('Ctrl Pts',(-39.6324474961669,15.649163170012,-14.6883168490565));
#6937=CARTESIAN_POINT('Ctrl Pts',(-39.1761410446853,16.032357206879,-14.6755793083281));
#6938=CARTESIAN_POINT('Ctrl Pts',(-38.7662173797783,16.4160368880604,-14.6465955035326));
#6939=CARTESIAN_POINT('Ctrl Pts',(-38.0356597797053,17.1708607116312,-14.5701845586282));
#6940=CARTESIAN_POINT('Ctrl Pts',(-37.7150258445394,17.5420048540206,-14.5227574185194));
#6941=CARTESIAN_POINT('Ctrl Pts',(-37.1629789746278,18.2552809317462,-14.4232150765676));
#6942=CARTESIAN_POINT('Ctrl Pts',(-36.9215083075636,18.5960746080971,-14.3737557168264));
#6943=CARTESIAN_POINT('Ctrl Pts',(-36.5455583276194,19.2322295130582,-14.2752796337898));
#6944=CARTESIAN_POINT('Ctrl Pts',(-36.4019440575117,19.4886698283075,-14.2365265785704));
#6945=CARTESIAN_POINT('Ctrl Pts',(-36.2631988904136,19.8147121891,-14.1862372739589));
#6946=CARTESIAN_POINT('Ctrl Pts',(-39.8838772078414,16.1568380588862,-14.5284933146282));
#6947=CARTESIAN_POINT('Ctrl Pts',(-39.4304757260468,16.5278402678005,-14.5173100383151));
#6948=CARTESIAN_POINT('Ctrl Pts',(-39.0203464132261,16.8971632830748,-14.4915728079574));
#6949=CARTESIAN_POINT('Ctrl Pts',(-38.2833623765455,17.6182870276888,-14.4245797000215));
#6950=CARTESIAN_POINT('Ctrl Pts',(-37.9565076526857,17.9700877570284,-14.3833238224434));
#6951=CARTESIAN_POINT('Ctrl Pts',(-37.3862101590272,18.6390331902775,-14.2985887616941));
#6952=CARTESIAN_POINT('Ctrl Pts',(-37.1485512539561,18.9362578176114,-14.2601191723122));
#6953=CARTESIAN_POINT('Ctrl Pts',(-36.7682131273304,19.4562108936979,-14.1909758755341));
#6954=CARTESIAN_POINT('Ctrl Pts',(-36.6255339057757,19.6789393424504,-14.1603021681379));
#6955=CARTESIAN_POINT('Ctrl Pts',(-36.4724086426141,19.9158179189563,-14.1307099499289));
#6956=CARTESIAN_POINT('',(-35.7087331657366,10.2866590123097,-16.4151867710698));
#6957=CARTESIAN_POINT('Ctrl Pts',(-35.7087331657366,10.2866590123097,-16.4151867710698));
#6958=CARTESIAN_POINT('Ctrl Pts',(-36.1114961292959,10.7220902892284,-16.3315853944846));
#6959=CARTESIAN_POINT('Ctrl Pts',(-36.5670032342475,11.2518214249363,-16.1803069326246));
#6960=CARTESIAN_POINT('Ctrl Pts',(-37.4018295759577,12.2753124584691,-15.8657348286354));
#6961=CARTESIAN_POINT('Ctrl Pts',(-37.7811488127162,12.769072356294,-15.7024411865063));
#6962=CARTESIAN_POINT('Ctrl Pts',(-38.4635994180402,13.7206209140609,-15.363838721979));
#6963=CARTESIAN_POINT('Ctrl Pts',(-38.7761760301534,14.1926226834411,-15.1935538229514));
#6964=CARTESIAN_POINT('Ctrl Pts',(-39.3606000692168,15.1568938114166,-14.8557928864902));
#6965=CARTESIAN_POINT('Ctrl Pts',(-39.6324474961669,15.649163170012,-14.6883168490565));
#6966=CARTESIAN_POINT('Ctrl Pts',(-39.8838772078414,16.1568380588862,-14.5284933146282));
#6967=CARTESIAN_POINT('',(-33.3414097352693,18.7561106320836,-15.0163558623859));
#6968=CARTESIAN_POINT('Ctrl Pts',(-35.7087331657366,10.2866590123097,-16.4151867710698));
#6969=CARTESIAN_POINT('Ctrl Pts',(-35.3366715150679,11.0294288813687,-16.4097160553146));
#6970=CARTESIAN_POINT('Ctrl Pts',(-34.988896888197,11.8793453381236,-16.3276351301517));
#6971=CARTESIAN_POINT('Ctrl Pts',(-34.4079591234133,13.4669390603967,-16.1283419374396));
#6972=CARTESIAN_POINT('Ctrl Pts',(-34.1747959855005,14.2046163259147,-16.0111296698904));
#6973=CARTESIAN_POINT('Ctrl Pts',(-33.8230811986331,15.567731665714,-15.7415737924059));
#6974=CARTESIAN_POINT('Ctrl Pts',(-33.5500424689071,16.8690095749261,-15.4554065058631));
#6975=CARTESIAN_POINT('Ctrl Pts',(-33.3948958697485,18.1292218214211,-15.1587143190043));
#6976=CARTESIAN_POINT('Ctrl Pts',(-33.3414097352693,18.7561106320836,-15.0163558623859));
#6977=CARTESIAN_POINT('Ctrl Pts',(-33.3414097352693,18.7561106320836,-15.0163558623859));
#6978=CARTESIAN_POINT('Ctrl Pts',(-33.6379035416905,18.8105653490474,-14.9459855899274));
#6979=CARTESIAN_POINT('Ctrl Pts',(-34.2330146557202,18.9648176965889,-14.7853781173167));
#6980=CARTESIAN_POINT('Ctrl Pts',(-34.8122309936284,19.1783872442924,-14.6112612327872));
#6981=CARTESIAN_POINT('Ctrl Pts',(-35.3706490208488,19.4055482347806,-14.4437023628992));
#6982=CARTESIAN_POINT('Ctrl Pts',(-35.6218222613495,19.5134839766925,-14.3696295093096));
#6983=CARTESIAN_POINT('Ctrl Pts',(-36.0680971961319,19.7180659538522,-14.2408969648395));
#6984=CARTESIAN_POINT('Ctrl Pts',(-36.2631988904136,19.8147121891,-14.1862372739589));
#6985=CARTESIAN_POINT('Ctrl Pts',(-36.4724086426141,19.9158179189563,-14.1307099499289));
#6986=CARTESIAN_POINT('Ctrl Pts',(43.0184605892269,35.3944737820176,-12.7807707594781));
#6987=CARTESIAN_POINT('Ctrl Pts',(43.0251033010023,35.0716417399741,-13.2047383359927));
#6988=CARTESIAN_POINT('Ctrl Pts',(43.0341540954945,34.7079895811921,-13.5357737731142));
#6989=CARTESIAN_POINT('Ctrl Pts',(43.0523934495651,33.9109187252934,-14.0445613838576));
#6990=CARTESIAN_POINT('Ctrl Pts',(43.0615820091434,33.4775000281768,-14.2223135574794));
#6991=CARTESIAN_POINT('Ctrl Pts',(43.0823367349861,32.0904046720379,-14.5745167060254));
#6992=CARTESIAN_POINT('Ctrl Pts',(43.0966023751029,28.9688569006047,-14.5547095138386));
#6993=CARTESIAN_POINT('Ctrl Pts',(42.7034553632648,22.7419136943,-12.8554909976603));
#6994=CARTESIAN_POINT('Ctrl Pts',(41.1756257081192,17.6182406043933,-14.0184126993218));
#6995=CARTESIAN_POINT('Ctrl Pts',(39.5445411464182,14.6646244528213,-15.0232689239238));
#6996=CARTESIAN_POINT('Ctrl Pts',(38.9193879221918,13.720620914061,-15.3638387219791));
#6997=CARTESIAN_POINT('Ctrl Pts',(38.2369373168678,12.769072356294,-15.7024411865064));
#6998=CARTESIAN_POINT('Ctrl Pts',(37.8576180801093,12.2753124584691,-15.8657348286355));
#6999=CARTESIAN_POINT('Ctrl Pts',(37.0227917383991,11.2518214249363,-16.1803069326246));
#7000=CARTESIAN_POINT('Ctrl Pts',(36.5672846334475,10.7220902892284,-16.3315853944846));
#7001=CARTESIAN_POINT('Ctrl Pts',(36.1645216698882,10.2866590123097,-16.4151867710698));
#7002=CARTESIAN_POINT('Ctrl Pts',(43.4084398323902,35.2627725183348,-12.7201951330071));
#7003=CARTESIAN_POINT('Ctrl Pts',(43.4159128831375,34.9370617335674,-13.1444924168583));
#7004=CARTESIAN_POINT('Ctrl Pts',(43.4260950269413,34.5698761065061,-13.4762620624453));
#7005=CARTESIAN_POINT('Ctrl Pts',(43.447067315659,33.7646399287715,-13.9871866042365));
#7006=CARTESIAN_POINT('Ctrl Pts',(43.457857460573,33.3265893780982,-14.1663415004409));
#7007=CARTESIAN_POINT('Ctrl Pts',(43.4839246194763,31.924267482125,-14.5235448556991));
#7008=CARTESIAN_POINT('Ctrl Pts',(43.5108458339285,28.7669427143647,-14.5169062327966));
#7009=CARTESIAN_POINT('Ctrl Pts',(43.1410379077497,22.4664155476002,-12.8470468229604));
#7010=CARTESIAN_POINT('Ctrl Pts',(41.6179321934861,17.2901636134894,-14.0250552171424));
#7011=CARTESIAN_POINT('Ctrl Pts',(40.007847580957,14.2538718929727,-15.0390539761061));
#7012=CARTESIAN_POINT('Ctrl Pts',(39.3938001836255,13.2734922630297,-15.3806977131004));
#7013=CARTESIAN_POINT('Ctrl Pts',(38.7253712053503,12.2799249129551,-15.718461561429));
#7014=CARTESIAN_POINT('Ctrl Pts',(38.3662367285747,11.7786700837095,-15.8745666225633));
#7015=CARTESIAN_POINT('Ctrl Pts',(37.6259311597686,10.7570481671928,-16.1604358469465));
#7016=CARTESIAN_POINT('Ctrl Pts',(37.1809761091329,10.2657901791204,-16.2992172511491));
#7017=CARTESIAN_POINT('Ctrl Pts',(36.7855045214461,9.81300047215125,-16.368988994589));
#7018=CARTESIAN_POINT('Ctrl Pts',(43.7974853801926,35.1282586644107,-12.666226052201));
#7019=CARTESIAN_POINT('Ctrl Pts',(43.8058925622833,34.7993092940792,-13.090894256806));
#7020=CARTESIAN_POINT('Ctrl Pts',(43.8173474740625,34.428155002484,-13.4233990649886));
#7021=CARTESIAN_POINT('Ctrl Pts',(43.8414382172079,33.6137832851095,-13.9363781376386));
#7022=CARTESIAN_POINT('Ctrl Pts',(43.854074048574,33.1705658593301,-14.116852402106));
#7023=CARTESIAN_POINT('Ctrl Pts',(43.8863811123679,31.7513389432299,-14.4786737536297));
#7024=CARTESIAN_POINT('Ctrl Pts',(43.9285935187369,28.5545865559807,-14.4839106891633));
#7025=CARTESIAN_POINT('Ctrl Pts',(43.5920665358544,22.1759756358921,-12.8383850252562));
#7026=CARTESIAN_POINT('Ctrl Pts',(42.0932413292933,16.9523234795719,-14.0229671346391));
#7027=CARTESIAN_POINT('Ctrl Pts',(40.5242268701377,13.8487293711023,-15.0348349323495));
#7028=CARTESIAN_POINT('Ctrl Pts',(39.9327938674383,12.8414791276461,-15.3718578143173));
#7029=CARTESIAN_POINT('Ctrl Pts',(39.3024222063429,11.8280194713029,-15.6962225660988));
#7030=CARTESIAN_POINT('Ctrl Pts',(38.9677670465971,11.3181849366878,-15.8520758768965));
#7031=CARTESIAN_POINT('Ctrl Pts',(38.3038296777161,10.297966727288,-16.112419933424));
#7032=CARTESIAN_POINT('Ctrl Pts',(37.9714626300315,9.80185919522868,-16.2173147877522));
#7033=CARTESIAN_POINT('Ctrl Pts',(37.6261657961386,9.2833462946999,-16.2789291048123));
#7034=CARTESIAN_POINT('Ctrl Pts',(44.5720746142581,34.8549650258771,-12.5698798589458));
#7035=CARTESIAN_POINT('Ctrl Pts',(44.5824937079808,34.5190832076085,-12.9953860932578));
#7036=CARTESIAN_POINT('Ctrl Pts',(44.5966927391432,34.1394290490749,-13.3293899691694));
#7037=CARTESIAN_POINT('Ctrl Pts',(44.6275750417231,33.305521929622,-13.8463927106327));
#7038=CARTESIAN_POINT('Ctrl Pts',(44.6442583131406,32.8512689687026,-14.0293915761843));
#7039=CARTESIAN_POINT('Ctrl Pts',(44.6904210358389,31.3960306995822,-14.399880216961));
#7040=CARTESIAN_POINT('Ctrl Pts',(44.7671981150191,28.115636615892,-14.426825675001));
#7041=CARTESIAN_POINT('Ctrl Pts',(44.512880005101,21.5754781044797,-12.821558040628));
#7042=CARTESIAN_POINT('Ctrl Pts',(43.0943664299857,16.2661398506587,-14.00456281987));
#7043=CARTESIAN_POINT('Ctrl Pts',(41.6358391617065,13.0524311620078,-14.995739620805));
#7044=CARTESIAN_POINT('Ctrl Pts',(41.1004526797198,12.0043429195276,-15.3174941319558));
#7045=CARTESIAN_POINT('Ctrl Pts',(40.5454834414062,10.9582099916343,-15.6175339308333));
#7046=CARTESIAN_POINT('Ctrl Pts',(40.2582074440859,10.4361211849812,-15.7566964741354));
#7047=CARTESIAN_POINT('Ctrl Pts',(39.7207324144165,9.3878630209992,-15.976278975242));
#7048=CARTESIAN_POINT('Ctrl Pts',(39.4742823186145,8.85962979412204,-16.0555644433672));
#7049=CARTESIAN_POINT('Ctrl Pts',(39.2677159347785,8.30550726982786,-16.0908875521347));
#7050=CARTESIAN_POINT('Ctrl Pts',(44.9576183005213,34.7161852412675,-12.5275027464966));
#7051=CARTESIAN_POINT('Ctrl Pts',(44.9691151745324,34.3766095606261,-12.953476089762));
#7052=CARTESIAN_POINT('Ctrl Pts',(44.9847855571026,33.9924241996878,-13.2882438708069));
#7053=CARTESIAN_POINT('Ctrl Pts',(45.0193409646894,33.1481172177964,-13.8072157502247));
#7054=CARTESIAN_POINT('Ctrl Pts',(45.038225989706,32.6879955968432,-13.9914198485976));
#7055=CARTESIAN_POINT('Ctrl Pts',(45.0920044664184,31.2136509948298,-14.3659577823618));
#7056=CARTESIAN_POINT('Ctrl Pts',(45.188055026493,27.8890428341874,-14.402736204472));
#7057=CARTESIAN_POINT('Ctrl Pts',(44.982664846243,21.2654204847753,-12.8133928537041));
#7058=CARTESIAN_POINT('Ctrl Pts',(43.6201823948712,15.9177963556629,-13.9882465876041));
#7059=CARTESIAN_POINT('Ctrl Pts',(42.2310721640947,12.6612754747836,-14.9608633530169));
#7060=CARTESIAN_POINT('Ctrl Pts',(41.7291178081884,11.5992198467927,-15.2719703483774));
#7061=CARTESIAN_POINT('Ctrl Pts',(41.2202984130698,10.5400447596463,-15.55735335444));
#7062=CARTESIAN_POINT('Ctrl Pts',(40.956373350746,10.0126050473828,-15.687747538504));
#7063=CARTESIAN_POINT('Ctrl Pts',(40.4686766969495,8.95414958085082,-15.8905491986818));
#7064=CARTESIAN_POINT('Ctrl Pts',(40.2406738197034,8.41705993885948,-15.9653918416209));
#7065=CARTESIAN_POINT('Ctrl Pts',(40.0686047987259,7.85732242240716,-15.9929058892338));
#7066=CARTESIAN_POINT('Ctrl Pts',(46.106544860776,34.2954858661056,-12.4153276772252));
#7067=CARTESIAN_POINT('Ctrl Pts',(46.1213946453735,33.9445422964417,-12.8428672716982));
#7068=CARTESIAN_POINT('Ctrl Pts',(46.1416505764718,33.5463813034395,-13.1800101333652));
#7069=CARTESIAN_POINT('Ctrl Pts',(46.1877326914755,32.6699924192485,-13.7048804485016));
#7070=CARTESIAN_POINT('Ctrl Pts',(46.213558875381,32.1917645280596,-13.8926079019709));
#7071=CARTESIAN_POINT('Ctrl Pts',(46.2915297460162,30.6585324299478,-14.2787342362041));
#7072=CARTESIAN_POINT('Ctrl Pts',(46.4494407629629,27.1978745355439,-14.3427627999711));
#7073=CARTESIAN_POINT('Ctrl Pts',(46.4079497579214,20.321219796698,-12.7910399942855));
#7074=CARTESIAN_POINT('Ctrl Pts',(45.2501428254419,14.8705452164807,-13.9228052424906));
#7075=CARTESIAN_POINT('Ctrl Pts',(44.094113746956,11.5129388031154,-14.8242751653745));
#7076=CARTESIAN_POINT('Ctrl Pts',(43.6903832604236,10.4191742695911,-15.1024440129702));
#7077=CARTESIAN_POINT('Ctrl Pts',(43.2938758328653,9.33243556432324,-15.348494416706));
#7078=CARTESIAN_POINT('Ctrl Pts',(43.0992336485731,8.79257912581761,-15.455460396644));
#7079=CARTESIAN_POINT('Ctrl Pts',(42.7335891281219,7.71419910318741,-15.6163160321498));
#7080=CARTESIAN_POINT('Ctrl Pts',(42.562586791963,7.17567551906284,-15.6702056877175));
#7081=CARTESIAN_POINT('Ctrl Pts',(42.4116127744502,6.63497187519107,-15.687078240845));
#7082=CARTESIAN_POINT('Ctrl Pts',(48.3735799871462,33.4366470304496,-12.2508026109864));
#7083=CARTESIAN_POINT('Ctrl Pts',(48.3956138717999,33.061822475124,-12.6821344052652));
#7084=CARTESIAN_POINT('Ctrl Pts',(48.4257268771744,32.6341821185948,-13.0243608890651));
#7085=CARTESIAN_POINT('Ctrl Pts',(48.4968919765972,31.6901001698683,-13.5609921630582));
#7086=CARTESIAN_POINT('Ctrl Pts',(48.5379440706456,31.173658577671,-13.7553969532515));
#7087=CARTESIAN_POINT('Ctrl Pts',(48.6696802566499,29.5163774976853,-14.162462174449));
#7088=CARTESIAN_POINT('Ctrl Pts',(48.9674722440954,25.7699901241385,-14.2719960193138));
#7089=CARTESIAN_POINT('Ctrl Pts',(49.3222411342882,18.3767071046866,-12.7549050808619));
#7090=CARTESIAN_POINT('Ctrl Pts',(48.7201138302421,12.7671603213373,-13.7259519589998));
#7091=CARTESIAN_POINT('Ctrl Pts',(48.1295672154667,9.31678701979554,-14.4232612529767));
#7092=CARTESIAN_POINT('Ctrl Pts',(47.9139944322121,8.20037767920019,-14.6315714034673));
#7093=CARTESIAN_POINT('Ctrl Pts',(47.6923062981,7.0983951282551,-14.812425625886));
#7094=CARTESIAN_POINT('Ctrl Pts',(47.5784045556152,6.55461724760768,-14.8891247730594));
#7095=CARTESIAN_POINT('Ctrl Pts',(47.3477323247619,5.47905751898743,-14.9996743516801));
#7096=CARTESIAN_POINT('Ctrl Pts',(47.2309618363934,4.94727567101459,-15.0335247831273));
#7097=CARTESIAN_POINT('Ctrl Pts',(47.1143802775699,4.42027646089119,-15.0382544628844));
#7098=CARTESIAN_POINT('Ctrl Pts',(51.8998136446938,31.9996035321716,-12.1784521503998));
#7099=CARTESIAN_POINT('Ctrl Pts',(51.9323762759851,31.5951158283374,-12.6202284465684));
#7100=CARTESIAN_POINT('Ctrl Pts',(51.9772923908488,31.1291739805332,-12.9742049949942));
#7101=CARTESIAN_POINT('Ctrl Pts',(52.0874269733286,30.0951907264562,-13.5350227526301));
#7102=CARTESIAN_POINT('Ctrl Pts',(52.1526454409449,29.5271493201834,-13.7418639618403));
#7103=CARTESIAN_POINT('Ctrl Pts',(52.3721474513344,27.7010888578689,-14.1843808150523));
#7104=CARTESIAN_POINT('Ctrl Pts',(52.9065379022765,23.5612229592561,-14.3573874238021));
#7105=CARTESIAN_POINT('Ctrl Pts',(54.0098439411414,15.4712453599306,-12.7934456595453));
#7106=CARTESIAN_POINT('Ctrl Pts',(54.6237412484207,9.75848124244805,-13.2619932399792));
#7107=CARTESIAN_POINT('Ctrl Pts',(54.764654745691,6.32514736906955,-13.6767751175093));
#7108=CARTESIAN_POINT('Ctrl Pts',(54.772165656402,5.22145122707404,-13.806048336667));
#7109=CARTESIAN_POINT('Ctrl Pts',(54.7581064036839,4.13349186499077,-13.9195063608783));
#7110=CARTESIAN_POINT('Ctrl Pts',(54.7402916956103,3.59738057390524,-13.9683277755108));
#7111=CARTESIAN_POINT('Ctrl Pts',(54.6812520801278,2.53625731032665,-14.0388339182263));
#7112=CARTESIAN_POINT('Ctrl Pts',(54.6400271727188,2.01124533783358,-14.0605186463092));
#7113=CARTESIAN_POINT('Ctrl Pts',(54.586177147689,1.48946429397686,-14.0629742853155));
#7114=CARTESIAN_POINT('Ctrl Pts',(54.8283210118192,30.7725127495858,-12.1158659916716));
#7115=CARTESIAN_POINT('Ctrl Pts',(54.8592563241469,30.3941853091769,-12.5757875000437));
#7116=CARTESIAN_POINT('Ctrl Pts',(54.903327795017,29.9536397538328,-12.9501774121985));
#7117=CARTESIAN_POINT('Ctrl Pts',(55.0140289688509,28.9684938690546,-13.5540000300729));
#7118=CARTESIAN_POINT('Ctrl Pts',(55.0806586718146,28.4238935396205,-13.7834327357925));
#7119=CARTESIAN_POINT('Ctrl Pts',(55.3088140013594,26.6645825738532,-14.2934540222983));
#7120=CARTESIAN_POINT('Ctrl Pts',(55.878189543063,22.643920732459,-14.6003892726969));
#7121=CARTESIAN_POINT('Ctrl Pts',(57.1696280928316,14.6555054609815,-13.1127705702737));
#7122=CARTESIAN_POINT('Ctrl Pts',(58.2080697251989,8.85608670601233,-13.1341627783322));
#7123=CARTESIAN_POINT('Ctrl Pts',(58.7140522729474,5.35135884432976,-13.3543237968307));
#7124=CARTESIAN_POINT('Ctrl Pts',(58.8533813246479,4.22406706696615,-13.4431350462924));
#7125=CARTESIAN_POINT('Ctrl Pts',(58.975799370388,3.11362271224665,-13.5336439026189));
#7126=CARTESIAN_POINT('Ctrl Pts',(59.0285528902778,2.56682424620897,-13.5797471342145));
#7127=CARTESIAN_POINT('Ctrl Pts',(59.1149038169112,1.48644673782322,-13.6676366894878));
#7128=CARTESIAN_POINT('Ctrl Pts',(59.1485012236548,0.952867695475159,-13.7094230131655));
#7129=CARTESIAN_POINT('Ctrl Pts',(59.1713980202323,0.424084365494656,-13.7460436254926));
#7130=CARTESIAN_POINT('Ctrl Pts',(56.1163588532618,29.6067133817293,-11.053147496246));
#7131=CARTESIAN_POINT('Ctrl Pts',(56.1424466902978,29.2794538665465,-11.477281924966));
#7132=CARTESIAN_POINT('Ctrl Pts',(56.18439296113,28.8958293520387,-11.8249128979862));
#7133=CARTESIAN_POINT('Ctrl Pts',(56.2943350529486,28.0300525942418,-12.3889303866149));
#7134=CARTESIAN_POINT('Ctrl Pts',(56.3623308739351,27.5479003509528,-12.6053169022233));
#7135=CARTESIAN_POINT('Ctrl Pts',(56.5968916859696,25.9749554327175,-13.0902534439123));
#7136=CARTESIAN_POINT('Ctrl Pts',(57.1883067063379,22.3231128427739,-13.4032345067456));
#7137=CARTESIAN_POINT('Ctrl Pts',(58.4454263421811,14.5590809509749,-11.9461567480069));
#7138=CARTESIAN_POINT('Ctrl Pts',(59.5536404312222,8.70754887143947,-11.7590718722955));
#7139=CARTESIAN_POINT('Ctrl Pts',(60.1775809511914,5.12451908084193,-11.9028445604262));
#7140=CARTESIAN_POINT('Ctrl Pts',(60.3667384454939,3.96739529683761,-11.9799030419713));
#7141=CARTESIAN_POINT('Ctrl Pts',(60.5447311856242,2.82629155264418,-12.0681960464442));
#7142=CARTESIAN_POINT('Ctrl Pts',(60.6281451786032,2.26374970045291,-12.1179598101446));
#7143=CARTESIAN_POINT('Ctrl Pts',(60.782054995727,1.15209633592806,-12.2253892573169));
#7144=CARTESIAN_POINT('Ctrl Pts',(60.8525508198718,0.602984823594482,-12.2830549407888));
#7145=CARTESIAN_POINT('Ctrl Pts',(60.9157108522686,0.0592936312131483,-12.3430052825684));
#7146=CARTESIAN_POINT('Ctrl Pts',(56.6552967840376,29.0068690617151,-10.4181714125751));
#7147=CARTESIAN_POINT('Ctrl Pts',(56.67787602193,28.7196236467143,-10.8011780901661));
#7148=CARTESIAN_POINT('Ctrl Pts',(56.7222588681539,28.3774792091098,-11.108237713576));
#7149=CARTESIAN_POINT('Ctrl Pts',(56.8402621588834,27.5819340880699,-11.5949191665178));
#7150=CARTESIAN_POINT('Ctrl Pts',(56.9126748560333,27.1341993956029,-11.7773318659251));
#7151=CARTESIAN_POINT('Ctrl Pts',(57.1587017668224,25.6606640719517,-12.191574722381));
#7152=CARTESIAN_POINT('Ctrl Pts',(57.7614248583284,22.1716723243514,-12.4630077632826));
#7153=CARTESIAN_POINT('Ctrl Pts',(58.9856006060083,14.5307589840946,-11.0127682322457));
#7154=CARTESIAN_POINT('Ctrl Pts',(60.1121428995255,8.65251900563317,-10.7343234523634));
#7155=CARTESIAN_POINT('Ctrl Pts',(60.7835312058972,5.02478811971255,-10.8467015256701));
#7156=CARTESIAN_POINT('Ctrl Pts',(60.9937097692394,3.85019125730671,-10.9195681656708));
#7157=CARTESIAN_POINT('Ctrl Pts',(61.1955801197537,2.69083477670943,-11.0079748927991));
#7158=CARTESIAN_POINT('Ctrl Pts',(61.2923611885969,2.11877672731507,-11.0599482999271));
#7159=CARTESIAN_POINT('Ctrl Pts',(61.4761156700182,0.987818009026301,-11.1772716473226));
#7160=CARTESIAN_POINT('Ctrl Pts',(61.5630890825963,0.42891734013189,-11.24262158759));
#7161=CARTESIAN_POINT('Ctrl Pts',(61.6444089453234,-0.124446139166857,-11.3135780174331));
#7162=CARTESIAN_POINT('Ctrl Pts',(56.8098689797446,28.8189627180826,-10.2090121657603));
#7163=CARTESIAN_POINT('Ctrl Pts',(56.8410782063908,28.5363604645889,-10.5626784080601));
#7164=CARTESIAN_POINT('Ctrl Pts',(56.8844363911565,28.2064550044616,-10.8436721642219));
#7165=CARTESIAN_POINT('Ctrl Pts',(57.006533538176,27.4360782745517,-11.2950026934241));
#7166=CARTESIAN_POINT('Ctrl Pts',(57.0814146641915,27.0020646932584,-11.4636049759856));
#7167=CARTESIAN_POINT('Ctrl Pts',(57.3322670001979,25.5609873199968,-11.8425020764809));
#7168=CARTESIAN_POINT('Ctrl Pts',(57.9388075040508,22.1226860559472,-12.0926572887138));
#7169=CARTESIAN_POINT('Ctrl Pts',(59.1493712171428,14.5246333764883,-10.6432917928874));
#7170=CARTESIAN_POINT('Ctrl Pts',(60.2792632415085,8.63738222561109,-10.3365401512338));
#7171=CARTESIAN_POINT('Ctrl Pts',(60.9645456100631,4.99382595277184,-10.4395866113257));
#7172=CARTESIAN_POINT('Ctrl Pts',(61.1810823377083,3.81297855171863,-10.5113367278806));
#7173=CARTESIAN_POINT('Ctrl Pts',(61.3902602688821,2.64705065204226,-10.5999849706578));
#7174=CARTESIAN_POINT('Ctrl Pts',(61.4911698362333,2.07154645289249,-10.6527581551575));
#7175=CARTESIAN_POINT('Ctrl Pts',(61.6842167422624,0.933541379066686,-10.7734001283397));
#7176=CARTESIAN_POINT('Ctrl Pts',(61.7763540809405,0.371040504390651,-10.841268917022));
#7177=CARTESIAN_POINT('Ctrl Pts',(61.8633985891812,-0.185916796500068,-10.9157842467758));
#7178=CARTESIAN_POINT('Ctrl Pts',(57.068865808722,28.4672335568956,-9.79569256761483));
#7179=CARTESIAN_POINT('Ctrl Pts',(57.1195080434159,28.1943718817556,-10.0466942769754));
#7180=CARTESIAN_POINT('Ctrl Pts',(57.1729657540896,27.8924477770362,-10.2585687364362));
#7181=CARTESIAN_POINT('Ctrl Pts',(57.3088018976945,27.1748578765343,-10.6042529839582));
#7182=CARTESIAN_POINT('Ctrl Pts',(57.3888898866121,26.7626060670195,-10.7361113151894));
#7183=CARTESIAN_POINT('Ctrl Pts',(57.6514475930397,25.3787761257302,-11.0310576935874));
#7184=CARTESIAN_POINT('Ctrl Pts',(58.2657379645942,22.0228181921714,-11.2184359892015));
#7185=CARTESIAN_POINT('Ctrl Pts',(59.4452742379231,14.511410098966,-9.76702613320982));
#7186=CARTESIAN_POINT('Ctrl Pts',(60.5787243270105,8.60581433332676,-9.40843852743575));
#7187=CARTESIAN_POINT('Ctrl Pts',(61.2888370939121,4.92881737499336,-9.49509975335998));
#7188=CARTESIAN_POINT('Ctrl Pts',(61.5169564196436,3.7346257653665,-9.56511119384395));
#7189=CARTESIAN_POINT('Ctrl Pts',(61.7395255238609,2.55457040652884,-9.65453235751892));
#7190=CARTESIAN_POINT('Ctrl Pts',(61.8480349652125,1.9716108525046,-9.7089478009519));
#7191=CARTESIAN_POINT('Ctrl Pts',(62.0582458698386,0.818227224459063,-9.8360359516119));
#7192=CARTESIAN_POINT('Ctrl Pts',(62.1599473331131,0.247803150437757,-9.90870865883892));
#7193=CARTESIAN_POINT('Ctrl Pts',(62.2576159290675,-0.31715356897522,-9.98993376826448));
#7194=CARTESIAN_POINT('Ctrl Pts',(57.1732904419924,28.303410739341,-9.59153221628422));
#7195=CARTESIAN_POINT('Ctrl Pts',(57.2309303893257,28.0224115434031,-9.80881320949517));
#7196=CARTESIAN_POINT('Ctrl Pts',(57.2973155576934,27.7545764809188,-9.94118522294895));
#7197=CARTESIAN_POINT('Ctrl Pts',(57.4415672521407,27.0689388363131,-10.2183177070399));
#7198=CARTESIAN_POINT('Ctrl Pts',(57.5257419479761,26.6583679032996,-10.3220821578908));
#7199=CARTESIAN_POINT('Ctrl Pts',(57.7970629525059,25.2962416834187,-10.5686859565941));
#7200=CARTESIAN_POINT('Ctrl Pts',(58.4152857794152,21.9719365967997,-10.7145651642581));
#7201=CARTESIAN_POINT('Ctrl Pts',(59.5774066475689,14.50431242905,-9.26023691289055));
#7202=CARTESIAN_POINT('Ctrl Pts',(60.7110650705294,8.58938322106452,-8.87812020476732));
#7203=CARTESIAN_POINT('Ctrl Pts',(61.4321141735952,4.89477096415559,-8.95772780973859));
#7204=CARTESIAN_POINT('Ctrl Pts',(61.66545793311,3.69348568460244,-9.02711709759753));
#7205=CARTESIAN_POINT('Ctrl Pts',(61.8941106297114,2.50587428568258,-9.11706966652142));
#7206=CARTESIAN_POINT('Ctrl Pts',(62.0060914465554,1.91890552653929,-9.17232759151586));
#7207=CARTESIAN_POINT('Ctrl Pts',(62.2241739251705,0.757189699811056,-9.30254329386704));
#7208=CARTESIAN_POINT('Ctrl Pts',(62.3302755869415,0.182442632226103,-9.37750107122379));
#7209=CARTESIAN_POINT('Ctrl Pts',(62.432843625096,-0.386919684117163,-9.46187706041039));
#7210=CARTESIAN_POINT('Ctrl Pts',(57.2838037234003,28.1233485086819,-9.36375961221678));
#7211=CARTESIAN_POINT('Ctrl Pts',(57.3522434312423,27.8619941481714,-9.48580730737674));
#7212=CARTESIAN_POINT('Ctrl Pts',(57.4157923984655,27.6107171912936,-9.59038207484634));
#7213=CARTESIAN_POINT('Ctrl Pts',(57.563097568271,26.9731951338083,-9.77256199761631));
#7214=CARTESIAN_POINT('Ctrl Pts',(57.6468537708531,26.5869500332007,-9.85016715291668));
#7215=CARTESIAN_POINT('Ctrl Pts',(57.9284332316382,25.2257625157835,-10.042528200564));
#7216=CARTESIAN_POINT('Ctrl Pts',(58.5506555016094,21.9176657700571,-10.1341155490214));
#7217=CARTESIAN_POINT('Ctrl Pts',(59.694188332534,14.4929276488038,-8.67448184571494));
#7218=CARTESIAN_POINT('Ctrl Pts',(60.8276733630357,8.56845126798208,-8.27146735504568));
#7219=CARTESIAN_POINT('Ctrl Pts',(61.5586229428649,4.85535882265165,-8.34516607293248));
#7220=CARTESIAN_POINT('Ctrl Pts',(61.7967062643533,3.64656292107349,-8.4141468219182));
#7221=CARTESIAN_POINT('Ctrl Pts',(62.0308701878652,2.45089803467949,-8.50471707759408));
#7222=CARTESIAN_POINT('Ctrl Pts',(62.1459924506329,1.85963109907456,-8.56079695877709));
#7223=CARTESIAN_POINT('Ctrl Pts',(62.3711814494427,0.688908468133687,-8.69392847967835));
#7224=CARTESIAN_POINT('Ctrl Pts',(62.4812481854847,0.109452772797743,-8.77098011939659));
#7225=CARTESIAN_POINT('Ctrl Pts',(62.5882190937893,-0.464757189861295,-8.858208764305));
#7226=CARTESIAN_POINT('',(57.2838037234003,28.1233485086819,-9.36375961221679));
#7227=CARTESIAN_POINT('Ctrl Pts',(43.0184605892269,35.3944737820176,-12.7807707594781));
#7228=CARTESIAN_POINT('Ctrl Pts',(43.4084398323902,35.2627725183348,-12.7201951330071));
#7229=CARTESIAN_POINT('Ctrl Pts',(43.7974853801926,35.1282586644107,-12.666226052201));
#7230=CARTESIAN_POINT('Ctrl Pts',(44.5720746142581,34.8549650258771,-12.5698798589458));
#7231=CARTESIAN_POINT('Ctrl Pts',(44.9576183005213,34.7161852412675,-12.5275027464966));
#7232=CARTESIAN_POINT('Ctrl Pts',(46.106544860776,34.2954858661056,-12.4153276772252));
#7233=CARTESIAN_POINT('Ctrl Pts',(48.3735799871462,33.4366470304496,-12.2508026109864));
#7234=CARTESIAN_POINT('Ctrl Pts',(51.8998136446938,31.9996035321716,-12.1784521503998));
#7235=CARTESIAN_POINT('Ctrl Pts',(54.8283210118192,30.7725127495858,-12.1158659916716));
#7236=CARTESIAN_POINT('Ctrl Pts',(56.1163588532618,29.6067133817293,-11.053147496246));
#7237=CARTESIAN_POINT('Ctrl Pts',(56.6552967840376,29.0068690617151,-10.4181714125751));
#7238=CARTESIAN_POINT('Ctrl Pts',(56.8098689797446,28.8189627180826,-10.2090121657603));
#7239=CARTESIAN_POINT('Ctrl Pts',(57.068865808722,28.4672335568956,-9.79569256761483));
#7240=CARTESIAN_POINT('Ctrl Pts',(57.1732904419924,28.303410739341,-9.59153221628422));
#7241=CARTESIAN_POINT('Ctrl Pts',(57.2838037234003,28.1233485086819,-9.36375961221678));
#7242=CARTESIAN_POINT('',(62.5882190937893,-0.464757189861294,-8.858208764305));
#7243=CARTESIAN_POINT('Ctrl Pts',(62.5882190937893,-0.464757189861295,-8.858208764305));
#7244=CARTESIAN_POINT('Ctrl Pts',(62.432843625096,-0.386919684117163,-9.46187706041039));
#7245=CARTESIAN_POINT('Ctrl Pts',(62.2576159290675,-0.31715356897522,-9.98993376826448));
#7246=CARTESIAN_POINT('Ctrl Pts',(61.8633985891812,-0.185916796500068,-10.9157842467758));
#7247=CARTESIAN_POINT('Ctrl Pts',(61.6444089453234,-0.124446139166857,-11.3135780174331));
#7248=CARTESIAN_POINT('Ctrl Pts',(60.9157108522686,0.0592936312131483,-12.3430052825684));
#7249=CARTESIAN_POINT('Ctrl Pts',(59.1713980202323,0.424084365494656,-13.7460436254926));
#7250=CARTESIAN_POINT('Ctrl Pts',(54.586177147689,1.48946429397686,-14.0629742853155));
#7251=CARTESIAN_POINT('Ctrl Pts',(47.1143802775699,4.42027646089119,-15.0382544628844));
#7252=CARTESIAN_POINT('Ctrl Pts',(42.4116127744502,6.63497187519107,-15.687078240845));
#7253=CARTESIAN_POINT('Ctrl Pts',(40.0686047987259,7.85732242240716,-15.9929058892338));
#7254=CARTESIAN_POINT('Ctrl Pts',(39.2677159347785,8.30550726982786,-16.0908875521347));
#7255=CARTESIAN_POINT('Ctrl Pts',(37.6261657961386,9.2833462946999,-16.2789291048123));
#7256=CARTESIAN_POINT('Ctrl Pts',(36.7855045214461,9.81300047215125,-16.368988994589));
#7257=CARTESIAN_POINT('Ctrl Pts',(36.1645216698882,10.2866590123097,-16.4151867710698));
#7258=CARTESIAN_POINT('',(59.7173673286828,14.6613249662052,-8.87684981067196));
#7259=CARTESIAN_POINT('Ctrl Pts',(59.7173673286828,14.6613249662052,-8.87684981067196));
#7260=CARTESIAN_POINT('Ctrl Pts',(60.1979594572014,11.8598270351053,-8.49536429430638));
#7261=CARTESIAN_POINT('Ctrl Pts',(60.8276733630357,8.56845126798208,-8.27146735504568));
#7262=CARTESIAN_POINT('Ctrl Pts',(61.5586229428649,4.85535882265165,-8.34516607293248));
#7263=CARTESIAN_POINT('Ctrl Pts',(61.7967062643533,3.64656292107349,-8.4141468219182));
#7264=CARTESIAN_POINT('Ctrl Pts',(62.0308701878652,2.45089803467949,-8.50471707759408));
#7265=CARTESIAN_POINT('Ctrl Pts',(62.1459924506329,1.85963109907456,-8.56079695877709));
#7266=CARTESIAN_POINT('Ctrl Pts',(62.3711814494427,0.688908468133687,-8.69392847967835));
#7267=CARTESIAN_POINT('Ctrl Pts',(62.4812481854847,0.109452772797743,-8.77098011939659));
#7268=CARTESIAN_POINT('Ctrl Pts',(62.5882190937893,-0.464757189861295,-8.858208764305));
#7269=CARTESIAN_POINT('Ctrl Pts',(57.2838037234003,28.1233485086819,-9.36375961221678));
#7270=CARTESIAN_POINT('Ctrl Pts',(57.3522434312423,27.8619941481714,-9.48580730737674));
#7271=CARTESIAN_POINT('Ctrl Pts',(57.4157923984655,27.6107171912936,-9.59038207484634));
#7272=CARTESIAN_POINT('Ctrl Pts',(57.563097568271,26.9731951338083,-9.77256199761631));
#7273=CARTESIAN_POINT('Ctrl Pts',(57.6468537708531,26.5869500332007,-9.85016715291668));
#7274=CARTESIAN_POINT('Ctrl Pts',(57.9284332316382,25.2257625157835,-10.042528200564));
#7275=CARTESIAN_POINT('Ctrl Pts',(58.5506555016094,21.9176657700571,-10.1341155490214));
#7276=CARTESIAN_POINT('Ctrl Pts',(59.2367752001642,17.4628228973051,-9.25833532703754));
#7277=CARTESIAN_POINT('Ctrl Pts',(59.7173673286828,14.6613249662052,-8.87684981067196));
#7278=CARTESIAN_POINT('Ctrl Pts',(-35.7087331657366,10.2866590123097,-16.4151867710698));
#7279=CARTESIAN_POINT('Ctrl Pts',(-36.1114961292959,10.7220902892284,-16.3315853944846));
#7280=CARTESIAN_POINT('Ctrl Pts',(-36.5670032342475,11.2518214249363,-16.1803069326246));
#7281=CARTESIAN_POINT('Ctrl Pts',(-37.4018295759577,12.2753124584691,-15.8657348286354));
#7282=CARTESIAN_POINT('Ctrl Pts',(-37.7811488127162,12.769072356294,-15.7024411865063));
#7283=CARTESIAN_POINT('Ctrl Pts',(-38.4635994180402,13.7206209140609,-15.363838721979));
#7284=CARTESIAN_POINT('Ctrl Pts',(-39.0887526422666,14.6646244528213,-15.0232689239238));
#7285=CARTESIAN_POINT('Ctrl Pts',(-40.7198372039676,17.6182406043933,-14.0184126993218));
#7286=CARTESIAN_POINT('Ctrl Pts',(-42.2476668591133,22.7419136942999,-12.8554909976603));
#7287=CARTESIAN_POINT('Ctrl Pts',(-42.6408138709513,28.9688569006047,-14.5547095138386));
#7288=CARTESIAN_POINT('Ctrl Pts',(-42.6265482308346,32.0904046720379,-14.5745167060254));
#7289=CARTESIAN_POINT('Ctrl Pts',(-42.6057935049918,33.4775000281768,-14.2223135574794));
#7290=CARTESIAN_POINT('Ctrl Pts',(-42.5966049454135,33.9109187252934,-14.0445613838576));
#7291=CARTESIAN_POINT('Ctrl Pts',(-42.5783655913429,34.7079895811921,-13.5357737731142));
#7292=CARTESIAN_POINT('Ctrl Pts',(-42.5693147968507,35.0716417399741,-13.2047383359927));
#7293=CARTESIAN_POINT('Ctrl Pts',(-42.5626720850753,35.3944737820176,-12.7807707594781));
#7294=CARTESIAN_POINT('Ctrl Pts',(-36.3297160172946,9.81300047215125,-16.368988994589));
#7295=CARTESIAN_POINT('Ctrl Pts',(-36.7251876049813,10.2657901791204,-16.2992172511491));
#7296=CARTESIAN_POINT('Ctrl Pts',(-37.170142655617,10.7570481671928,-16.1604358469465));
#7297=CARTESIAN_POINT('Ctrl Pts',(-37.9104482244231,11.7786700837095,-15.8745666225633));
#7298=CARTESIAN_POINT('Ctrl Pts',(-38.2695827011987,12.2799249129551,-15.718461561429));
#7299=CARTESIAN_POINT('Ctrl Pts',(-38.9380116794739,13.2734922630297,-15.3806977131004));
#7300=CARTESIAN_POINT('Ctrl Pts',(-39.5520590768054,14.2538718929727,-15.0390539761061));
#7301=CARTESIAN_POINT('Ctrl Pts',(-41.1621436893346,17.2901636134894,-14.0250552171424));
#7302=CARTESIAN_POINT('Ctrl Pts',(-42.6852494035981,22.4664155476002,-12.8470468229604));
#7303=CARTESIAN_POINT('Ctrl Pts',(-43.0550573297769,28.7669427143647,-14.5169062327966));
#7304=CARTESIAN_POINT('Ctrl Pts',(-43.0281361153247,31.924267482125,-14.5235448556991));
#7305=CARTESIAN_POINT('Ctrl Pts',(-43.0020689564214,33.3265893780982,-14.1663415004409));
#7306=CARTESIAN_POINT('Ctrl Pts',(-42.9912788115074,33.7646399287715,-13.9871866042365));
#7307=CARTESIAN_POINT('Ctrl Pts',(-42.9703065227897,34.5698761065061,-13.4762620624453));
#7308=CARTESIAN_POINT('Ctrl Pts',(-42.9601243789859,34.9370617335674,-13.1444924168583));
#7309=CARTESIAN_POINT('Ctrl Pts',(-42.9526513282386,35.2627725183348,-12.7201951330071));
#7310=CARTESIAN_POINT('Ctrl Pts',(-37.1703772919871,9.2833462946999,-16.2789291048123));
#7311=CARTESIAN_POINT('Ctrl Pts',(-37.5156741258799,9.80185919522867,-16.2173147877522));
#7312=CARTESIAN_POINT('Ctrl Pts',(-37.8480411735645,10.297966727288,-16.112419933424));
#7313=CARTESIAN_POINT('Ctrl Pts',(-38.5119785424455,11.3181849366878,-15.8520758768965));
#7314=CARTESIAN_POINT('Ctrl Pts',(-38.8466337021913,11.8280194713029,-15.6962225660989));
#7315=CARTESIAN_POINT('Ctrl Pts',(-39.4770053632868,12.8414791276461,-15.3718578143173));
#7316=CARTESIAN_POINT('Ctrl Pts',(-40.0684383659861,13.8487293711023,-15.0348349323495));
#7317=CARTESIAN_POINT('Ctrl Pts',(-41.6374528251417,16.9523234795719,-14.0229671346391));
#7318=CARTESIAN_POINT('Ctrl Pts',(-43.1362780317028,22.1759756358921,-12.8383850252562));
#7319=CARTESIAN_POINT('Ctrl Pts',(-43.4728050145853,28.5545865559807,-14.4839106891633));
#7320=CARTESIAN_POINT('Ctrl Pts',(-43.4305926082163,31.7513389432299,-14.4786737536297));
#7321=CARTESIAN_POINT('Ctrl Pts',(-43.3982855444225,33.1705658593301,-14.116852402106));
#7322=CARTESIAN_POINT('Ctrl Pts',(-43.3856497130563,33.6137832851095,-13.9363781376386));
#7323=CARTESIAN_POINT('Ctrl Pts',(-43.3615589699109,34.428155002484,-13.4233990649886));
#7324=CARTESIAN_POINT('Ctrl Pts',(-43.3501040581317,34.7993092940792,-13.090894256806));
#7325=CARTESIAN_POINT('Ctrl Pts',(-43.341696876041,35.1282586644107,-12.666226052201));
#7326=CARTESIAN_POINT('Ctrl Pts',(-38.8119274306269,8.30550726982786,-16.0908875521347));
#7327=CARTESIAN_POINT('Ctrl Pts',(-39.0184938144629,8.85962979412204,-16.0555644433672));
#7328=CARTESIAN_POINT('Ctrl Pts',(-39.264943910265,9.3878630209992,-15.976278975242));
#7329=CARTESIAN_POINT('Ctrl Pts',(-39.8024189399344,10.4361211849812,-15.7566964741353));
#7330=CARTESIAN_POINT('Ctrl Pts',(-40.0896949372546,10.9582099916343,-15.6175339308333));
#7331=CARTESIAN_POINT('Ctrl Pts',(-40.6446641755682,12.0043429195276,-15.3174941319558));
#7332=CARTESIAN_POINT('Ctrl Pts',(-41.1800506575549,13.0524311620078,-14.9957396208049));
#7333=CARTESIAN_POINT('Ctrl Pts',(-42.6385779258342,16.2661398506587,-14.00456281987));
#7334=CARTESIAN_POINT('Ctrl Pts',(-44.0570915009495,21.5754781044797,-12.821558040628));
#7335=CARTESIAN_POINT('Ctrl Pts',(-44.3114096108675,28.115636615892,-14.426825675001));
#7336=CARTESIAN_POINT('Ctrl Pts',(-44.2346325316873,31.3960306995822,-14.399880216961));
#7337=CARTESIAN_POINT('Ctrl Pts',(-44.1884698089889,32.8512689687026,-14.0293915761843));
#7338=CARTESIAN_POINT('Ctrl Pts',(-44.1717865375715,33.305521929622,-13.8463927106327));
#7339=CARTESIAN_POINT('Ctrl Pts',(-44.1409042349916,34.1394290490749,-13.3293899691694));
#7340=CARTESIAN_POINT('Ctrl Pts',(-44.1267052038292,34.5190832076085,-12.9953860932578));
#7341=CARTESIAN_POINT('Ctrl Pts',(-44.1162861101066,34.8549650258771,-12.5698798589458));
#7342=CARTESIAN_POINT('Ctrl Pts',(-39.6128162945743,7.85732242240716,-15.9929058892338));
#7343=CARTESIAN_POINT('Ctrl Pts',(-39.7848853155518,8.41705993885948,-15.9653918416209));
#7344=CARTESIAN_POINT('Ctrl Pts',(-40.0128881927979,8.95414958085083,-15.8905491986818));
#7345=CARTESIAN_POINT('Ctrl Pts',(-40.5005848465944,10.0126050473828,-15.6877475385041));
#7346=CARTESIAN_POINT('Ctrl Pts',(-40.7645099089183,10.5400447596463,-15.55735335444));
#7347=CARTESIAN_POINT('Ctrl Pts',(-41.2733293040368,11.5992198467927,-15.2719703483774));
#7348=CARTESIAN_POINT('Ctrl Pts',(-41.7752836599431,12.6612754747836,-14.9608633530169));
#7349=CARTESIAN_POINT('Ctrl Pts',(-43.1643938907195,15.9177963556629,-13.9882465876041));
#7350=CARTESIAN_POINT('Ctrl Pts',(-44.5268763420914,21.2654204847753,-12.8133928537041));
#7351=CARTESIAN_POINT('Ctrl Pts',(-44.7322665223414,27.8890428341874,-14.402736204472));
#7352=CARTESIAN_POINT('Ctrl Pts',(-44.6362159622667,31.2136509948298,-14.3659577823618));
#7353=CARTESIAN_POINT('Ctrl Pts',(-44.5824374855544,32.6879955968432,-13.9914198485976));
#7354=CARTESIAN_POINT('Ctrl Pts',(-44.5635524605378,33.1481172177964,-13.8072157502247));
#7355=CARTESIAN_POINT('Ctrl Pts',(-44.528997052951,33.9924241996878,-13.2882438708069));
#7356=CARTESIAN_POINT('Ctrl Pts',(-44.5133266703809,34.3766095606261,-12.953476089762));
#7357=CARTESIAN_POINT('Ctrl Pts',(-44.5018297963697,34.7161852412675,-12.5275027464966));
#7358=CARTESIAN_POINT('Ctrl Pts',(-41.9558242702987,6.63497187519107,-15.687078240845));
#7359=CARTESIAN_POINT('Ctrl Pts',(-42.1067982878114,7.17567551906284,-15.6702056877175));
#7360=CARTESIAN_POINT('Ctrl Pts',(-42.2778006239704,7.71419910318741,-15.6163160321498));
#7361=CARTESIAN_POINT('Ctrl Pts',(-42.6434451444215,8.79257912581761,-15.455460396644));
#7362=CARTESIAN_POINT('Ctrl Pts',(-42.8380873287137,9.33243556432324,-15.348494416706));
#7363=CARTESIAN_POINT('Ctrl Pts',(-43.234594756272,10.4191742695911,-15.1024440129702));
#7364=CARTESIAN_POINT('Ctrl Pts',(-43.6383252428044,11.5129388031154,-14.8242751653745));
#7365=CARTESIAN_POINT('Ctrl Pts',(-44.7943543212904,14.8705452164807,-13.9228052424906));
#7366=CARTESIAN_POINT('Ctrl Pts',(-45.9521612537698,20.321219796698,-12.7910399942855));
#7367=CARTESIAN_POINT('Ctrl Pts',(-45.9936522588113,27.1978745355439,-14.3427627999711));
#7368=CARTESIAN_POINT('Ctrl Pts',(-45.8357412418646,30.6585324299478,-14.2787342362041));
#7369=CARTESIAN_POINT('Ctrl Pts',(-45.7577703712294,32.1917645280596,-13.8926079019709));
#7370=CARTESIAN_POINT('Ctrl Pts',(-45.731944187324,32.6699924192485,-13.7048804485016));
#7371=CARTESIAN_POINT('Ctrl Pts',(-45.6858620723203,33.5463813034395,-13.1800101333652));
#7372=CARTESIAN_POINT('Ctrl Pts',(-45.665606141222,33.9445422964417,-12.8428672716982));
#7373=CARTESIAN_POINT('Ctrl Pts',(-45.6507563566244,34.2954858661056,-12.4153276772252));
#7374=CARTESIAN_POINT('Ctrl Pts',(-46.6585917734183,4.42027646089119,-15.0382544628844));
#7375=CARTESIAN_POINT('Ctrl Pts',(-46.7751733322417,4.94727567101459,-15.0335247831273));
#7376=CARTESIAN_POINT('Ctrl Pts',(-46.8919438206103,5.47905751898743,-14.9996743516801));
#7377=CARTESIAN_POINT('Ctrl Pts',(-47.1226160514637,6.55461724760768,-14.8891247730594));
#7378=CARTESIAN_POINT('Ctrl Pts',(-47.2365177939485,7.0983951282551,-14.812425625886));
#7379=CARTESIAN_POINT('Ctrl Pts',(-47.4582059280606,8.20037767920019,-14.6315714034673));
#7380=CARTESIAN_POINT('Ctrl Pts',(-47.6737787113152,9.31678701979554,-14.4232612529767));
#7381=CARTESIAN_POINT('Ctrl Pts',(-48.2643253260906,12.7671603213373,-13.7259519589998));
#7382=CARTESIAN_POINT('Ctrl Pts',(-48.8664526301365,18.3767071046866,-12.7549050808619));
#7383=CARTESIAN_POINT('Ctrl Pts',(-48.5116837399438,25.7699901241385,-14.2719960193138));
#7384=CARTESIAN_POINT('Ctrl Pts',(-48.2138917524984,29.5163774976853,-14.162462174449));
#7385=CARTESIAN_POINT('Ctrl Pts',(-48.082155566494,31.173658577671,-13.7553969532515));
#7386=CARTESIAN_POINT('Ctrl Pts',(-48.0411034724456,31.6901001698683,-13.5609921630582));
#7387=CARTESIAN_POINT('Ctrl Pts',(-47.9699383730228,32.6341821185948,-13.0243608890651));
#7388=CARTESIAN_POINT('Ctrl Pts',(-47.9398253676483,33.061822475124,-12.6821344052652));
#7389=CARTESIAN_POINT('Ctrl Pts',(-47.9177914829947,33.4366470304496,-12.2508026109864));
#7390=CARTESIAN_POINT('Ctrl Pts',(-54.1303886435375,1.48946429397686,-14.0629742853155));
#7391=CARTESIAN_POINT('Ctrl Pts',(-54.1842386685672,2.01124533783358,-14.0605186463092));
#7392=CARTESIAN_POINT('Ctrl Pts',(-54.2254635759762,2.53625731032665,-14.0388339182263));
#7393=CARTESIAN_POINT('Ctrl Pts',(-54.2845031914587,3.59738057390524,-13.9683277755108));
#7394=CARTESIAN_POINT('Ctrl Pts',(-54.3023178995323,4.13349186499077,-13.9195063608783));
#7395=CARTESIAN_POINT('Ctrl Pts',(-54.3163771522504,5.22145122707404,-13.806048336667));
#7396=CARTESIAN_POINT('Ctrl Pts',(-54.3088662415394,6.32514736906955,-13.6767751175093));
#7397=CARTESIAN_POINT('Ctrl Pts',(-54.1679527442691,9.75848124244805,-13.2619932399792));
#7398=CARTESIAN_POINT('Ctrl Pts',(-53.5540554369898,15.4712453599306,-12.7934456595453));
#7399=CARTESIAN_POINT('Ctrl Pts',(-52.450749398125,23.5612229592562,-14.3573874238021));
#7400=CARTESIAN_POINT('Ctrl Pts',(-51.9163589471828,27.7010888578689,-14.1843808150523));
#7401=CARTESIAN_POINT('Ctrl Pts',(-51.6968569367933,29.5271493201834,-13.7418639618403));
#7402=CARTESIAN_POINT('Ctrl Pts',(-51.631638469177,30.0951907264562,-13.5350227526301));
#7403=CARTESIAN_POINT('Ctrl Pts',(-51.5215038866972,31.1291739805332,-12.9742049949942));
#7404=CARTESIAN_POINT('Ctrl Pts',(-51.4765877718335,31.5951158283374,-12.6202284465684));
#7405=CARTESIAN_POINT('Ctrl Pts',(-51.4440251405422,31.9996035321716,-12.1784521503998));
#7406=CARTESIAN_POINT('Ctrl Pts',(-58.7156095160807,0.424084365494656,-13.7460436254926));
#7407=CARTESIAN_POINT('Ctrl Pts',(-58.6927127195032,0.952867695475159,-13.7094230131655));
#7408=CARTESIAN_POINT('Ctrl Pts',(-58.6591153127596,1.48644673782322,-13.6676366894878));
#7409=CARTESIAN_POINT('Ctrl Pts',(-58.5727643861262,2.56682424620897,-13.5797471342145));
#7410=CARTESIAN_POINT('Ctrl Pts',(-58.5200108662364,3.11362271224665,-13.5336439026189));
#7411=CARTESIAN_POINT('Ctrl Pts',(-58.3975928204963,4.22406706696615,-13.4431350462924));
#7412=CARTESIAN_POINT('Ctrl Pts',(-58.2582637687958,5.35135884432976,-13.3543237968307));
#7413=CARTESIAN_POINT('Ctrl Pts',(-57.7522812210473,8.85608670601233,-13.1341627783322));
#7414=CARTESIAN_POINT('Ctrl Pts',(-56.71383958868,14.6555054609815,-13.1127705702737));
#7415=CARTESIAN_POINT('Ctrl Pts',(-55.4224010389114,22.643920732459,-14.6003892726969));
#7416=CARTESIAN_POINT('Ctrl Pts',(-54.8530254972077,26.6645825738532,-14.2934540222983));
#7417=CARTESIAN_POINT('Ctrl Pts',(-54.624870167663,28.4238935396205,-13.7834327357925));
#7418=CARTESIAN_POINT('Ctrl Pts',(-54.5582404646993,28.9684938690546,-13.5540000300729));
#7419=CARTESIAN_POINT('Ctrl Pts',(-54.4475392908654,29.9536397538328,-12.9501774121985));
#7420=CARTESIAN_POINT('Ctrl Pts',(-54.4034678199953,30.3941853091769,-12.5757875000437));
#7421=CARTESIAN_POINT('Ctrl Pts',(-54.3725325076677,30.7725127495857,-12.1158659916716));
#7422=CARTESIAN_POINT('Ctrl Pts',(-60.459922348117,0.0592936312131483,-12.3430052825684));
#7423=CARTESIAN_POINT('Ctrl Pts',(-60.3967623157202,0.602984823594482,-12.2830549407888));
#7424=CARTESIAN_POINT('Ctrl Pts',(-60.3262664915754,1.15209633592806,-12.2253892573169));
#7425=CARTESIAN_POINT('Ctrl Pts',(-60.1723566744516,2.26374970045291,-12.1179598101446));
#7426=CARTESIAN_POINT('Ctrl Pts',(-60.0889426814726,2.82629155264418,-12.0681960464442));
#7427=CARTESIAN_POINT('Ctrl Pts',(-59.9109499413423,3.96739529683761,-11.9799030419713));
#7428=CARTESIAN_POINT('Ctrl Pts',(-59.7217924470398,5.12451908084193,-11.9028445604262));
#7429=CARTESIAN_POINT('Ctrl Pts',(-59.0978519270706,8.70754887143947,-11.7590718722955));
#7430=CARTESIAN_POINT('Ctrl Pts',(-57.9896378380295,14.5590809509749,-11.9461567480069));
#7431=CARTESIAN_POINT('Ctrl Pts',(-56.7325182021863,22.3231128427738,-13.4032345067456));
#7432=CARTESIAN_POINT('Ctrl Pts',(-56.141103181818,25.9749554327175,-13.0902534439123));
#7433=CARTESIAN_POINT('Ctrl Pts',(-55.9065423697835,27.5479003509528,-12.6053169022233));
#7434=CARTESIAN_POINT('Ctrl Pts',(-55.838546548797,28.0300525942418,-12.3889303866149));
#7435=CARTESIAN_POINT('Ctrl Pts',(-55.7286044569784,28.8958293520387,-11.8249128979862));
#7436=CARTESIAN_POINT('Ctrl Pts',(-55.6866581861462,29.2794538665465,-11.477281924966));
#7437=CARTESIAN_POINT('Ctrl Pts',(-55.6605703491102,29.6067133817293,-11.053147496246));
#7438=CARTESIAN_POINT('Ctrl Pts',(-61.1886204411718,-0.124446139166857,
-11.3135780174331));
#7439=CARTESIAN_POINT('Ctrl Pts',(-61.1073005784447,0.42891734013189,-11.24262158759));
#7440=CARTESIAN_POINT('Ctrl Pts',(-61.0203271658666,0.987818009026301,-11.1772716473226));
#7441=CARTESIAN_POINT('Ctrl Pts',(-60.8365726844453,2.11877672731507,-11.0599482999271));
#7442=CARTESIAN_POINT('Ctrl Pts',(-60.7397916156021,2.69083477670943,-11.0079748927991));
#7443=CARTESIAN_POINT('Ctrl Pts',(-60.5379212650878,3.85019125730671,-10.9195681656708));
#7444=CARTESIAN_POINT('Ctrl Pts',(-60.3277427017456,5.02478811971255,-10.8467015256701));
#7445=CARTESIAN_POINT('Ctrl Pts',(-59.6563543953739,8.65251900563317,-10.7343234523634));
#7446=CARTESIAN_POINT('Ctrl Pts',(-58.5298121018567,14.5307589840946,-11.0127682322457));
#7447=CARTESIAN_POINT('Ctrl Pts',(-57.3056363541768,22.1716723243514,-12.4630077632826));
#7448=CARTESIAN_POINT('Ctrl Pts',(-56.7029132626708,25.6606640719517,-12.191574722381));
#7449=CARTESIAN_POINT('Ctrl Pts',(-56.4568863518817,27.1341993956029,-11.7773318659251));
#7450=CARTESIAN_POINT('Ctrl Pts',(-56.3844736547318,27.5819340880699,-11.5949191665178));
#7451=CARTESIAN_POINT('Ctrl Pts',(-56.2664703640023,28.3774792091098,-11.108237713576));
#7452=CARTESIAN_POINT('Ctrl Pts',(-56.2220875177784,28.7196236467143,-10.8011780901661));
#7453=CARTESIAN_POINT('Ctrl Pts',(-56.199508279886,29.0068690617151,-10.4181714125751));
#7454=CARTESIAN_POINT('Ctrl Pts',(-61.4076100850296,-0.185916796500068,
-10.9157842467758));
#7455=CARTESIAN_POINT('Ctrl Pts',(-61.3205655767889,0.371040504390651,-10.841268917022));
#7456=CARTESIAN_POINT('Ctrl Pts',(-61.2284282381109,0.933541379066686,-10.7734001283397));
#7457=CARTESIAN_POINT('Ctrl Pts',(-61.0353813320816,2.07154645289249,-10.6527581551575));
#7458=CARTESIAN_POINT('Ctrl Pts',(-60.9344717647305,2.64705065204226,-10.5999849706578));
#7459=CARTESIAN_POINT('Ctrl Pts',(-60.7252938335568,3.81297855171863,-10.5113367278806));
#7460=CARTESIAN_POINT('Ctrl Pts',(-60.5087571059115,4.99382595277184,-10.4395866113257));
#7461=CARTESIAN_POINT('Ctrl Pts',(-59.8234747373569,8.63738222561109,-10.3365401512338));
#7462=CARTESIAN_POINT('Ctrl Pts',(-58.6935827129912,14.5246333764883,-10.6432917928874));
#7463=CARTESIAN_POINT('Ctrl Pts',(-57.4830189998992,22.1226860559472,-12.0926572887138));
#7464=CARTESIAN_POINT('Ctrl Pts',(-56.8764784960463,25.5609873199967,-11.8425020764809));
#7465=CARTESIAN_POINT('Ctrl Pts',(-56.6256261600399,27.0020646932584,-11.4636049759856));
#7466=CARTESIAN_POINT('Ctrl Pts',(-56.5507450340244,27.4360782745517,-11.2950026934241));
#7467=CARTESIAN_POINT('Ctrl Pts',(-56.4286478870049,28.2064550044616,-10.8436721642219));
#7468=CARTESIAN_POINT('Ctrl Pts',(-56.3852897022393,28.5363604645889,-10.5626784080601));
#7469=CARTESIAN_POINT('Ctrl Pts',(-56.354080475593,28.8189627180826,-10.2090121657603));
#7470=CARTESIAN_POINT('Ctrl Pts',(-61.8018274249159,-0.31715356897522,-9.98993376826448));
#7471=CARTESIAN_POINT('Ctrl Pts',(-61.7041588289615,0.247803150437757,-9.90870865883892));
#7472=CARTESIAN_POINT('Ctrl Pts',(-61.602457365687,0.818227224459063,-9.8360359516119));
#7473=CARTESIAN_POINT('Ctrl Pts',(-61.3922464610609,1.9716108525046,-9.7089478009519));
#7474=CARTESIAN_POINT('Ctrl Pts',(-61.2837370197094,2.55457040652884,-9.65453235751892));
#7475=CARTESIAN_POINT('Ctrl Pts',(-61.061167915492,3.7346257653665,-9.56511119384395));
#7476=CARTESIAN_POINT('Ctrl Pts',(-60.8330485897605,4.92881737499336,-9.49509975335998));
#7477=CARTESIAN_POINT('Ctrl Pts',(-60.1229358228589,8.60581433332676,-9.40843852743575));
#7478=CARTESIAN_POINT('Ctrl Pts',(-58.9894857337715,14.511410098966,-9.76702613320982));
#7479=CARTESIAN_POINT('Ctrl Pts',(-57.8099494604426,22.0228181921714,-11.2184359892015));
#7480=CARTESIAN_POINT('Ctrl Pts',(-57.1956590888881,25.3787761257302,-11.0310576935874));
#7481=CARTESIAN_POINT('Ctrl Pts',(-56.9331013824605,26.7626060670195,-10.7361113151894));
#7482=CARTESIAN_POINT('Ctrl Pts',(-56.8530133935429,27.1748578765343,-10.6042529839582));
#7483=CARTESIAN_POINT('Ctrl Pts',(-56.717177249938,27.8924477770362,-10.2585687364362));
#7484=CARTESIAN_POINT('Ctrl Pts',(-56.6637195392643,28.1943718817556,-10.0466942769754));
#7485=CARTESIAN_POINT('Ctrl Pts',(-56.6130773045704,28.4672335568956,-9.79569256761483));
#7486=CARTESIAN_POINT('Ctrl Pts',(-61.9770551209444,-0.386919684117163,
-9.46187706041039));
#7487=CARTESIAN_POINT('Ctrl Pts',(-61.8744870827898,0.182442632226103,-9.37750107122379));
#7488=CARTESIAN_POINT('Ctrl Pts',(-61.7683854210188,0.757189699811056,-9.30254329386704));
#7489=CARTESIAN_POINT('Ctrl Pts',(-61.5503029424038,1.91890552653929,-9.17232759151586));
#7490=CARTESIAN_POINT('Ctrl Pts',(-61.4383221255598,2.50587428568258,-9.11706966652142));
#7491=CARTESIAN_POINT('Ctrl Pts',(-61.2096694289583,3.69348568460244,-9.02711709759753));
#7492=CARTESIAN_POINT('Ctrl Pts',(-60.9763256694436,4.89477096415559,-8.95772780973858));
#7493=CARTESIAN_POINT('Ctrl Pts',(-60.2552765663779,8.58938322106452,-8.87812020476732));
#7494=CARTESIAN_POINT('Ctrl Pts',(-59.1216181434173,14.50431242905,-9.26023691289055));
#7495=CARTESIAN_POINT('Ctrl Pts',(-57.9594972752636,21.9719365967997,-10.7145651642581));
#7496=CARTESIAN_POINT('Ctrl Pts',(-57.3412744483543,25.2962416834187,-10.5686859565941));
#7497=CARTESIAN_POINT('Ctrl Pts',(-57.0699534438245,26.6583679032996,-10.3220821578908));
#7498=CARTESIAN_POINT('Ctrl Pts',(-56.9857787479891,27.0689388363131,-10.2183177070399));
#7499=CARTESIAN_POINT('Ctrl Pts',(-56.8415270535419,27.7545764809189,-9.94118522294895));
#7500=CARTESIAN_POINT('Ctrl Pts',(-56.7751418851741,28.0224115434031,-9.80881320949516));
#7501=CARTESIAN_POINT('Ctrl Pts',(-56.7175019378408,28.303410739341,-9.59153221628422));
#7502=CARTESIAN_POINT('Ctrl Pts',(-62.1324305896377,-0.464757189861295,
-8.858208764305));
#7503=CARTESIAN_POINT('Ctrl Pts',(-62.0254596813331,0.109452772797743,-8.77098011939659));
#7504=CARTESIAN_POINT('Ctrl Pts',(-61.9153929452911,0.688908468133687,-8.69392847967834));
#7505=CARTESIAN_POINT('Ctrl Pts',(-61.6902039464814,1.85963109907456,-8.56079695877709));
#7506=CARTESIAN_POINT('Ctrl Pts',(-61.5750816837136,2.45089803467949,-8.50471707759408));
#7507=CARTESIAN_POINT('Ctrl Pts',(-61.3409177602017,3.64656292107349,-8.4141468219182));
#7508=CARTESIAN_POINT('Ctrl Pts',(-61.1028344387133,4.85535882265165,-8.34516607293248));
#7509=CARTESIAN_POINT('Ctrl Pts',(-60.3718848588841,8.56845126798208,-8.27146735504568));
#7510=CARTESIAN_POINT('Ctrl Pts',(-59.2383998283824,14.4929276488038,-8.67448184571494));
#7511=CARTESIAN_POINT('Ctrl Pts',(-58.0948669974578,21.9176657700572,-10.1341155490214));
#7512=CARTESIAN_POINT('Ctrl Pts',(-57.4726447274866,25.2257625157835,-10.042528200564));
#7513=CARTESIAN_POINT('Ctrl Pts',(-57.1910652667015,26.5869500332007,-9.85016715291668));
#7514=CARTESIAN_POINT('Ctrl Pts',(-57.1073090641194,26.9731951338083,-9.77256199761631));
#7515=CARTESIAN_POINT('Ctrl Pts',(-56.960003894314,27.6107171912936,-9.59038207484634));
#7516=CARTESIAN_POINT('Ctrl Pts',(-56.8964549270907,27.8619941481714,-9.48580730737675));
#7517=CARTESIAN_POINT('Ctrl Pts',(-56.8280152192487,28.1233485086819,-9.36375961221678));
#7518=CARTESIAN_POINT('',(-62.1324305896377,-0.464757189861295,-8.85820876430501));
#7519=CARTESIAN_POINT('Ctrl Pts',(-35.7087331657366,10.2866590123097,-16.4151867710698));
#7520=CARTESIAN_POINT('Ctrl Pts',(-36.3297160172946,9.81300047215125,-16.368988994589));
#7521=CARTESIAN_POINT('Ctrl Pts',(-37.1703772919871,9.2833462946999,-16.2789291048123));
#7522=CARTESIAN_POINT('Ctrl Pts',(-38.8119274306269,8.30550726982786,-16.0908875521347));
#7523=CARTESIAN_POINT('Ctrl Pts',(-39.6128162945743,7.85732242240716,-15.9929058892338));
#7524=CARTESIAN_POINT('Ctrl Pts',(-41.9558242702987,6.63497187519107,-15.687078240845));
#7525=CARTESIAN_POINT('Ctrl Pts',(-46.6585917734183,4.42027646089119,-15.0382544628844));
#7526=CARTESIAN_POINT('Ctrl Pts',(-54.1303886435375,1.48946429397686,-14.0629742853155));
#7527=CARTESIAN_POINT('Ctrl Pts',(-58.7156095160807,0.424084365494656,-13.7460436254926));
#7528=CARTESIAN_POINT('Ctrl Pts',(-60.459922348117,0.0592936312131483,-12.3430052825684));
#7529=CARTESIAN_POINT('Ctrl Pts',(-61.1886204411718,-0.124446139166857,
-11.3135780174331));
#7530=CARTESIAN_POINT('Ctrl Pts',(-61.4076100850296,-0.185916796500068,
-10.9157842467758));
#7531=CARTESIAN_POINT('Ctrl Pts',(-61.8018274249159,-0.31715356897522,-9.98993376826448));
#7532=CARTESIAN_POINT('Ctrl Pts',(-61.9770551209444,-0.386919684117163,
-9.46187706041039));
#7533=CARTESIAN_POINT('Ctrl Pts',(-62.1324305896377,-0.464757189861295,
-8.858208764305));
#7534=CARTESIAN_POINT('',(-56.8280152192487,28.1233485086819,-9.36375961221679));
#7535=CARTESIAN_POINT('Ctrl Pts',(-56.8280152192487,28.1233485086819,-9.36375961221678));
#7536=CARTESIAN_POINT('Ctrl Pts',(-56.7175019378408,28.303410739341,-9.59153221628422));
#7537=CARTESIAN_POINT('Ctrl Pts',(-56.6130773045704,28.4672335568956,-9.79569256761483));
#7538=CARTESIAN_POINT('Ctrl Pts',(-56.354080475593,28.8189627180826,-10.2090121657603));
#7539=CARTESIAN_POINT('Ctrl Pts',(-56.199508279886,29.0068690617151,-10.4181714125751));
#7540=CARTESIAN_POINT('Ctrl Pts',(-55.6605703491102,29.6067133817293,-11.053147496246));
#7541=CARTESIAN_POINT('Ctrl Pts',(-54.3725325076677,30.7725127495857,-12.1158659916716));
#7542=CARTESIAN_POINT('Ctrl Pts',(-51.4440251405422,31.9996035321716,-12.1784521503998));
#7543=CARTESIAN_POINT('Ctrl Pts',(-47.9177914829947,33.4366470304496,-12.2508026109864));
#7544=CARTESIAN_POINT('Ctrl Pts',(-45.6507563566244,34.2954858661056,-12.4153276772252));
#7545=CARTESIAN_POINT('Ctrl Pts',(-44.5018297963697,34.7161852412675,-12.5275027464966));
#7546=CARTESIAN_POINT('Ctrl Pts',(-44.1162861101066,34.8549650258771,-12.5698798589458));
#7547=CARTESIAN_POINT('Ctrl Pts',(-43.341696876041,35.1282586644107,-12.666226052201));
#7548=CARTESIAN_POINT('Ctrl Pts',(-42.9526513282386,35.2627725183348,-12.7201951330071));
#7549=CARTESIAN_POINT('Ctrl Pts',(-42.5626720850753,35.3944737820176,-12.7807707594781));
#7550=CARTESIAN_POINT('',(-59.2615788245312,14.6613249662052,-8.87684981067196));
#7551=CARTESIAN_POINT('Ctrl Pts',(-59.2615788245312,14.6613249662052,-8.87684981067196));
#7552=CARTESIAN_POINT('Ctrl Pts',(-58.7809866960126,17.4628228973051,-9.25833532703754));
#7553=CARTESIAN_POINT('Ctrl Pts',(-58.0948669974578,21.9176657700572,-10.1341155490214));
#7554=CARTESIAN_POINT('Ctrl Pts',(-57.4726447274866,25.2257625157835,-10.042528200564));
#7555=CARTESIAN_POINT('Ctrl Pts',(-57.1910652667015,26.5869500332007,-9.85016715291668));
#7556=CARTESIAN_POINT('Ctrl Pts',(-57.1073090641194,26.9731951338083,-9.77256199761631));
#7557=CARTESIAN_POINT('Ctrl Pts',(-56.960003894314,27.6107171912936,-9.59038207484634));
#7558=CARTESIAN_POINT('Ctrl Pts',(-56.8964549270907,27.8619941481714,-9.48580730737675));
#7559=CARTESIAN_POINT('Ctrl Pts',(-56.8280152192487,28.1233485086819,-9.36375961221678));
#7560=CARTESIAN_POINT('Ctrl Pts',(-62.1324305896377,-0.464757189861295,
-8.858208764305));
#7561=CARTESIAN_POINT('Ctrl Pts',(-62.0254596813331,0.109452772797743,-8.77098011939659));
#7562=CARTESIAN_POINT('Ctrl Pts',(-61.9153929452911,0.688908468133687,-8.69392847967834));
#7563=CARTESIAN_POINT('Ctrl Pts',(-61.6902039464814,1.85963109907456,-8.56079695877709));
#7564=CARTESIAN_POINT('Ctrl Pts',(-61.5750816837136,2.45089803467949,-8.50471707759408));
#7565=CARTESIAN_POINT('Ctrl Pts',(-61.3409177602017,3.64656292107349,-8.4141468219182));
#7566=CARTESIAN_POINT('Ctrl Pts',(-61.1028344387133,4.85535882265165,-8.34516607293248));
#7567=CARTESIAN_POINT('Ctrl Pts',(-60.3718848588841,8.56845126798208,-8.27146735504568));
#7568=CARTESIAN_POINT('Ctrl Pts',(-59.7421709530499,11.8598270351053,-8.49536429430638));
#7569=CARTESIAN_POINT('Ctrl Pts',(-59.2615788245312,14.6613249662052,-8.87684981067196));
#7570=CARTESIAN_POINT('Ctrl Pts',(62.5882190937893,-0.464757189861295,-8.858208764305));
#7571=CARTESIAN_POINT('Ctrl Pts',(62.432843625096,-0.386919684117163,-9.46187706041039));
#7572=CARTESIAN_POINT('Ctrl Pts',(62.2576159290675,-0.31715356897522,-9.98993376826448));
#7573=CARTESIAN_POINT('Ctrl Pts',(61.8633985891812,-0.185916796500068,-10.9157842467758));
#7574=CARTESIAN_POINT('Ctrl Pts',(61.6444089453234,-0.124446139166857,-11.3135780174331));
#7575=CARTESIAN_POINT('Ctrl Pts',(60.9157108522686,0.0592936312131483,-12.3430052825684));
#7576=CARTESIAN_POINT('Ctrl Pts',(59.1713980202322,0.424084365494656,-13.7460436254926));
#7577=CARTESIAN_POINT('Ctrl Pts',(54.586177147689,1.48946429397686,-14.0629742853155));
#7578=CARTESIAN_POINT('Ctrl Pts',(47.1143802775699,4.42027646089119,-15.0382544628844));
#7579=CARTESIAN_POINT('Ctrl Pts',(42.4116127744502,6.63497187519107,-15.687078240845));
#7580=CARTESIAN_POINT('Ctrl Pts',(40.0686047987259,7.85732242240716,-15.9929058892338));
#7581=CARTESIAN_POINT('Ctrl Pts',(39.2677159347785,8.30550726982786,-16.0908875521347));
#7582=CARTESIAN_POINT('Ctrl Pts',(37.6261657961386,9.2833462946999,-16.2789291048123));
#7583=CARTESIAN_POINT('Ctrl Pts',(36.7855045214461,9.81300047215125,-16.368988994589));
#7584=CARTESIAN_POINT('Ctrl Pts',(36.1645216698882,10.2866590123097,-16.4151867710698));
#7585=CARTESIAN_POINT('Ctrl Pts',(62.6951900020939,-1.03896715252033,-8.94543740921341));
#7586=CARTESIAN_POINT('Ctrl Pts',(62.5354116632506,-0.956282000460429,-9.54625304959699));
#7587=CARTESIAN_POINT('Ctrl Pts',(62.3552845250219,-0.882110288388198,-10.07115887769));
#7588=CARTESIAN_POINT('Ctrl Pts',(61.9504430974218,-0.742874097390786,-10.9902995765296));
#7589=CARTESIAN_POINT('Ctrl Pts',(61.7257288080505,-0.677809618465605,-11.3845344472762));
#7590=CARTESIAN_POINT('Ctrl Pts',(60.9788708846653,-0.484397561168185,-12.4029556243479));
#7591=CARTESIAN_POINT('Ctrl Pts',(59.1942948168097,-0.104698964485847,-13.7826642378198));
#7592=CARTESIAN_POINT('Ctrl Pts',(54.5323271226593,0.967683250120132,-14.0654299243219));
#7593=CARTESIAN_POINT('Ctrl Pts',(46.9977987187464,3.8932772507678,-15.0429841426414));
#7594=CARTESIAN_POINT('Ctrl Pts',(42.2606387569375,6.09426823131929,-15.7039507939724));
#7595=CARTESIAN_POINT('Ctrl Pts',(39.8965357777483,7.29758490595484,-16.0204199368468));
#7596=CARTESIAN_POINT('Ctrl Pts',(39.1147813496429,7.72340496092825,-16.1192102208503));
#7597=CARTESIAN_POINT('Ctrl Pts',(37.5654150901843,8.59136726114423,-16.3088051716404));
#7598=CARTESIAN_POINT('Ctrl Pts',(36.7790475952492,9.10945490067435,-16.3984816009733));
#7599=CARTESIAN_POINT('Ctrl Pts',(36.1455472150225,9.55849065851149,-16.4702363515852));
#7600=CARTESIAN_POINT('Ctrl Pts',(62.7990650826611,-1.60793138250246,-9.04284305931198));
#7601=CARTESIAN_POINT('Ctrl Pts',(62.6344460777888,-1.52025956556201,-9.64004725061343));
#7602=CARTESIAN_POINT('Ctrl Pts',(62.4489202536562,-1.44159965319285,-10.1609363893141));
#7603=CARTESIAN_POINT('Ctrl Pts',(62.0323947752251,-1.29428782449619,-11.0714614473549));
#7604=CARTESIAN_POINT('Ctrl Pts',(61.8013951209265,-1.22563590816869,-11.4610973666949));
#7605=CARTESIAN_POINT('Ctrl Pts',(61.034695125314,-1.02266843359727,-12.4651906244351));
#7606=CARTESIAN_POINT('Ctrl Pts',(59.2064910032211,-0.628686582098791,-13.8141191387965));
#7607=CARTESIAN_POINT('Ctrl Pts',(54.4658519800087,0.449133134899752,-14.0486564742518));
#7608=CARTESIAN_POINT('Ctrl Pts',(46.881406089468,3.37106067849385,-15.0185930707082));
#7609=CARTESIAN_POINT('Ctrl Pts',(42.129693058071,5.5513845277003,-15.6838062446595));
#7610=CARTESIAN_POINT('Ctrl Pts',(39.7819130286953,6.71754996506818,-15.9987082319313));
#7611=CARTESIAN_POINT('Ctrl Pts',(39.0039990999572,7.11893902965158,-16.1007247944046));
#7612=CARTESIAN_POINT('Ctrl Pts',(37.5082813775477,7.91843584720267,-16.2861995213477));
#7613=CARTESIAN_POINT('Ctrl Pts',(36.7907401182086,8.32806852571973,-16.3649705802608));
#7614=CARTESIAN_POINT('Ctrl Pts',(36.1234132107343,8.72872387413341,-16.4454493898573));
#7615=CARTESIAN_POINT('Ctrl Pts',(63.0048180419985,-2.73801405935649,-9.25701817912428));
#7616=CARTESIAN_POINT('Ctrl Pts',(62.8299172908162,-2.64020275526599,-9.84593001705914));
#7617=CARTESIAN_POINT('Ctrl Pts',(62.6329068629976,-2.55246967298635,-10.357553237291));
#7618=CARTESIAN_POINT('Ctrl Pts',(62.1915555668375,-2.38891799671461,-11.2481095050498));
#7619=CARTESIAN_POINT('Ctrl Pts',(61.9472146984959,-2.31309940272251,-11.6270425525767));
#7620=CARTESIAN_POINT('Ctrl Pts',(61.1385298018109,-2.09115242017632,-12.597637030151));
#7621=CARTESIAN_POINT('Ctrl Pts',(59.2185108417995,-1.6692936528043,-13.8740073252748));
#7622=CARTESIAN_POINT('Ctrl Pts',(54.3185681735427,-0.581854375736875,-13.9904216124103));
#7623=CARTESIAN_POINT('Ctrl Pts',(46.6543034542183,2.33675286339166,-14.9276065475945));
#7624=CARTESIAN_POINT('Ctrl Pts',(41.9012185522535,4.46885719796584,-15.5885041968537));
#7625=CARTESIAN_POINT('Ctrl Pts',(39.5971892241795,5.55487110121033,-15.9002593442231));
#7626=CARTESIAN_POINT('Ctrl Pts',(38.8412649686395,5.92020269161806,-16.0010621138028));
#7627=CARTESIAN_POINT('Ctrl Pts',(37.4062305349604,6.60954117434004,-16.1847527092235));
#7628=CARTESIAN_POINT('Ctrl Pts',(36.7179898513166,6.93816671224078,-16.2638760958127));
#7629=CARTESIAN_POINT('Ctrl Pts',(36.0854542584679,7.21028747935414,-16.3385713009653));
#7630=CARTESIAN_POINT('Ctrl Pts',(63.1066959207687,-3.29913250622838,-9.37378764883799));
#7631=CARTESIAN_POINT('Ctrl Pts',(62.9263540893053,-3.1961683798684,-9.95801858248841));
#7632=CARTESIAN_POINT('Ctrl Pts',(62.7232577437047,-3.1038503279752,-10.4643925736438));
#7633=CARTESIAN_POINT('Ctrl Pts',(62.2687646806466,-2.93213444182763,-11.3435956919195));
#7634=CARTESIAN_POINT('Ctrl Pts',(62.0173679631893,-2.85273660757326,-11.7164248190397));
#7635=CARTESIAN_POINT('Ctrl Pts',(61.1865402376591,-2.62136553432628,-12.6678484357796));
#7636=CARTESIAN_POINT('Ctrl Pts',(59.2183344939665,-2.18591310589686,-13.9024406107764));
#7637=CARTESIAN_POINT('Ctrl Pts',(54.2377595097272,-1.09429177115312,-13.948960200639));
#7638=CARTESIAN_POINT('Ctrl Pts',(46.5435934482469,1.82466162056342,-14.861011096414));
#7639=CARTESIAN_POINT('Ctrl Pts',(41.8036897453025,3.92921357185037,-15.5133466983607));
#7640=CARTESIAN_POINT('Ctrl Pts',(39.5286932044507,4.96854126314309,-15.8198389520397));
#7641=CARTESIAN_POINT('Ctrl Pts',(38.7829296047874,5.320763691839,-15.9180153184789));
#7642=CARTESIAN_POINT('Ctrl Pts',(37.3697420060461,5.9738366750674,-16.0984327621612));
#7643=CARTESIAN_POINT('Ctrl Pts',(36.6930849558628,6.27395916908819,-16.1863637855289));
#7644=CARTESIAN_POINT('Ctrl Pts',(36.0696293104896,6.52161786895297,-16.2564801738014));
#7645=CARTESIAN_POINT('Ctrl Pts',(63.4156254349006,-4.97468769554406,-9.7516565012541));
#7646=CARTESIAN_POINT('Ctrl Pts',(63.2184725074747,-4.85618368590317,-10.3209127365251));
#7647=CARTESIAN_POINT('Ctrl Pts',(62.9965544440038,-4.75006822731936,-10.8104388502928));
#7648=CARTESIAN_POINT('Ctrl Pts',(62.5014428214037,-4.5538226525455,-11.6530875774479));
#7649=CARTESIAN_POINT('Ctrl Pts',(62.2282492622745,-4.46369253635546,-12.0062101908353));
#7650=CARTESIAN_POINT('Ctrl Pts',(61.3291375060469,-4.20409256179549,-12.8955578943668));
#7651=CARTESIAN_POINT('Ctrl Pts',(59.2127896782324,-3.72805410871609,-13.9941727549073));
#7652=CARTESIAN_POINT('Ctrl Pts',(53.9902083076484,-2.62295858389849,-13.8081993474511));
#7653=CARTESIAN_POINT('Ctrl Pts',(46.2279445116188,0.30441596686745,-14.6219738602012));
#7654=CARTESIAN_POINT('Ctrl Pts',(41.5512690442575,2.32654310525614,-15.2338866626626));
#7655=CARTESIAN_POINT('Ctrl Pts',(39.3467631747321,3.27649379920868,-15.5188840930331));
#7656=CARTESIAN_POINT('Ctrl Pts',(38.6342331955828,3.58295855131922,-15.6103900746799));
#7657=CARTESIAN_POINT('Ctrl Pts',(37.2766257579659,4.15795099547693,-15.779487883243));
#7658=CARTESIAN_POINT('Ctrl Pts',(36.6315482994983,4.42647868752409,-15.8570797101594));
#7659=CARTESIAN_POINT('Ctrl Pts',(36.0316180510197,4.66725479871483,-15.9242505441554));
#7660=CARTESIAN_POINT('Ctrl Pts',(64.04666797445,-8.29459746897543,-10.6176359791861));
#7661=CARTESIAN_POINT('Ctrl Pts',(63.8139414346217,-8.14468802688292,-11.1532148755943));
#7662=CARTESIAN_POINT('Ctrl Pts',(63.5521240773148,-8.01080776351806,-11.6046444739528));
#7663=CARTESIAN_POINT('Ctrl Pts',(62.9710023002367,-7.76535457549649,-12.3642046481814));
#7664=CARTESIAN_POINT('Ctrl Pts',(62.6516978804656,-7.65378165083979,-12.6723352240515));
#7665=CARTESIAN_POINT('Ctrl Pts',(61.6085958861948,-7.33789735681129,-13.4192777783464));
#7666=CARTESIAN_POINT('Ctrl Pts',(59.1816369578241,-6.78146668852071,-14.2033661936738));
#7667=CARTESIAN_POINT('Ctrl Pts',(53.4746050609614,-5.64571071537576,-13.4611711695793));
#7668=CARTESIAN_POINT('Ctrl Pts',(45.6625709635062,-2.67196304136942,-13.9868958570909));
#7669=CARTESIAN_POINT('Ctrl Pts',(41.207090521399,-0.813756180923565,-14.4590164303894));
#7670=CARTESIAN_POINT('Ctrl Pts',(39.1162228869591,0.0649121245275735,-14.6867011680513));
#7671=CARTESIAN_POINT('Ctrl Pts',(38.4420791065814,0.349395705549321,-14.761200155774));
#7672=CARTESIAN_POINT('Ctrl Pts',(37.1557906164561,0.891090909205754,-14.9016579744815));
#7673=CARTESIAN_POINT('Ctrl Pts',(36.5436459067085,1.14830253184044,-14.9676168054664));
#7674=CARTESIAN_POINT('Ctrl Pts',(35.9706881698219,1.38664805021669,-15.0264314045446));
#7675=CARTESIAN_POINT('Ctrl Pts',(65.9637192546723,-16.0448866790422,-13.3267711484511));
#7676=CARTESIAN_POINT('Ctrl Pts',(65.657442586387,-15.8288161315469,-13.7953170403221));
#7677=CARTESIAN_POINT('Ctrl Pts',(65.3128813345661,-15.6347101268933,-14.1689721295509));
#7678=CARTESIAN_POINT('Ctrl Pts',(64.5532836033835,-15.2787662815621,-14.7550345587017));
#7679=CARTESIAN_POINT('Ctrl Pts',(64.1382471240219,-15.1169284408843,-14.9674418986237));
#7680=CARTESIAN_POINT('Ctrl Pts',(62.7965657539218,-14.6623257822533,-15.4055930783958));
#7681=CARTESIAN_POINT('Ctrl Pts',(59.7269152856612,-13.8767639185994,-15.485612077965));
#7682=CARTESIAN_POINT('Ctrl Pts',(53.0450289034272,-12.4860561114203,-13.3495916360294));
#7683=CARTESIAN_POINT('Ctrl Pts',(45.250436488136,-9.12101678510462,-12.7531408955592));
#7684=CARTESIAN_POINT('Ctrl Pts',(40.9709088443553,-7.04741310512144,-12.7371202411263));
#7685=CARTESIAN_POINT('Ctrl Pts',(38.9721784500532,-6.07100367604902,-12.7568384975672));
#7686=CARTESIAN_POINT('Ctrl Pts',(38.3294405565505,-5.75559926817808,-12.7680326803237));
#7687=CARTESIAN_POINT('Ctrl Pts',(37.1034473776338,-5.1565027713456,-12.7947895101696));
#7688=CARTESIAN_POINT('Ctrl Pts',(36.5201920922198,-4.87281068238406,-12.810352157259));
#7689=CARTESIAN_POINT('Ctrl Pts',(35.9729138436298,-4.61076551051208,-12.8256618380717));
#7690=CARTESIAN_POINT('Ctrl Pts',(71.9860408144904,-28.3976075190822,-18.6888623584688));
#7691=CARTESIAN_POINT('Ctrl Pts',(71.7337919287822,-28.1610612021834,-19.3097426663884));
#7692=CARTESIAN_POINT('Ctrl Pts',(71.4500119323604,-27.9267935362568,-19.8436133978509));
#7693=CARTESIAN_POINT('Ctrl Pts',(70.8167791654394,-27.4560248225887,-20.7556602621625));
#7694=CARTESIAN_POINT('Ctrl Pts',(70.46732639494,-27.2195237748473,-21.1338363950116));
#7695=CARTESIAN_POINT('Ctrl Pts',(69.3165430933496,-26.496484533262,-22.0623097270894));
#7696=CARTESIAN_POINT('Ctrl Pts',(66.6052765297996,-24.996261656648,-23.0950361253669));
#7697=CARTESIAN_POINT('Ctrl Pts',(59.8813659630027,-21.8177272028589,-21.7946187178034));
#7698=CARTESIAN_POINT('Ctrl Pts',(49.7995896909404,-16.648466023922,-19.3972925698412));
#7699=CARTESIAN_POINT('Ctrl Pts',(44.0261892222987,-13.6831958157565,-18.1331728893114));
#7700=CARTESIAN_POINT('Ctrl Pts',(41.3343252755743,-12.309284588666,-17.5858161288733));
#7701=CARTESIAN_POINT('Ctrl Pts',(40.4695100079322,-11.8694348258012,-17.4174810553651));
#7702=CARTESIAN_POINT('Ctrl Pts',(38.8296402471519,-11.0403115024789,-17.118321448033));
#7703=CARTESIAN_POINT('Ctrl Pts',(38.0545857540136,-10.6510379420214,-16.9874969142091));
#7704=CARTESIAN_POINT('Ctrl Pts',(37.3368193207799,-10.2942199378058,-16.8800657400984));
#7705=CARTESIAN_POINT('Ctrl Pts',(66.7556363027788,-38.2393962241611,-18.8125465337237));
#7706=CARTESIAN_POINT('Ctrl Pts',(66.5979822380757,-37.9586730824043,-19.4013027729422));
#7707=CARTESIAN_POINT('Ctrl Pts',(66.3857071921678,-37.6800418878288,-19.9024361725382));
#7708=CARTESIAN_POINT('Ctrl Pts',(65.86228235231,-37.1211404449001,-20.7521114139344));
#7709=CARTESIAN_POINT('Ctrl Pts',(65.5511325583601,-36.8408701965468,-21.1006532557346));
#7710=CARTESIAN_POINT('Ctrl Pts',(64.4849218759984,-35.9888664486096,-21.9513726266153));
#7711=CARTESIAN_POINT('Ctrl Pts',(61.8214553092276,-34.2400869412256,-22.8731867502965));
#7712=CARTESIAN_POINT('Ctrl Pts',(55.3491512164185,-30.7522174829411,-21.8706678196468));
#7713=CARTESIAN_POINT('Ctrl Pts',(47.8246772248132,-25.5683603942078,-21.1076405829237));
#7714=CARTESIAN_POINT('Ctrl Pts',(43.5469511503739,-22.5831482593152,-20.7190779752908));
#7715=CARTESIAN_POINT('Ctrl Pts',(41.5067840644899,-21.1854172575976,-20.5331291665523));
#7716=CARTESIAN_POINT('Ctrl Pts',(40.8431776944179,-20.7353194346465,-20.4725349794858));
#7717=CARTESIAN_POINT('Ctrl Pts',(39.5587307543717,-19.8790862627656,-20.3535891380474));
#7718=CARTESIAN_POINT('Ctrl Pts',(38.9378901843975,-19.4729509138359,-20.2952374836754));
#7719=CARTESIAN_POINT('Ctrl Pts',(38.3433660892984,-19.0949655279727,-20.2377396128183));
#7720=CARTESIAN_POINT('Ctrl Pts',(62.0249808290917,-39.9059171999202,-20.1680856205836));
#7721=CARTESIAN_POINT('Ctrl Pts',(61.9123140509905,-39.6559720755063,-20.7603353557291));
#7722=CARTESIAN_POINT('Ctrl Pts',(61.7455023628211,-39.412899845322,-21.2596873841228));
#7723=CARTESIAN_POINT('Ctrl Pts',(61.3152452932648,-38.9336195288244,-22.0967160397673));
#7724=CARTESIAN_POINT('Ctrl Pts',(61.0517999118778,-38.697411442511,-22.4343926670181));
#7725=CARTESIAN_POINT('Ctrl Pts',(60.1339974182684,-37.9887609324949,-23.2410894655971));
#7726=CARTESIAN_POINT('Ctrl Pts',(57.7885270332562,-36.5713549081588,-24.0291507300611));
#7727=CARTESIAN_POINT('Ctrl Pts',(52.0294503510554,-33.795587837449,-22.663125248998));
#7728=CARTESIAN_POINT('Ctrl Pts',(45.6687414773809,-29.3675260368619,-21.5836871831754));
#7729=CARTESIAN_POINT('Ctrl Pts',(42.0959124307233,-26.7871649628657,-21.0395392457746));
#7730=CARTESIAN_POINT('Ctrl Pts',(40.3929581839615,-25.578064479827,-20.7825969745259));
#7731=CARTESIAN_POINT('Ctrl Pts',(39.8392168144687,-25.1885443278073,-20.6994715003517));
#7732=CARTESIAN_POINT('Ctrl Pts',(38.7666976505015,-24.4479197172377,-20.537910986782));
#7733=CARTESIAN_POINT('Ctrl Pts',(38.247919856027,-24.0968152586879,-20.4594759473865));
#7734=CARTESIAN_POINT('Ctrl Pts',(37.7501955904764,-23.7706131512813,-20.3832093931946));
#7735=CARTESIAN_POINT('Ctrl Pts',(59.8829814494235,-40.060562141196,-20.8849909611145));
#7736=CARTESIAN_POINT('Ctrl Pts',(59.787320391855,-39.830418502223,-21.4815215170876));
#7737=CARTESIAN_POINT('Ctrl Pts',(59.6395012026142,-39.6097229818969,-21.9823745393701));
#7738=CARTESIAN_POINT('Ctrl Pts',(59.2509198440467,-39.1797067949676,-22.8173061100806));
#7739=CARTESIAN_POINT('Ctrl Pts',(59.01015767472,-38.9703861283644,-23.1513846585086));
#7740=CARTESIAN_POINT('Ctrl Pts',(58.1655166215001,-38.3482043337824,-23.9403294833015));
#7741=CARTESIAN_POINT('Ctrl Pts',(55.9868163341001,-37.1269615655296,-24.6650558509224));
#7742=CARTESIAN_POINT('Ctrl Pts',(50.5909552791762,-34.7558780420721,-23.0819523320837));
#7743=CARTESIAN_POINT('Ctrl Pts',(44.6618943333589,-30.7338012676552,-21.7104360466147));
#7744=CARTESIAN_POINT('Ctrl Pts',(41.3545131148763,-28.3718203350723,-21.0172720449425));
#7745=CARTESIAN_POINT('Ctrl Pts',(39.7833313387954,-27.2655583987085,-20.6951919652573));
#7746=CARTESIAN_POINT('Ctrl Pts',(39.2733555522952,-26.9092591749086,-20.5919155922208));
#7747=CARTESIAN_POINT('Ctrl Pts',(38.2877124139581,-26.2326009608263,-20.3940097575673));
#7748=CARTESIAN_POINT('Ctrl Pts',(37.8120450621212,-25.9122419705439,-20.2993802959503));
#7749=CARTESIAN_POINT('Ctrl Pts',(37.3569346727543,-25.6153684587912,-20.2093140922279));
#7750=CARTESIAN_POINT('Ctrl Pts',(58.8024047615057,-40.0911112989455,-21.2548080821746));
#7751=CARTESIAN_POINT('Ctrl Pts',(58.7150570187742,-39.8714193115747,-21.8537110159189));
#7752=CARTESIAN_POINT('Ctrl Pts',(58.5768072037777,-39.6630642030046,-22.3553678333693));
#7753=CARTESIAN_POINT('Ctrl Pts',(58.2091525383172,-39.2586648073529,-23.189595072093));
#7754=CARTESIAN_POINT('Ctrl Pts',(57.9798901547048,-39.0633163172801,-23.5219964364751));
#7755=CARTESIAN_POINT('Ctrl Pts',(57.1726263159233,-38.4864548482042,-24.3021581779511));
#7756=CARTESIAN_POINT('Ctrl Pts',(55.0798515789724,-37.3678058787483,-24.9947160769095));
#7757=CARTESIAN_POINT('Ctrl Pts',(49.8703938991049,-35.207355529727,-23.297966079502));
#7758=CARTESIAN_POINT('Ctrl Pts',(44.1515645379448,-31.395110665047,-21.7673712193263));
#7759=CARTESIAN_POINT('Ctrl Pts',(40.9738529920483,-29.1460591818279,-20.9928377990827));
#7760=CARTESIAN_POINT('Ctrl Pts',(39.4674951748484,-28.0930495934527,-20.6352961452802));
#7761=CARTESIAN_POINT('Ctrl Pts',(38.9791255617398,-27.7539657562001,-20.5210697700658));
#7762=CARTESIAN_POINT('Ctrl Pts',(38.0365912558746,-27.1104923962123,-20.3034844506896));
#7763=CARTESIAN_POINT('Ctrl Pts',(37.582426563118,-26.8061028734771,-20.2001255065277));
#7764=CARTESIAN_POINT('Ctrl Pts',(37.148717131422,-26.5244883063871,-20.1026798173649));
#7765=CARTESIAN_POINT('Ctrl Pts',(58.4410244124196,-40.0954916670399,-21.3794903265392));
#7766=CARTESIAN_POINT('Ctrl Pts',(58.3564161837287,-39.8793753816833,-21.9792227141001));
#7767=CARTESIAN_POINT('Ctrl Pts',(58.2209603010433,-39.6733328855105,-22.4816405507649));
#7768=CARTESIAN_POINT('Ctrl Pts',(57.8602960062207,-39.2776365413669,-23.3156903805731));
#7769=CARTESIAN_POINT('Ctrl Pts',(57.6349216067612,-39.0871720242397,-23.6475193409435));
#7770=CARTESIAN_POINT('Ctrl Pts',(56.8402212295322,-38.5256264886412,-24.4248025238006));
#7771=CARTESIAN_POINT('Ctrl Pts',(54.7765117596715,-37.4419274805768,-25.1065540964979));
#7772=CARTESIAN_POINT('Ctrl Pts',(49.6299877983924,-35.3530700898358,-23.3710706962874));
#7773=CARTESIAN_POINT('Ctrl Pts',(43.9803035689063,-31.6119090945101,-21.7852764003955));
#7774=CARTESIAN_POINT('Ctrl Pts',(40.8453062069549,-29.4011239908551,-20.9824762762221));
#7775=CARTESIAN_POINT('Ctrl Pts',(39.360379329972,-28.3661706975847,-20.6126319860639));
#7776=CARTESIAN_POINT('Ctrl Pts',(38.8791656716432,-28.0329261429207,-20.4946098513326));
#7777=CARTESIAN_POINT('Ctrl Pts',(37.9509461132115,-27.4007146769396,-20.270213566352));
#7778=CARTESIAN_POINT('Ctrl Pts',(37.5039402131085,-27.1017477656224,-20.1638394161027));
#7779=CARTESIAN_POINT('Ctrl Pts',(37.0773801038993,-26.8253186212259,-20.0638539550139));
#7780=CARTESIAN_POINT('Ctrl Pts',(57.7158874746869,-40.0926470342511,-21.6316745566243));
#7781=CARTESIAN_POINT('Ctrl Pts',(57.6367266831726,-39.8837739710701,-22.2331045130446));
#7782=CARTESIAN_POINT('Ctrl Pts',(57.5075579191243,-39.6859042886998,-22.7362379703943));
#7783=CARTESIAN_POINT('Ctrl Pts',(57.160951176287,-39.3080809935164,-23.5699167738233));
#7784=CARTESIAN_POINT('Ctrl Pts',(56.9433547815273,-39.1273536894382,-23.9006501026596));
#7785=CARTESIAN_POINT('Ctrl Pts',(56.1739694055512,-38.5970579051447,-24.6721259964657));
#7786=CARTESIAN_POINT('Ctrl Pts',(54.1688138868114,-37.5840108483226,-25.3321814132674));
#7787=CARTESIAN_POINT('Ctrl Pts',(49.1489566229457,-35.6397212742773,-23.5183799641707));
#7788=CARTESIAN_POINT('Ctrl Pts',(43.6366305935953,-32.0418679171022,-21.8200135526992));
#7789=CARTESIAN_POINT('Ctrl Pts',(40.586552559284,-29.9082388023517,-20.9595364562604));
#7790=CARTESIAN_POINT('Ctrl Pts',(39.1443105166587,-28.9097036117324,-20.5646047817411));
#7791=CARTESIAN_POINT('Ctrl Pts',(38.677362664872,-28.588238442652,-20.4388453691846));
#7792=CARTESIAN_POINT('Ctrl Pts',(37.7777177379166,-27.9787510406594,-20.2005760156317));
#7793=CARTESIAN_POINT('Ctrl Pts',(37.3450206627478,-27.6907288077472,-20.0880660746352));
#7794=CARTESIAN_POINT('Ctrl Pts',(36.9327748684421,-27.4247696165437,-19.9829211262487));
#7795=CARTESIAN_POINT('Ctrl Pts',(57.3521308860403,-40.085422033368,-21.7591765423447));
#7796=CARTESIAN_POINT('Ctrl Pts',(57.2756780176618,-39.8802164903482,-22.3614746138079));
#7797=CARTESIAN_POINT('Ctrl Pts',(57.1499048635866,-39.6877304540734,-22.8646784606498));
#7798=CARTESIAN_POINT('Ctrl Pts',(56.8104303529989,-39.319394859882,-23.6980864546006));
#7799=CARTESIAN_POINT('Ctrl Pts',(56.5967537265814,-39.1436660818235,-24.0282612559849));
#7800=CARTESIAN_POINT('Ctrl Pts',(55.8401226679614,-38.6293176812113,-24.7968051232814));
#7801=CARTESIAN_POINT('Ctrl Pts',(53.8644558332523,-37.6519726142399,-25.4459707104486));
#7802=CARTESIAN_POINT('Ctrl Pts',(48.9083315482113,-35.7806578986101,-23.5925846152687));
#7803=CARTESIAN_POINT('Ctrl Pts',(43.464218587323,-32.2550283102311,-21.8368455239337));
#7804=CARTESIAN_POINT('Ctrl Pts',(40.4563456967065,-30.160288804821,-20.9469581591592));
#7805=CARTESIAN_POINT('Ctrl Pts',(39.0353575482217,-29.1801154217483,-20.5392417366344));
#7806=CARTESIAN_POINT('Ctrl Pts',(38.5755195481973,-28.8645903556628,-20.4095408057698));
#7807=CARTESIAN_POINT('Ctrl Pts',(37.6901345052848,-28.266565123652,-20.1642093492491));
#7808=CARTESIAN_POINT('Ctrl Pts',(37.2645874623966,-27.9840649577266,-20.0485788235928));
#7809=CARTESIAN_POINT('Ctrl Pts',(36.8595066605075,-27.7233902970227,-19.9408141598344));
#7810=CARTESIAN_POINT('Ctrl Pts',(56.9887904081222,-40.0802292848804,-21.8861847543526));
#7811=CARTESIAN_POINT('Ctrl Pts',(56.9150454628795,-39.8786912620219,-22.4893509408586));
#7812=CARTESIAN_POINT('Ctrl Pts',(56.7923856731283,-39.6902104060703,-22.9929601012226));
#7813=CARTESIAN_POINT('Ctrl Pts',(56.4599541514039,-39.3309266551219,-23.8262031854837));
#7814=CARTESIAN_POINT('Ctrl Pts',(56.2501824194308,-39.1601237601251,-24.1558371093808));
#7815=CARTESIAN_POINT('Ctrl Pts',(55.5062759303715,-38.661577457278,-24.9214842500971));
#7816=CARTESIAN_POINT('Ctrl Pts',(53.5600977796931,-37.7199343801573,-25.5597600076297));
#7817=CARTESIAN_POINT('Ctrl Pts',(48.6677064734769,-35.9215945229428,-23.6667892663667));
#7818=CARTESIAN_POINT('Ctrl Pts',(43.2918065810506,-32.4681887033601,-21.8536774951681));
#7819=CARTESIAN_POINT('Ctrl Pts',(40.326138834129,-30.4123388072903,-20.934379862058));
#7820=CARTESIAN_POINT('Ctrl Pts',(38.9264045797846,-29.4505272317641,-20.5138786915277));
#7821=CARTESIAN_POINT('Ctrl Pts',(38.4736764315226,-29.1409422686736,-20.3802362423551));
#7822=CARTESIAN_POINT('Ctrl Pts',(37.602551272653,-28.5543792066445,-20.1278426828664));
#7823=CARTESIAN_POINT('Ctrl Pts',(37.1841542620454,-28.2774011077061,-20.0090915725504));
#7824=CARTESIAN_POINT('Ctrl Pts',(36.786238452573,-28.0220109775017,-19.8987071934202));
#7825=CARTESIAN_POINT('',(56.9887904081222,-40.0802292848804,-21.8861847543526));
#7826=CARTESIAN_POINT('Ctrl Pts',(62.5882190937893,-0.464757189861295,-8.858208764305));
#7827=CARTESIAN_POINT('Ctrl Pts',(62.6951900020939,-1.03896715252033,-8.94543740921341));
#7828=CARTESIAN_POINT('Ctrl Pts',(62.7990650826611,-1.60793138250246,-9.04284305931198));
#7829=CARTESIAN_POINT('Ctrl Pts',(63.0048180419985,-2.73801405935649,-9.25701817912428));
#7830=CARTESIAN_POINT('Ctrl Pts',(63.1066959207687,-3.29913250622838,-9.37378764883799));
#7831=CARTESIAN_POINT('Ctrl Pts',(63.4156254349006,-4.97468769554406,-9.7516565012541));
#7832=CARTESIAN_POINT('Ctrl Pts',(64.04666797445,-8.29459746897543,-10.6176359791861));
#7833=CARTESIAN_POINT('Ctrl Pts',(65.9637192546723,-16.0448866790422,-13.3267711484511));
#7834=CARTESIAN_POINT('Ctrl Pts',(71.9860408144904,-28.3976075190822,-18.6888623584688));
#7835=CARTESIAN_POINT('Ctrl Pts',(66.7556363027788,-38.2393962241611,-18.8125465337237));
#7836=CARTESIAN_POINT('Ctrl Pts',(62.0249808290917,-39.9059171999202,-20.1680856205836));
#7837=CARTESIAN_POINT('Ctrl Pts',(59.8829814494235,-40.060562141196,-20.8849909611145));
#7838=CARTESIAN_POINT('Ctrl Pts',(58.8024047615057,-40.0911112989455,-21.2548080821746));
#7839=CARTESIAN_POINT('Ctrl Pts',(58.4410244124196,-40.0954916670399,-21.3794903265392));
#7840=CARTESIAN_POINT('Ctrl Pts',(57.7158874746869,-40.0926470342511,-21.6316745566243));
#7841=CARTESIAN_POINT('Ctrl Pts',(57.3521308860403,-40.085422033368,-21.7591765423447));
#7842=CARTESIAN_POINT('Ctrl Pts',(56.9887904081222,-40.0802292848804,-21.8861847543526));
#7843=CARTESIAN_POINT('',(36.786238452573,-28.0220109775017,-19.8987071934202));
#7844=CARTESIAN_POINT('Ctrl Pts',(36.786238452573,-28.0220109775017,-19.8987071934202));
#7845=CARTESIAN_POINT('Ctrl Pts',(36.8595066605075,-27.7233902970227,-19.9408141598344));
#7846=CARTESIAN_POINT('Ctrl Pts',(36.9327748684421,-27.4247696165437,-19.9829211262487));
#7847=CARTESIAN_POINT('Ctrl Pts',(37.0773801038993,-26.8253186212259,-20.0638539550139));
#7848=CARTESIAN_POINT('Ctrl Pts',(37.148717131422,-26.5244883063871,-20.1026798173649));
#7849=CARTESIAN_POINT('Ctrl Pts',(37.3569346727543,-25.6153684587912,-20.2093140922279));
#7850=CARTESIAN_POINT('Ctrl Pts',(37.7501955904764,-23.7706131512813,-20.3832093931946));
#7851=CARTESIAN_POINT('Ctrl Pts',(38.3433660892984,-19.0949655279727,-20.2377396128183));
#7852=CARTESIAN_POINT('Ctrl Pts',(37.3368193207799,-10.2942199378058,-16.8800657400984));
#7853=CARTESIAN_POINT('Ctrl Pts',(35.9729138436298,-4.61076551051208,-12.8256618380717));
#7854=CARTESIAN_POINT('Ctrl Pts',(35.9706881698219,1.38664805021669,-15.0264314045446));
#7855=CARTESIAN_POINT('Ctrl Pts',(36.0316180510197,4.66725479871483,-15.9242505441554));
#7856=CARTESIAN_POINT('Ctrl Pts',(36.0696293104896,6.52161786895297,-16.2564801738014));
#7857=CARTESIAN_POINT('Ctrl Pts',(36.0854542584679,7.21028747935414,-16.3385713009653));
#7858=CARTESIAN_POINT('Ctrl Pts',(36.1234132107343,8.72872387413341,-16.4454493898573));
#7859=CARTESIAN_POINT('Ctrl Pts',(36.1455472150225,9.55849065851149,-16.4702363515852));
#7860=CARTESIAN_POINT('Ctrl Pts',(36.1645216698882,10.2866590123097,-16.4151867710698));
#7861=CARTESIAN_POINT('Ctrl Pts',(56.9887904081222,-40.0802292848804,-21.8861847543526));
#7862=CARTESIAN_POINT('Ctrl Pts',(56.9150454628795,-39.8786912620219,-22.4893509408586));
#7863=CARTESIAN_POINT('Ctrl Pts',(56.7923856731283,-39.6902104060703,-22.9929601012226));
#7864=CARTESIAN_POINT('Ctrl Pts',(56.4599541514039,-39.3309266551219,-23.8262031854837));
#7865=CARTESIAN_POINT('Ctrl Pts',(56.2501824194308,-39.1601237601251,-24.1558371093808));
#7866=CARTESIAN_POINT('Ctrl Pts',(55.5062759303715,-38.661577457278,-24.9214842500971));
#7867=CARTESIAN_POINT('Ctrl Pts',(53.5600977796931,-37.7199343801573,-25.5597600076297));
#7868=CARTESIAN_POINT('Ctrl Pts',(48.6677064734769,-35.9215945229428,-23.6667892663667));
#7869=CARTESIAN_POINT('Ctrl Pts',(43.2918065810506,-32.4681887033601,-21.8536774951681));
#7870=CARTESIAN_POINT('Ctrl Pts',(40.326138834129,-30.4123388072903,-20.934379862058));
#7871=CARTESIAN_POINT('Ctrl Pts',(38.9264045797846,-29.4505272317641,-20.5138786915277));
#7872=CARTESIAN_POINT('Ctrl Pts',(38.4736764315226,-29.1409422686736,-20.3802362423551));
#7873=CARTESIAN_POINT('Ctrl Pts',(37.602551272653,-28.5543792066445,-20.1278426828664));
#7874=CARTESIAN_POINT('Ctrl Pts',(37.1841542620454,-28.2774011077061,-20.0090915725504));
#7875=CARTESIAN_POINT('Ctrl Pts',(36.786238452573,-28.0220109775017,-19.8987071934202));
#7876=CARTESIAN_POINT('Ctrl Pts',(-35.7087331657366,10.2866590123097,-16.4151867710698));
#7877=CARTESIAN_POINT('Ctrl Pts',(-36.3297160172946,9.81300047215125,-16.368988994589));
#7878=CARTESIAN_POINT('Ctrl Pts',(-37.1703772919871,9.2833462946999,-16.2789291048123));
#7879=CARTESIAN_POINT('Ctrl Pts',(-38.8119274306269,8.30550726982786,-16.0908875521347));
#7880=CARTESIAN_POINT('Ctrl Pts',(-39.6128162945743,7.85732242240716,-15.9929058892338));
#7881=CARTESIAN_POINT('Ctrl Pts',(-41.9558242702987,6.63497187519107,-15.687078240845));
#7882=CARTESIAN_POINT('Ctrl Pts',(-46.6585917734183,4.42027646089119,-15.0382544628844));
#7883=CARTESIAN_POINT('Ctrl Pts',(-54.1303886435375,1.48946429397686,-14.0629742853155));
#7884=CARTESIAN_POINT('Ctrl Pts',(-58.7156095160807,0.424084365494656,-13.7460436254926));
#7885=CARTESIAN_POINT('Ctrl Pts',(-60.459922348117,0.0592936312131483,-12.3430052825684));
#7886=CARTESIAN_POINT('Ctrl Pts',(-61.1886204411718,-0.124446139166857,
-11.3135780174331));
#7887=CARTESIAN_POINT('Ctrl Pts',(-61.4076100850296,-0.185916796500068,
-10.9157842467758));
#7888=CARTESIAN_POINT('Ctrl Pts',(-61.8018274249159,-0.31715356897522,-9.98993376826448));
#7889=CARTESIAN_POINT('Ctrl Pts',(-61.9770551209444,-0.386919684117163,
-9.46187706041039));
#7890=CARTESIAN_POINT('Ctrl Pts',(-62.1324305896377,-0.464757189861295,
-8.858208764305));
#7891=CARTESIAN_POINT('Ctrl Pts',(-35.6897587108709,9.55849065851149,-16.4702363515852));
#7892=CARTESIAN_POINT('Ctrl Pts',(-36.3232590910976,9.10945490067435,-16.3984816009733));
#7893=CARTESIAN_POINT('Ctrl Pts',(-37.1096265860327,8.59136726114423,-16.3088051716404));
#7894=CARTESIAN_POINT('Ctrl Pts',(-38.6589928454913,7.72340496092824,-16.1192102208503));
#7895=CARTESIAN_POINT('Ctrl Pts',(-39.4407472735967,7.29758490595484,-16.0204199368468));
#7896=CARTESIAN_POINT('Ctrl Pts',(-41.8048502527859,6.09426823131929,-15.7039507939724));
#7897=CARTESIAN_POINT('Ctrl Pts',(-46.5420102145948,3.8932772507678,-15.0429841426414));
#7898=CARTESIAN_POINT('Ctrl Pts',(-54.0765386185077,0.967683250120133,-14.0654299243219));
#7899=CARTESIAN_POINT('Ctrl Pts',(-58.7385063126581,-0.104698964485847,
-13.7826642378198));
#7900=CARTESIAN_POINT('Ctrl Pts',(-60.5230823805137,-0.484397561168185,
-12.4029556243479));
#7901=CARTESIAN_POINT('Ctrl Pts',(-61.2699403038989,-0.677809618465605,
-11.3845344472762));
#7902=CARTESIAN_POINT('Ctrl Pts',(-61.4946545932702,-0.742874097390786,
-10.9902995765296));
#7903=CARTESIAN_POINT('Ctrl Pts',(-61.8994960208703,-0.882110288388198,
-10.07115887769));
#7904=CARTESIAN_POINT('Ctrl Pts',(-62.079623159099,-0.956282000460429,-9.54625304959699));
#7905=CARTESIAN_POINT('Ctrl Pts',(-62.2394014979423,-1.03896715252033,-8.94543740921341));
#7906=CARTESIAN_POINT('Ctrl Pts',(-35.6676247065827,8.7287238741334,-16.4454493898573));
#7907=CARTESIAN_POINT('Ctrl Pts',(-36.334951614057,8.32806852571973,-16.3649705802608));
#7908=CARTESIAN_POINT('Ctrl Pts',(-37.0524928733961,7.91843584720267,-16.2861995213477));
#7909=CARTESIAN_POINT('Ctrl Pts',(-38.5482105958056,7.11893902965158,-16.1007247944046));
#7910=CARTESIAN_POINT('Ctrl Pts',(-39.3261245245437,6.71754996506818,-15.9987082319313));
#7911=CARTESIAN_POINT('Ctrl Pts',(-41.6739045539194,5.5513845277003,-15.6838062446595));
#7912=CARTESIAN_POINT('Ctrl Pts',(-46.4256175853164,3.37106067849385,-15.0185930707082));
#7913=CARTESIAN_POINT('Ctrl Pts',(-54.0100634758571,0.449133134899753,-14.0486564742518));
#7914=CARTESIAN_POINT('Ctrl Pts',(-58.7507024990695,-0.628686582098791,
-13.8141191387965));
#7915=CARTESIAN_POINT('Ctrl Pts',(-60.5789066211624,-1.02266843359727,-12.4651906244351));
#7916=CARTESIAN_POINT('Ctrl Pts',(-61.345606616775,-1.22563590816869,-11.4610973666949));
#7917=CARTESIAN_POINT('Ctrl Pts',(-61.5766062710735,-1.29428782449619,-11.0714614473549));
#7918=CARTESIAN_POINT('Ctrl Pts',(-61.9931317495046,-1.44159965319285,-10.1609363893141));
#7919=CARTESIAN_POINT('Ctrl Pts',(-62.1786575736372,-1.52025956556201,-9.64004725061343));
#7920=CARTESIAN_POINT('Ctrl Pts',(-62.3432765785095,-1.60793138250246,-9.04284305931198));
#7921=CARTESIAN_POINT('Ctrl Pts',(-35.6296657543163,7.21028747935414,-16.3385713009653));
#7922=CARTESIAN_POINT('Ctrl Pts',(-36.262201347165,6.93816671224077,-16.2638760958127));
#7923=CARTESIAN_POINT('Ctrl Pts',(-36.9504420308088,6.60954117434003,-16.1847527092235));
#7924=CARTESIAN_POINT('Ctrl Pts',(-38.3854764644879,5.92020269161806,-16.0010621138028));
#7925=CARTESIAN_POINT('Ctrl Pts',(-39.1414007200279,5.55487110121033,-15.9002593442231));
#7926=CARTESIAN_POINT('Ctrl Pts',(-41.445430048102,4.46885719796584,-15.5885041968537));
#7927=CARTESIAN_POINT('Ctrl Pts',(-46.1985149500667,2.33675286339166,-14.9276065475945));
#7928=CARTESIAN_POINT('Ctrl Pts',(-53.8627796693911,-0.581854375736875,
-13.9904216124103));
#7929=CARTESIAN_POINT('Ctrl Pts',(-58.7627223376479,-1.6692936528043,-13.8740073252748));
#7930=CARTESIAN_POINT('Ctrl Pts',(-60.6827412976593,-2.09115242017632,-12.597637030151));
#7931=CARTESIAN_POINT('Ctrl Pts',(-61.4914261943443,-2.31309940272252,-11.6270425525767));
#7932=CARTESIAN_POINT('Ctrl Pts',(-61.7357670626859,-2.38891799671461,-11.2481095050498));
#7933=CARTESIAN_POINT('Ctrl Pts',(-62.177118358846,-2.55246967298635,-10.357553237291));
#7934=CARTESIAN_POINT('Ctrl Pts',(-62.3741287866646,-2.64020275526599,-9.84593001705914));
#7935=CARTESIAN_POINT('Ctrl Pts',(-62.5490295378469,-2.73801405935649,-9.25701817912428));
#7936=CARTESIAN_POINT('Ctrl Pts',(-35.613840806338,6.52161786895297,-16.2564801738014));
#7937=CARTESIAN_POINT('Ctrl Pts',(-36.2372964517112,6.27395916908818,-16.1863637855289));
#7938=CARTESIAN_POINT('Ctrl Pts',(-36.9139535018945,5.97383667506739,-16.0984327621612));
#7939=CARTESIAN_POINT('Ctrl Pts',(-38.3271411006358,5.320763691839,-15.9180153184789));
#7940=CARTESIAN_POINT('Ctrl Pts',(-39.0729047002991,4.96854126314309,-15.8198389520397));
#7941=CARTESIAN_POINT('Ctrl Pts',(-41.347901241151,3.92921357185037,-15.5133466983607));
#7942=CARTESIAN_POINT('Ctrl Pts',(-46.0878049440953,1.82466162056342,-14.861011096414));
#7943=CARTESIAN_POINT('Ctrl Pts',(-53.7819710055756,-1.09429177115312,-13.948960200639));
#7944=CARTESIAN_POINT('Ctrl Pts',(-58.7625459898149,-2.18591310589686,-13.9024406107764));
#7945=CARTESIAN_POINT('Ctrl Pts',(-60.7307517335076,-2.62136553432628,-12.6678484357796));
#7946=CARTESIAN_POINT('Ctrl Pts',(-61.5615794590377,-2.85273660757326,-11.7164248190397));
#7947=CARTESIAN_POINT('Ctrl Pts',(-61.8129761764951,-2.93213444182763,-11.3435956919195));
#7948=CARTESIAN_POINT('Ctrl Pts',(-62.2674692395531,-3.1038503279752,-10.4643925736439));
#7949=CARTESIAN_POINT('Ctrl Pts',(-62.4705655851537,-3.1961683798684,-9.95801858248841));
#7950=CARTESIAN_POINT('Ctrl Pts',(-62.6509074166171,-3.29913250622838,-9.37378764883799));
#7951=CARTESIAN_POINT('Ctrl Pts',(-35.5758295468681,4.66725479871483,-15.9242505441554));
#7952=CARTESIAN_POINT('Ctrl Pts',(-36.1757597953467,4.42647868752409,-15.8570797101594));
#7953=CARTESIAN_POINT('Ctrl Pts',(-36.8208372538143,4.15795099547693,-15.779487883243));
#7954=CARTESIAN_POINT('Ctrl Pts',(-38.1784446914312,3.58295855131922,-15.6103900746799));
#7955=CARTESIAN_POINT('Ctrl Pts',(-38.8909746705805,3.27649379920868,-15.5188840930331));
#7956=CARTESIAN_POINT('Ctrl Pts',(-41.0954805401059,2.32654310525615,-15.2338866626626));
#7957=CARTESIAN_POINT('Ctrl Pts',(-45.7721560074672,0.30441596686745,-14.6219738602012));
#7958=CARTESIAN_POINT('Ctrl Pts',(-53.5344198034968,-2.62295858389849,-13.8081993474511));
#7959=CARTESIAN_POINT('Ctrl Pts',(-58.7570011740808,-3.72805410871609,-13.9941727549073));
#7960=CARTESIAN_POINT('Ctrl Pts',(-60.8733490018954,-4.20409256179549,-12.8955578943668));
#7961=CARTESIAN_POINT('Ctrl Pts',(-61.7724607581229,-4.46369253635547,-12.0062101908353));
#7962=CARTESIAN_POINT('Ctrl Pts',(-62.0456543172521,-4.5538226525455,-11.6530875774479));
#7963=CARTESIAN_POINT('Ctrl Pts',(-62.5407659398522,-4.75006822731936,-10.8104388502928));
#7964=CARTESIAN_POINT('Ctrl Pts',(-62.7626840033232,-4.85618368590318,-10.3209127365251));
#7965=CARTESIAN_POINT('Ctrl Pts',(-62.959836930749,-4.97468769554406,-9.7516565012541));
#7966=CARTESIAN_POINT('Ctrl Pts',(-35.5148996656703,1.38664805021669,-15.0264314045446));
#7967=CARTESIAN_POINT('Ctrl Pts',(-36.0878574025569,1.14830253184044,-14.9676168054664));
#7968=CARTESIAN_POINT('Ctrl Pts',(-36.7000021123045,0.891090909205755,-14.9016579744815));
#7969=CARTESIAN_POINT('Ctrl Pts',(-37.9862906024298,0.349395705549322,-14.761200155774));
#7970=CARTESIAN_POINT('Ctrl Pts',(-38.6604343828075,0.0649121245275743,
-14.6867011680512));
#7971=CARTESIAN_POINT('Ctrl Pts',(-40.7513020172474,-0.813756180923564,
-14.4590164303894));
#7972=CARTESIAN_POINT('Ctrl Pts',(-45.2067824593545,-2.67196304136942,-13.9868958570909));
#7973=CARTESIAN_POINT('Ctrl Pts',(-53.0188165568097,-5.64571071537576,-13.4611711695793));
#7974=CARTESIAN_POINT('Ctrl Pts',(-58.7258484536726,-6.78146668852071,-14.2033661936738));
#7975=CARTESIAN_POINT('Ctrl Pts',(-61.1528073820432,-7.33789735681129,-13.4192777783464));
#7976=CARTESIAN_POINT('Ctrl Pts',(-62.195909376314,-7.65378165083979,-12.6723352240515));
#7977=CARTESIAN_POINT('Ctrl Pts',(-62.5152137960851,-7.76535457549649,-12.3642046481814));
#7978=CARTESIAN_POINT('Ctrl Pts',(-63.0963355731632,-8.01080776351806,-11.6046444739528));
#7979=CARTESIAN_POINT('Ctrl Pts',(-63.3581529304701,-8.14468802688292,-11.1532148755943));
#7980=CARTESIAN_POINT('Ctrl Pts',(-63.5908794702984,-8.29459746897543,-10.6176359791861));
#7981=CARTESIAN_POINT('Ctrl Pts',(-35.5171253394782,-4.61076551051208,-12.8256618380717));
#7982=CARTESIAN_POINT('Ctrl Pts',(-36.0644035880682,-4.87281068238406,-12.810352157259));
#7983=CARTESIAN_POINT('Ctrl Pts',(-36.6476588734822,-5.1565027713456,-12.7947895101696));
#7984=CARTESIAN_POINT('Ctrl Pts',(-37.8736520523989,-5.75559926817808,-12.7680326803237));
#7985=CARTESIAN_POINT('Ctrl Pts',(-38.5163899459016,-6.07100367604902,-12.7568384975672));
#7986=CARTESIAN_POINT('Ctrl Pts',(-40.5151203402037,-7.04741310512144,-12.7371202411263));
#7987=CARTESIAN_POINT('Ctrl Pts',(-44.7946479839844,-9.12101678510462,-12.7531408955592));
#7988=CARTESIAN_POINT('Ctrl Pts',(-52.5892403992756,-12.4860561114203,-13.3495916360294));
#7989=CARTESIAN_POINT('Ctrl Pts',(-59.2711267815096,-13.8767639185994,-15.485612077965));
#7990=CARTESIAN_POINT('Ctrl Pts',(-62.3407772497703,-14.6623257822533,-15.4055930783958));
#7991=CARTESIAN_POINT('Ctrl Pts',(-63.6824586198703,-15.1169284408843,-14.9674418986237));
#7992=CARTESIAN_POINT('Ctrl Pts',(-64.0974950992319,-15.2787662815621,-14.7550345587017));
#7993=CARTESIAN_POINT('Ctrl Pts',(-64.8570928304145,-15.6347101268933,-14.1689721295509));
#7994=CARTESIAN_POINT('Ctrl Pts',(-65.2016540822355,-15.8288161315469,-13.7953170403221));
#7995=CARTESIAN_POINT('Ctrl Pts',(-65.5079307505207,-16.0448866790422,-13.3267711484511));
#7996=CARTESIAN_POINT('Ctrl Pts',(-36.8810308166283,-10.2942199378058,-16.8800657400984));
#7997=CARTESIAN_POINT('Ctrl Pts',(-37.598797249862,-10.6510379420214,-16.9874969142091));
#7998=CARTESIAN_POINT('Ctrl Pts',(-38.3738517430003,-11.0403115024789,-17.118321448033));
#7999=CARTESIAN_POINT('Ctrl Pts',(-40.0137215037806,-11.8694348258012,-17.4174810553651));
#8000=CARTESIAN_POINT('Ctrl Pts',(-40.8785367714227,-12.309284588666,-17.5858161288733));
#8001=CARTESIAN_POINT('Ctrl Pts',(-43.5704007181472,-13.6831958157565,-18.1331728893114));
#8002=CARTESIAN_POINT('Ctrl Pts',(-49.3438011867888,-16.648466023922,-19.3972925698412));
#8003=CARTESIAN_POINT('Ctrl Pts',(-59.4255774588511,-21.8177272028589,-21.7946187178034));
#8004=CARTESIAN_POINT('Ctrl Pts',(-66.149488025648,-24.996261656648,-23.0950361253669));
#8005=CARTESIAN_POINT('Ctrl Pts',(-68.860754589198,-26.496484533262,-22.0623097270894));
#8006=CARTESIAN_POINT('Ctrl Pts',(-70.0115378907884,-27.2195237748473,-21.1338363950116));
#8007=CARTESIAN_POINT('Ctrl Pts',(-70.3609906612878,-27.4560248225887,-20.7556602621626));
#8008=CARTESIAN_POINT('Ctrl Pts',(-70.9942234282089,-27.9267935362568,-19.8436133978509));
#8009=CARTESIAN_POINT('Ctrl Pts',(-71.2780034246306,-28.1610612021834,-19.3097426663884));
#8010=CARTESIAN_POINT('Ctrl Pts',(-71.5302523103388,-28.3976075190822,-18.6888623584688));
#8011=CARTESIAN_POINT('Ctrl Pts',(-37.8875775851468,-19.0949655279727,-20.2377396128183));
#8012=CARTESIAN_POINT('Ctrl Pts',(-38.4821016802459,-19.4729509138359,-20.2952374836754));
#8013=CARTESIAN_POINT('Ctrl Pts',(-39.1029422502201,-19.8790862627656,-20.3535891380474));
#8014=CARTESIAN_POINT('Ctrl Pts',(-40.3873891902663,-20.7353194346465,-20.4725349794858));
#8015=CARTESIAN_POINT('Ctrl Pts',(-41.0509955603383,-21.1854172575976,-20.5331291665523));
#8016=CARTESIAN_POINT('Ctrl Pts',(-43.0911626462222,-22.5831482593152,-20.7190779752908));
#8017=CARTESIAN_POINT('Ctrl Pts',(-47.3688887206617,-25.5683603942078,-21.1076405829237));
#8018=CARTESIAN_POINT('Ctrl Pts',(-54.8933627122668,-30.7522174829412,-21.8706678196468));
#8019=CARTESIAN_POINT('Ctrl Pts',(-61.365666805076,-34.2400869412256,-22.8731867502965));
#8020=CARTESIAN_POINT('Ctrl Pts',(-64.0291333718469,-35.9888664486096,-21.9513726266153));
#8021=CARTESIAN_POINT('Ctrl Pts',(-65.0953440542085,-36.8408701965468,-21.1006532557346));
#8022=CARTESIAN_POINT('Ctrl Pts',(-65.4064938481584,-37.1211404449001,-20.7521114139344));
#8023=CARTESIAN_POINT('Ctrl Pts',(-65.9299186880162,-37.6800418878288,-19.9024361725382));
#8024=CARTESIAN_POINT('Ctrl Pts',(-66.142193733924,-37.9586730824043,-19.4013027729422));
#8025=CARTESIAN_POINT('Ctrl Pts',(-66.2998477986272,-38.2393962241611,-18.8125465337237));
#8026=CARTESIAN_POINT('Ctrl Pts',(-37.2944070863248,-23.7706131512813,-20.3832093931946));
#8027=CARTESIAN_POINT('Ctrl Pts',(-37.7921313518755,-24.0968152586879,-20.4594759473865));
#8028=CARTESIAN_POINT('Ctrl Pts',(-38.3109091463499,-24.4479197172377,-20.537910986782));
#8029=CARTESIAN_POINT('Ctrl Pts',(-39.3834283103171,-25.1885443278073,-20.6994715003517));
#8030=CARTESIAN_POINT('Ctrl Pts',(-39.9371696798099,-25.578064479827,-20.7825969745259));
#8031=CARTESIAN_POINT('Ctrl Pts',(-41.6401239265717,-26.7871649628657,-21.0395392457746));
#8032=CARTESIAN_POINT('Ctrl Pts',(-45.2129529732293,-29.3675260368619,-21.5836871831753));
#8033=CARTESIAN_POINT('Ctrl Pts',(-51.5736618469039,-33.7955878374491,-22.663125248998));
#8034=CARTESIAN_POINT('Ctrl Pts',(-57.3327385291047,-36.5713549081589,-24.0291507300611));
#8035=CARTESIAN_POINT('Ctrl Pts',(-59.6782089141168,-37.9887609324949,-23.2410894655971));
#8036=CARTESIAN_POINT('Ctrl Pts',(-60.5960114077262,-38.6974114425111,-22.4343926670181));
#8037=CARTESIAN_POINT('Ctrl Pts',(-60.8594567891132,-38.9336195288244,-22.0967160397673));
#8038=CARTESIAN_POINT('Ctrl Pts',(-61.2897138586695,-39.412899845322,-21.2596873841228));
#8039=CARTESIAN_POINT('Ctrl Pts',(-61.4565255468389,-39.6559720755063,-20.7603353557291));
#8040=CARTESIAN_POINT('Ctrl Pts',(-61.5691923249401,-39.9059171999202,-20.1680856205836));
#8041=CARTESIAN_POINT('Ctrl Pts',(-36.9011461686027,-25.6153684587912,-20.2093140922279));
#8042=CARTESIAN_POINT('Ctrl Pts',(-37.3562565579697,-25.9122419705439,-20.2993802959503));
#8043=CARTESIAN_POINT('Ctrl Pts',(-37.8319239098065,-26.2326009608263,-20.3940097575673));
#8044=CARTESIAN_POINT('Ctrl Pts',(-38.8175670481436,-26.9092591749086,-20.5919155922208));
#8045=CARTESIAN_POINT('Ctrl Pts',(-39.3275428346438,-27.2655583987085,-20.6951919652573));
#8046=CARTESIAN_POINT('Ctrl Pts',(-40.8987246107247,-28.3718203350723,-21.0172720449425));
#8047=CARTESIAN_POINT('Ctrl Pts',(-44.2061058292073,-30.7338012676552,-21.7104360466147));
#8048=CARTESIAN_POINT('Ctrl Pts',(-50.1351667750246,-34.7558780420721,-23.0819523320837));
#8049=CARTESIAN_POINT('Ctrl Pts',(-55.5310278299486,-37.1269615655296,-24.6650558509225));
#8050=CARTESIAN_POINT('Ctrl Pts',(-57.7097281173486,-38.3482043337824,-23.9403294833015));
#8051=CARTESIAN_POINT('Ctrl Pts',(-58.5543691705685,-38.9703861283644,-23.1513846585086));
#8052=CARTESIAN_POINT('Ctrl Pts',(-58.7951313398951,-39.1797067949676,-22.8173061100806));
#8053=CARTESIAN_POINT('Ctrl Pts',(-59.1837126984626,-39.6097229818969,-21.9823745393701));
#8054=CARTESIAN_POINT('Ctrl Pts',(-59.3315318877034,-39.830418502223,-21.4815215170876));
#8055=CARTESIAN_POINT('Ctrl Pts',(-59.4271929452719,-40.060562141196,-20.8849909611145));
#8056=CARTESIAN_POINT('Ctrl Pts',(-36.6929286272703,-26.5244883063871,-20.1026798173649));
#8057=CARTESIAN_POINT('Ctrl Pts',(-37.1266380589664,-26.8061028734771,-20.2001255065277));
#8058=CARTESIAN_POINT('Ctrl Pts',(-37.580802751723,-27.1104923962123,-20.3034844506896));
#8059=CARTESIAN_POINT('Ctrl Pts',(-38.5233370575882,-27.7539657562001,-20.5210697700658));
#8060=CARTESIAN_POINT('Ctrl Pts',(-39.0117066706968,-28.0930495934527,-20.6352961452801));
#8061=CARTESIAN_POINT('Ctrl Pts',(-40.5180644878967,-29.1460591818278,-20.9928377990827));
#8062=CARTESIAN_POINT('Ctrl Pts',(-43.6957760337932,-31.395110665047,-21.7673712193263));
#8063=CARTESIAN_POINT('Ctrl Pts',(-49.4146053949533,-35.2073555297269,-23.297966079502));
#8064=CARTESIAN_POINT('Ctrl Pts',(-54.6240630748207,-37.3678058787483,-24.9947160769095));
#8065=CARTESIAN_POINT('Ctrl Pts',(-56.7168378117717,-38.4864548482042,-24.3021581779511));
#8066=CARTESIAN_POINT('Ctrl Pts',(-57.5241016505532,-39.0633163172801,-23.5219964364751));
#8067=CARTESIAN_POINT('Ctrl Pts',(-57.7533640341657,-39.2586648073529,-23.189595072093));
#8068=CARTESIAN_POINT('Ctrl Pts',(-58.1210186996261,-39.6630642030046,-22.3553678333693));
#8069=CARTESIAN_POINT('Ctrl Pts',(-58.2592685146226,-39.8714193115747,-21.8537110159189));
#8070=CARTESIAN_POINT('Ctrl Pts',(-58.3466162573542,-40.0911112989455,-21.2548080821746));
#8071=CARTESIAN_POINT('Ctrl Pts',(-36.6215915997477,-26.8253186212259,-20.0638539550139));
#8072=CARTESIAN_POINT('Ctrl Pts',(-37.0481517089569,-27.1017477656224,-20.1638394161027));
#8073=CARTESIAN_POINT('Ctrl Pts',(-37.4951576090599,-27.4007146769396,-20.270213566352));
#8074=CARTESIAN_POINT('Ctrl Pts',(-38.4233771674916,-28.0329261429207,-20.4946098513326));
#8075=CARTESIAN_POINT('Ctrl Pts',(-38.9045908258204,-28.3661706975847,-20.6126319860639));
#8076=CARTESIAN_POINT('Ctrl Pts',(-40.3895177028033,-29.4011239908551,-20.9824762762221));
#8077=CARTESIAN_POINT('Ctrl Pts',(-43.5245150647547,-31.6119090945101,-21.7852764003955));
#8078=CARTESIAN_POINT('Ctrl Pts',(-49.1741992942408,-35.3530700898358,-23.3710706962874));
#8079=CARTESIAN_POINT('Ctrl Pts',(-54.3207232555199,-37.4419274805768,-25.1065540964979));
#8080=CARTESIAN_POINT('Ctrl Pts',(-56.3844327253806,-38.5256264886412,-24.4248025238006));
#8081=CARTESIAN_POINT('Ctrl Pts',(-57.1791331026096,-39.0871720242397,-23.6475193409435));
#8082=CARTESIAN_POINT('Ctrl Pts',(-57.4045075020691,-39.2776365413669,-23.3156903805731));
#8083=CARTESIAN_POINT('Ctrl Pts',(-57.7651717968918,-39.6733328855105,-22.4816405507649));
#8084=CARTESIAN_POINT('Ctrl Pts',(-57.9006276795772,-39.8793753816833,-21.9792227141001));
#8085=CARTESIAN_POINT('Ctrl Pts',(-57.985235908268,-40.0954916670399,-21.3794903265392));
#8086=CARTESIAN_POINT('Ctrl Pts',(-36.4769863642905,-27.4247696165437,-19.9829211262487));
#8087=CARTESIAN_POINT('Ctrl Pts',(-36.8892321585962,-27.6907288077472,-20.0880660746352));
#8088=CARTESIAN_POINT('Ctrl Pts',(-37.3219292337649,-27.9787510406594,-20.2005760156317));
#8089=CARTESIAN_POINT('Ctrl Pts',(-38.2215741607204,-28.5882384426521,-20.4388453691846));
#8090=CARTESIAN_POINT('Ctrl Pts',(-38.6885220125071,-28.9097036117325,-20.5646047817411));
#8091=CARTESIAN_POINT('Ctrl Pts',(-40.1307640551324,-29.9082388023517,-20.9595364562604));
#8092=CARTESIAN_POINT('Ctrl Pts',(-43.1808420894438,-32.0418679171022,-21.8200135526992));
#8093=CARTESIAN_POINT('Ctrl Pts',(-48.6931681187941,-35.6397212742773,-23.5183799641707));
#8094=CARTESIAN_POINT('Ctrl Pts',(-53.7130253826599,-37.5840108483226,-25.3321814132674));
#8095=CARTESIAN_POINT('Ctrl Pts',(-55.7181809013997,-38.5970579051447,-24.6721259964657));
#8096=CARTESIAN_POINT('Ctrl Pts',(-56.4875662773757,-39.1273536894382,-23.9006501026596));
#8097=CARTESIAN_POINT('Ctrl Pts',(-56.7051626721355,-39.3080809935164,-23.5699167738233));
#8098=CARTESIAN_POINT('Ctrl Pts',(-57.0517694149727,-39.6859042886998,-22.7362379703943));
#8099=CARTESIAN_POINT('Ctrl Pts',(-57.180938179021,-39.8837739710701,-22.2331045130446));
#8100=CARTESIAN_POINT('Ctrl Pts',(-57.2600989705353,-40.0926470342511,-21.6316745566243));
#8101=CARTESIAN_POINT('Ctrl Pts',(-36.4037181563559,-27.7233902970227,-19.9408141598344));
#8102=CARTESIAN_POINT('Ctrl Pts',(-36.808798958245,-27.9840649577266,-20.0485788235928));
#8103=CARTESIAN_POINT('Ctrl Pts',(-37.2343460011332,-28.266565123652,-20.1642093492491));
#8104=CARTESIAN_POINT('Ctrl Pts',(-38.1197310440457,-28.8645903556628,-20.4095408057698));
#8105=CARTESIAN_POINT('Ctrl Pts',(-38.5795690440701,-29.1801154217483,-20.5392417366344));
#8106=CARTESIAN_POINT('Ctrl Pts',(-40.0005571925549,-30.160288804821,-20.9469581591592));
#8107=CARTESIAN_POINT('Ctrl Pts',(-43.0084300831714,-32.2550283102311,-21.8368455239337));
#8108=CARTESIAN_POINT('Ctrl Pts',(-48.4525430440597,-35.78065789861,-23.5925846152687));
#8109=CARTESIAN_POINT('Ctrl Pts',(-53.4086673291007,-37.6519726142399,-25.4459707104485));
#8110=CARTESIAN_POINT('Ctrl Pts',(-55.3843341638098,-38.6293176812113,-24.7968051232814));
#8111=CARTESIAN_POINT('Ctrl Pts',(-56.1409652224298,-39.1436660818235,-24.0282612559849));
#8112=CARTESIAN_POINT('Ctrl Pts',(-56.3546418488474,-39.319394859882,-23.6980864546006));
#8113=CARTESIAN_POINT('Ctrl Pts',(-56.6941163594351,-39.6877304540734,-22.8646784606498));
#8114=CARTESIAN_POINT('Ctrl Pts',(-56.8198895135102,-39.8802164903482,-22.3614746138079));
#8115=CARTESIAN_POINT('Ctrl Pts',(-56.8963423818887,-40.085422033368,-21.7591765423447));
#8116=CARTESIAN_POINT('Ctrl Pts',(-36.3304499484214,-28.0220109775017,-19.8987071934202));
#8117=CARTESIAN_POINT('Ctrl Pts',(-36.7283657578938,-28.2774011077061,-20.0090915725504));
#8118=CARTESIAN_POINT('Ctrl Pts',(-37.1467627685014,-28.5543792066445,-20.1278426828664));
#8119=CARTESIAN_POINT('Ctrl Pts',(-38.017887927371,-29.1409422686735,-20.3802362423551));
#8120=CARTESIAN_POINT('Ctrl Pts',(-38.470616075633,-29.4505272317641,-20.5138786915277));
#8121=CARTESIAN_POINT('Ctrl Pts',(-39.8703503299774,-30.4123388072903,-20.934379862058));
#8122=CARTESIAN_POINT('Ctrl Pts',(-42.836018076899,-32.4681887033601,-21.8536774951681));
#8123=CARTESIAN_POINT('Ctrl Pts',(-48.2119179693254,-35.9215945229428,-23.6667892663667));
#8124=CARTESIAN_POINT('Ctrl Pts',(-53.1043092755415,-37.7199343801573,-25.5597600076297));
#8125=CARTESIAN_POINT('Ctrl Pts',(-55.0504874262199,-38.661577457278,-24.9214842500971));
#8126=CARTESIAN_POINT('Ctrl Pts',(-55.7943939152792,-39.1601237601251,-24.1558371093808));
#8127=CARTESIAN_POINT('Ctrl Pts',(-56.0041656472523,-39.3309266551219,-23.8262031854837));
#8128=CARTESIAN_POINT('Ctrl Pts',(-56.3365971689767,-39.6902104060703,-22.9929601012226));
#8129=CARTESIAN_POINT('Ctrl Pts',(-56.4592569587279,-39.8786912620219,-22.4893509408586));
#8130=CARTESIAN_POINT('Ctrl Pts',(-56.5330019039706,-40.0802292848804,-21.8861847543526));
#8131=CARTESIAN_POINT('',(-36.3304499484214,-28.0220109775017,-19.8987071934202));
#8132=CARTESIAN_POINT('Ctrl Pts',(-35.7087331657366,10.2866590123097,-16.4151867710698));
#8133=CARTESIAN_POINT('Ctrl Pts',(-35.6897587108709,9.55849065851149,-16.4702363515852));
#8134=CARTESIAN_POINT('Ctrl Pts',(-35.6676247065827,8.7287238741334,-16.4454493898573));
#8135=CARTESIAN_POINT('Ctrl Pts',(-35.6296657543163,7.21028747935414,-16.3385713009653));
#8136=CARTESIAN_POINT('Ctrl Pts',(-35.613840806338,6.52161786895297,-16.2564801738014));
#8137=CARTESIAN_POINT('Ctrl Pts',(-35.5758295468681,4.66725479871483,-15.9242505441554));
#8138=CARTESIAN_POINT('Ctrl Pts',(-35.5148996656703,1.38664805021669,-15.0264314045446));
#8139=CARTESIAN_POINT('Ctrl Pts',(-35.5171253394782,-4.61076551051208,-12.8256618380717));
#8140=CARTESIAN_POINT('Ctrl Pts',(-36.8810308166283,-10.2942199378058,-16.8800657400984));
#8141=CARTESIAN_POINT('Ctrl Pts',(-37.8875775851468,-19.0949655279727,-20.2377396128183));
#8142=CARTESIAN_POINT('Ctrl Pts',(-37.2944070863248,-23.7706131512813,-20.3832093931946));
#8143=CARTESIAN_POINT('Ctrl Pts',(-36.9011461686027,-25.6153684587912,-20.2093140922279));
#8144=CARTESIAN_POINT('Ctrl Pts',(-36.6929286272703,-26.5244883063871,-20.1026798173649));
#8145=CARTESIAN_POINT('Ctrl Pts',(-36.6215915997477,-26.8253186212259,-20.0638539550139));
#8146=CARTESIAN_POINT('Ctrl Pts',(-36.4769863642905,-27.4247696165437,-19.9829211262487));
#8147=CARTESIAN_POINT('Ctrl Pts',(-36.4037181563559,-27.7233902970227,-19.9408141598344));
#8148=CARTESIAN_POINT('Ctrl Pts',(-36.3304499484214,-28.0220109775017,-19.8987071934202));
#8149=CARTESIAN_POINT('',(-56.5330019039706,-40.0802292848804,-21.8861847543526));
#8150=CARTESIAN_POINT('Ctrl Pts',(-56.5330019039706,-40.0802292848804,-21.8861847543526));
#8151=CARTESIAN_POINT('Ctrl Pts',(-56.8963423818887,-40.085422033368,-21.7591765423447));
#8152=CARTESIAN_POINT('Ctrl Pts',(-57.2600989705353,-40.0926470342511,-21.6316745566243));
#8153=CARTESIAN_POINT('Ctrl Pts',(-57.985235908268,-40.0954916670399,-21.3794903265392));
#8154=CARTESIAN_POINT('Ctrl Pts',(-58.3466162573542,-40.0911112989455,-21.2548080821746));
#8155=CARTESIAN_POINT('Ctrl Pts',(-59.4271929452719,-40.060562141196,-20.8849909611145));
#8156=CARTESIAN_POINT('Ctrl Pts',(-61.5691923249401,-39.9059171999202,-20.1680856205836));
#8157=CARTESIAN_POINT('Ctrl Pts',(-66.2998477986272,-38.2393962241611,-18.8125465337237));
#8158=CARTESIAN_POINT('Ctrl Pts',(-71.5302523103388,-28.3976075190822,-18.6888623584688));
#8159=CARTESIAN_POINT('Ctrl Pts',(-65.5079307505207,-16.0448866790422,-13.3267711484511));
#8160=CARTESIAN_POINT('Ctrl Pts',(-63.5908794702984,-8.29459746897543,-10.6176359791861));
#8161=CARTESIAN_POINT('Ctrl Pts',(-62.959836930749,-4.97468769554406,-9.7516565012541));
#8162=CARTESIAN_POINT('Ctrl Pts',(-62.6509074166171,-3.29913250622838,-9.37378764883799));
#8163=CARTESIAN_POINT('Ctrl Pts',(-62.5490295378469,-2.73801405935649,-9.25701817912428));
#8164=CARTESIAN_POINT('Ctrl Pts',(-62.3432765785095,-1.60793138250246,-9.04284305931198));
#8165=CARTESIAN_POINT('Ctrl Pts',(-62.2394014979423,-1.03896715252033,-8.94543740921341));
#8166=CARTESIAN_POINT('Ctrl Pts',(-62.1324305896377,-0.464757189861295,
-8.858208764305));
#8167=CARTESIAN_POINT('Ctrl Pts',(-36.3304499484214,-28.0220109775017,-19.8987071934202));
#8168=CARTESIAN_POINT('Ctrl Pts',(-36.7283657578938,-28.2774011077061,-20.0090915725504));
#8169=CARTESIAN_POINT('Ctrl Pts',(-37.1467627685014,-28.5543792066445,-20.1278426828664));
#8170=CARTESIAN_POINT('Ctrl Pts',(-38.017887927371,-29.1409422686735,-20.3802362423551));
#8171=CARTESIAN_POINT('Ctrl Pts',(-38.470616075633,-29.4505272317641,-20.5138786915277));
#8172=CARTESIAN_POINT('Ctrl Pts',(-39.8703503299774,-30.4123388072903,-20.934379862058));
#8173=CARTESIAN_POINT('Ctrl Pts',(-42.836018076899,-32.4681887033601,-21.8536774951681));
#8174=CARTESIAN_POINT('Ctrl Pts',(-48.2119179693254,-35.9215945229428,-23.6667892663667));
#8175=CARTESIAN_POINT('Ctrl Pts',(-53.1043092755415,-37.7199343801573,-25.5597600076297));
#8176=CARTESIAN_POINT('Ctrl Pts',(-55.0504874262199,-38.661577457278,-24.9214842500971));
#8177=CARTESIAN_POINT('Ctrl Pts',(-55.7943939152792,-39.1601237601251,-24.1558371093808));
#8178=CARTESIAN_POINT('Ctrl Pts',(-56.0041656472523,-39.3309266551219,-23.8262031854837));
#8179=CARTESIAN_POINT('Ctrl Pts',(-56.3365971689767,-39.6902104060703,-22.9929601012226));
#8180=CARTESIAN_POINT('Ctrl Pts',(-56.4592569587279,-39.8786912620219,-22.4893509408586));
#8181=CARTESIAN_POINT('Ctrl Pts',(-56.5330019039706,-40.0802292848804,-21.8861847543526));
#8182=CARTESIAN_POINT('Ctrl Pts',(36.1645216698882,10.2866590123097,-16.4151867710698));
#8183=CARTESIAN_POINT('Ctrl Pts',(35.5318119603052,10.3102847602888,-16.4954070593755));
#8184=CARTESIAN_POINT('Ctrl Pts',(34.8731048156337,10.3756796898199,-16.5647976675372));
#8185=CARTESIAN_POINT('Ctrl Pts',(33.7006979448858,10.5125629924739,-16.6741620778335));
#8186=CARTESIAN_POINT('Ctrl Pts',(33.1869982188093,10.5840513655968,-16.7141358799681));
#8187=CARTESIAN_POINT('Ctrl Pts',(31.8634101684723,10.8076566503536,-16.7899320773313));
#8188=CARTESIAN_POINT('Ctrl Pts',(29.6773863797989,11.288637337034,-16.8259177197242));
#8189=CARTESIAN_POINT('Ctrl Pts',(25.8672903172858,12.3667969999785,-16.2516718907791));
#8190=CARTESIAN_POINT('Ctrl Pts',(19.64750291398,13.384871248662,-12.8323118257984));
#8191=CARTESIAN_POINT('Ctrl Pts',(13.527179788712,14.7108261939628,-15.3148815149906));
#8192=CARTESIAN_POINT('Ctrl Pts',(0.227894252075798,14.5115369349759,-14.7568715898275));
#8193=CARTESIAN_POINT('Ctrl Pts',(-13.0713912845604,14.7108261939628,-15.3148815149906));
#8194=CARTESIAN_POINT('Ctrl Pts',(-19.1917144098284,13.384871248662,-12.8323118257984));
#8195=CARTESIAN_POINT('Ctrl Pts',(-25.4115018131342,12.3667969999785,-16.2516718907791));
#8196=CARTESIAN_POINT('Ctrl Pts',(-29.2215978756473,11.288637337034,-16.8259177197242));
#8197=CARTESIAN_POINT('Ctrl Pts',(-31.4076216643207,10.8076566503536,-16.7899320773313));
#8198=CARTESIAN_POINT('Ctrl Pts',(-32.7312097146577,10.5840513655968,-16.7141358799681));
#8199=CARTESIAN_POINT('Ctrl Pts',(-33.2449094407342,10.5125629924739,-16.6741620778335));
#8200=CARTESIAN_POINT('Ctrl Pts',(-34.4173163114821,10.3756796898199,-16.5647976675372));
#8201=CARTESIAN_POINT('Ctrl Pts',(-35.0760234561536,10.3102847602888,-16.4954070593755));
#8202=CARTESIAN_POINT('Ctrl Pts',(-35.7087331657366,10.2866590123097,-16.4151867710698));
#8203=CARTESIAN_POINT('Ctrl Pts',(36.1455472150225,9.55849065851149,-16.4702363515852));
#8204=CARTESIAN_POINT('Ctrl Pts',(35.5016241392659,9.61564005578557,-16.535558591405));
#8205=CARTESIAN_POINT('Ctrl Pts',(34.8794055755996,9.65515794931998,-16.598483413244));
#8206=CARTESIAN_POINT('Ctrl Pts',(33.7586152935046,9.84270568954925,-16.6944857780515));
#8207=CARTESIAN_POINT('Ctrl Pts',(33.2478963150846,9.92662512502948,-16.7327255852408));
#8208=CARTESIAN_POINT('Ctrl Pts',(31.8950466670197,10.1851830602236,-16.8065759151076));
#8209=CARTESIAN_POINT('Ctrl Pts',(29.679467076148,10.6959967532311,-16.8412843749356));
#8210=CARTESIAN_POINT('Ctrl Pts',(25.8675580510714,11.8068842500102,-16.2618022797294));
#8211=CARTESIAN_POINT('Ctrl Pts',(19.6393517545774,13.000761270929,-12.8297651092753));
#8212=CARTESIAN_POINT('Ctrl Pts',(13.521421389983,14.352514479107,-15.2486491933036));
#8213=CARTESIAN_POINT('Ctrl Pts',(0.227894252075797,14.1283140627468,-14.620888027495));
#8214=CARTESIAN_POINT('Ctrl Pts',(-13.0656328858314,14.352514479107,-15.2486491933036));
#8215=CARTESIAN_POINT('Ctrl Pts',(-19.1835632504258,13.000761270929,-12.8297651092753));
#8216=CARTESIAN_POINT('Ctrl Pts',(-25.4117695469198,11.8068842500102,-16.2618022797293));
#8217=CARTESIAN_POINT('Ctrl Pts',(-29.2236785719964,10.6959967532311,-16.8412843749356));
#8218=CARTESIAN_POINT('Ctrl Pts',(-31.4392581628681,10.1851830602236,-16.8065759151076));
#8219=CARTESIAN_POINT('Ctrl Pts',(-32.792107810933,9.92662512502949,-16.7327255852408));
#8220=CARTESIAN_POINT('Ctrl Pts',(-33.302826789353,9.84270568954926,-16.6944857780515));
#8221=CARTESIAN_POINT('Ctrl Pts',(-34.423617071448,9.65515794931999,-16.598483413244));
#8222=CARTESIAN_POINT('Ctrl Pts',(-35.0458356351143,9.61564005578557,-16.535558591405));
#8223=CARTESIAN_POINT('Ctrl Pts',(-35.6897587108709,9.55849065851149,-16.4702363515852));
#8224=CARTESIAN_POINT('Ctrl Pts',(36.1234132107343,8.72872387413341,-16.4454493898573));
#8225=CARTESIAN_POINT('Ctrl Pts',(35.4491364123787,8.85901076659649,-16.5115148875612));
#8226=CARTESIAN_POINT('Ctrl Pts',(34.8657838969702,8.96429565515583,-16.5761126111005));
#8227=CARTESIAN_POINT('Ctrl Pts',(33.7769406523662,9.18577417034487,-16.6710787997903));
#8228=CARTESIAN_POINT('Ctrl Pts',(33.2826199913293,9.2860966596652,-16.7063507240943));
#8229=CARTESIAN_POINT('Ctrl Pts',(31.9210884857658,9.57701702523186,-16.7828630470105));
#8230=CARTESIAN_POINT('Ctrl Pts',(29.6837473848272,10.1186693467878,-16.8186738928599));
#8231=CARTESIAN_POINT('Ctrl Pts',(25.8701647814413,11.2589832433006,-16.2394236268551));
#8232=CARTESIAN_POINT('Ctrl Pts',(19.6340934616006,12.6111993763731,-12.8238000587116));
#8233=CARTESIAN_POINT('Ctrl Pts',(13.518854952764,13.9956815141896,-15.1869592382214));
#8234=CARTESIAN_POINT('Ctrl Pts',(0.227894252075798,13.7434560457844,-14.4807279266868));
#8235=CARTESIAN_POINT('Ctrl Pts',(-13.0630664486124,13.9956815141896,-15.1869592382214));
#8236=CARTESIAN_POINT('Ctrl Pts',(-19.1783049574491,12.6111993763731,-12.8238000587116));
#8237=CARTESIAN_POINT('Ctrl Pts',(-25.4143762772897,11.2589832433006,-16.2394236268551));
#8238=CARTESIAN_POINT('Ctrl Pts',(-29.2279588806755,10.1186693467878,-16.8186738928599));
#8239=CARTESIAN_POINT('Ctrl Pts',(-31.4652999816142,9.57701702523186,-16.7828630470105));
#8240=CARTESIAN_POINT('Ctrl Pts',(-32.8268314871777,9.2860966596652,-16.7063507240943));
#8241=CARTESIAN_POINT('Ctrl Pts',(-33.3211521482146,9.18577417034487,-16.6710787997903));
#8242=CARTESIAN_POINT('Ctrl Pts',(-34.4099953928186,8.96429565515583,-16.5761126111005));
#8243=CARTESIAN_POINT('Ctrl Pts',(-34.9933479082271,8.85901076659649,-16.5115148875612));
#8244=CARTESIAN_POINT('Ctrl Pts',(-35.6676247065827,8.7287238741334,-16.4454493898573));
#8245=CARTESIAN_POINT('Ctrl Pts',(36.0854542584679,7.21028747935414,-16.3385713009653));
#8246=CARTESIAN_POINT('Ctrl Pts',(35.4520485822744,7.43996160184197,-16.4056617208146));
#8247=CARTESIAN_POINT('Ctrl Pts',(34.8759866367118,7.6125083917546,-16.4686540324923));
#8248=CARTESIAN_POINT('Ctrl Pts',(33.8130264329901,7.91128514673629,-16.56091769178));
#8249=CARTESIAN_POINT('Ctrl Pts',(33.3230307465527,8.03779978114931,-16.5960603523187));
#8250=CARTESIAN_POINT('Ctrl Pts',(31.9648694433442,8.39133011951965,-16.6731741835075));
#8251=CARTESIAN_POINT('Ctrl Pts',(29.6958498613412,8.9943365367855,-16.7141452441758));
#8252=CARTESIAN_POINT('Ctrl Pts',(25.8791749282899,10.1876270299479,-16.1445872214037));
#8253=CARTESIAN_POINT('Ctrl Pts',(19.6284051454546,11.8250067845455,-12.8076395176617));
#8254=CARTESIAN_POINT('Ctrl Pts',(13.5189989907597,13.2854848771563,-15.0719955538164));
#8255=CARTESIAN_POINT('Ctrl Pts',(0.227894252075797,12.9733169363215,-14.1979253194788));
#8256=CARTESIAN_POINT('Ctrl Pts',(-13.0632104866081,13.2854848771563,-15.0719955538164));
#8257=CARTESIAN_POINT('Ctrl Pts',(-19.172616641303,11.8250067845455,-12.8076395176617));
#8258=CARTESIAN_POINT('Ctrl Pts',(-25.4233864241383,10.1876270299479,-16.1445872214037));
#8259=CARTESIAN_POINT('Ctrl Pts',(-29.2400613571896,8.9943365367855,-16.7141452441758));
#8260=CARTESIAN_POINT('Ctrl Pts',(-31.5090809391926,8.39133011951965,-16.6731741835075));
#8261=CARTESIAN_POINT('Ctrl Pts',(-32.8672422424011,8.03779978114931,-16.5960603523187));
#8262=CARTESIAN_POINT('Ctrl Pts',(-33.3572379288385,7.91128514673629,-16.56091769178));
#8263=CARTESIAN_POINT('Ctrl Pts',(-34.4201981325602,7.61250839175459,-16.4686540324923));
#8264=CARTESIAN_POINT('Ctrl Pts',(-34.9962600781228,7.43996160184196,-16.4056617208146));
#8265=CARTESIAN_POINT('Ctrl Pts',(-35.6296657543163,7.21028747935414,-16.3385713009653));
#8266=CARTESIAN_POINT('Ctrl Pts',(36.0696293104896,6.52161786895297,-16.2564801738014));
#8267=CARTESIAN_POINT('Ctrl Pts',(35.4461736651164,6.76927656881776,-16.3265965620739));
#8268=CARTESIAN_POINT('Ctrl Pts',(34.8770118511107,6.96405643333465,-16.3791183640945));
#8269=CARTESIAN_POINT('Ctrl Pts',(33.8223131938849,7.28921613139326,-16.472221720758));
#8270=CARTESIAN_POINT('Ctrl Pts',(33.3326890414302,7.42564238156899,-16.5090001541099));
#8271=CARTESIAN_POINT('Ctrl Pts',(31.9826085821763,7.81380924879919,-16.5871981881015));
#8272=CARTESIAN_POINT('Ctrl Pts',(29.7036720291761,8.44733113322649,-16.6322270775673));
#8273=CARTESIAN_POINT('Ctrl Pts',(25.8855783447687,9.66417182330485,-16.0721294688265));
#8274=CARTESIAN_POINT('Ctrl Pts',(19.6279751222853,11.4283760872737,-12.7974440271755));
#8275=CARTESIAN_POINT('Ctrl Pts',(13.5217094659744,12.9321212050405,-15.0187218244935));
#8276=CARTESIAN_POINT('Ctrl Pts',(0.227894252075798,12.588035843821,-14.055282813079));
#8277=CARTESIAN_POINT('Ctrl Pts',(-13.0659209618228,12.9321212050405,-15.0187218244935));
#8278=CARTESIAN_POINT('Ctrl Pts',(-19.1721866181337,11.4283760872736,-12.7974440271755));
#8279=CARTESIAN_POINT('Ctrl Pts',(-25.4297898406171,9.66417182330486,-16.0721294688265));
#8280=CARTESIAN_POINT('Ctrl Pts',(-29.2478835250245,8.44733113322649,-16.6322270775673));
#8281=CARTESIAN_POINT('Ctrl Pts',(-31.5268200780247,7.81380924879919,-16.5871981881015));
#8282=CARTESIAN_POINT('Ctrl Pts',(-32.8769005372786,7.42564238156899,-16.5090001541099));
#8283=CARTESIAN_POINT('Ctrl Pts',(-33.3665246897333,7.28921613139326,-16.472221720758));
#8284=CARTESIAN_POINT('Ctrl Pts',(-34.4212233469591,6.96405643333465,-16.3791183640945));
#8285=CARTESIAN_POINT('Ctrl Pts',(-34.9903851609648,6.76927656881775,-16.3265965620739));
#8286=CARTESIAN_POINT('Ctrl Pts',(-35.613840806338,6.52161786895297,-16.2564801738014));
#8287=CARTESIAN_POINT('Ctrl Pts',(36.0316180510197,4.66725479871483,-15.9242505441554));
#8288=CARTESIAN_POINT('Ctrl Pts',(35.4316878025411,4.90803090990558,-15.9914213781514));
#8289=CARTESIAN_POINT('Ctrl Pts',(34.8769047640516,5.12105544023991,-16.0481712192269));
#8290=CARTESIAN_POINT('Ctrl Pts',(33.844205823971,5.50307976331129,-16.1421231130201));
#8291=CARTESIAN_POINT('Ctrl Pts',(33.3662899223799,5.67207955604834,-16.1793251657376));
#8292=CARTESIAN_POINT('Ctrl Pts',(32.0277019983351,6.13025946403691,-16.2635509375774));
#8293=CARTESIAN_POINT('Ctrl Pts',(29.7311652731583,6.85134139912367,-16.3224809360053));
#8294=CARTESIAN_POINT('Ctrl Pts',(25.9091616627792,8.13110837379967,-15.8020460374601));
#8295=CARTESIAN_POINT('Ctrl Pts',(19.6324912629227,10.233633337779,-12.7644212380713));
#8296=CARTESIAN_POINT('Ctrl Pts',(13.5360957443902,11.8780018172826,-14.8705222139881));
#8297=CARTESIAN_POINT('Ctrl Pts',(0.227894252075798,11.4358287739056,-13.6324376925323));
#8298=CARTESIAN_POINT('Ctrl Pts',(-13.0803072402386,11.8780018172826,-14.8705222139881));
#8299=CARTESIAN_POINT('Ctrl Pts',(-19.1767027587711,10.233633337779,-12.7644212380713));
#8300=CARTESIAN_POINT('Ctrl Pts',(-25.4533731586276,8.13110837379967,-15.8020460374601));
#8301=CARTESIAN_POINT('Ctrl Pts',(-29.2753767690067,6.85134139912367,-16.3224809360053));
#8302=CARTESIAN_POINT('Ctrl Pts',(-31.5719134941835,6.13025946403691,-16.2635509375774));
#8303=CARTESIAN_POINT('Ctrl Pts',(-32.9105014182283,5.67207955604834,-16.1793251657376));
#8304=CARTESIAN_POINT('Ctrl Pts',(-33.3884173198194,5.50307976331129,-16.1421231130201));
#8305=CARTESIAN_POINT('Ctrl Pts',(-34.4211162599,5.12105544023991,-16.0481712192269));
#8306=CARTESIAN_POINT('Ctrl Pts',(-34.9758992983895,4.90803090990558,-15.9914213781514));
#8307=CARTESIAN_POINT('Ctrl Pts',(-35.5758295468681,4.66725479871483,-15.9242505441554));
#8308=CARTESIAN_POINT('Ctrl Pts',(35.9706881698219,1.38664805021669,-15.0264314045446));
#8309=CARTESIAN_POINT('Ctrl Pts',(35.3977304329353,1.62499356859295,-15.0852460036227));
#8310=CARTESIAN_POINT('Ctrl Pts',(34.8639596689098,1.84447298271077,-15.1369163707943));
#8311=CARTESIAN_POINT('Ctrl Pts',(33.8641204737497,2.25108973893589,-15.2258831188574));
#8312=CARTESIAN_POINT('Ctrl Pts',(33.3980520426152,2.43822708104318,-15.2631794997489));
#8313=CARTESIAN_POINT('Ctrl Pts',(32.0853928293012,2.95921120410878,-15.3533793793038));
#8314=CARTESIAN_POINT('Ctrl Pts',(29.8022587230321,3.83946783721484,-15.4470220859342));
#8315=CARTESIAN_POINT('Ctrl Pts',(25.9738205730972,5.21419015648511,-15.0510384801869));
#8316=CARTESIAN_POINT('Ctrl Pts',(19.6647483847786,7.82474520807276,-12.6886303892804));
#8317=CARTESIAN_POINT('Ctrl Pts',(13.589887712308,9.7936495561258,-14.6206093028301));
#8318=CARTESIAN_POINT('Ctrl Pts',(0.227894252075796,9.14595946441857,-12.8070770460499));
#8319=CARTESIAN_POINT('Ctrl Pts',(-13.1340992081564,9.7936495561258,-14.6206093028301));
#8320=CARTESIAN_POINT('Ctrl Pts',(-19.208959880627,7.82474520807276,-12.6886303892804));
#8321=CARTESIAN_POINT('Ctrl Pts',(-25.5180320689456,5.21419015648511,-15.051038480187));
#8322=CARTESIAN_POINT('Ctrl Pts',(-29.3464702188806,3.83946783721484,-15.4470220859342));
#8323=CARTESIAN_POINT('Ctrl Pts',(-31.6296043251496,2.95921120410878,-15.3533793793038));
#8324=CARTESIAN_POINT('Ctrl Pts',(-32.9422635384636,2.43822708104318,-15.2631794997489));
#8325=CARTESIAN_POINT('Ctrl Pts',(-33.4083319695981,2.25108973893589,-15.2258831188574));
#8326=CARTESIAN_POINT('Ctrl Pts',(-34.4081711647582,1.84447298271077,-15.1369163707943));
#8327=CARTESIAN_POINT('Ctrl Pts',(-34.9419419287837,1.62499356859295,-15.0852460036227));
#8328=CARTESIAN_POINT('Ctrl Pts',(-35.5148996656703,1.38664805021669,-15.0264314045446));
#8329=CARTESIAN_POINT('Ctrl Pts',(35.9729138436298,-4.61076551051208,-12.8256618380717));
#8330=CARTESIAN_POINT('Ctrl Pts',(35.4256355950398,-4.3487203386401,-12.8409715188844));
#8331=CARTESIAN_POINT('Ctrl Pts',(34.9143343832738,-4.10832208385766,-12.8560282334204));
#8332=CARTESIAN_POINT('Ctrl Pts',(33.9537841910431,-3.66452881126256,-12.8851670145017));
#8333=CARTESIAN_POINT('Ctrl Pts',(33.5045352105783,-3.46113379344989,-12.8992490810471));
#8334=CARTESIAN_POINT('Ctrl Pts',(32.2350138526159,-2.89701769965251,-12.9393302355414));
#8335=CARTESIAN_POINT('Ctrl Pts',(30.0088734704181,-1.95306135062033,-13.0108323639628));
#8336=CARTESIAN_POINT('Ctrl Pts',(26.1731074909204,-0.512017240565557,-13.0776773029147));
#8337=CARTESIAN_POINT('Ctrl Pts',(19.8221619908148,2.39033042184106,-12.6624913466921));
#8338=CARTESIAN_POINT('Ctrl Pts',(13.7975492924886,5.14035715296542,-14.3067287199258));
#8339=CARTESIAN_POINT('Ctrl Pts',(0.227894252075798,4.14391085803121,-11.5166790941101));
#8340=CARTESIAN_POINT('Ctrl Pts',(-13.341760788337,5.14035715296541,-14.3067287199259));
#8341=CARTESIAN_POINT('Ctrl Pts',(-19.3663734866632,2.39033042184106,-12.6624913466921));
#8342=CARTESIAN_POINT('Ctrl Pts',(-25.7173189867688,-0.512017240565558,
-13.0776773029147));
#8343=CARTESIAN_POINT('Ctrl Pts',(-29.5530849662665,-1.95306135062033,-13.0108323639628));
#8344=CARTESIAN_POINT('Ctrl Pts',(-31.7792253484643,-2.89701769965251,-12.9393302355414));
#8345=CARTESIAN_POINT('Ctrl Pts',(-33.0487467064267,-3.46113379344989,-12.8992490810471));
#8346=CARTESIAN_POINT('Ctrl Pts',(-33.4979956868915,-3.66452881126256,-12.8851670145018));
#8347=CARTESIAN_POINT('Ctrl Pts',(-34.4585458791222,-4.10832208385766,-12.8560282334204));
#8348=CARTESIAN_POINT('Ctrl Pts',(-34.9698470908882,-4.3487203386401,-12.8409715188844));
#8349=CARTESIAN_POINT('Ctrl Pts',(-35.5171253394782,-4.61076551051208,-12.8256618380717));
#8350=CARTESIAN_POINT('Ctrl Pts',(37.3368193207799,-10.2942199378058,-16.8800657400984));
#8351=CARTESIAN_POINT('Ctrl Pts',(36.6190528875461,-9.93740193359029,-16.7726345659877));
#8352=CARTESIAN_POINT('Ctrl Pts',(35.9585745142168,-9.61303948561667,-16.6885967515901));
#8353=CARTESIAN_POINT('Ctrl Pts',(34.7369642892503,-9.02075192760116,-16.5582677602547));
#8354=CARTESIAN_POINT('Ctrl Pts',(34.1758324376131,-8.75282681755927,-16.5119765833168));
#8355=CARTESIAN_POINT('Ctrl Pts',(32.6186122680643,-8.02099683250295,-16.4161628857423));
#8356=CARTESIAN_POINT('Ctrl Pts',(30.0088734704181,-6.84511824266771,-16.3967748235504));
#8357=CARTESIAN_POINT('Ctrl Pts',(26.1731074909204,-5.40407413261292,-16.7978444572614));
#8358=CARTESIAN_POINT('Ctrl Pts',(19.8221619908148,-2.99994961767341,-14.3067287199259));
#8359=CARTESIAN_POINT('Ctrl Pts',(13.7975492924886,-0.660982229857492,-14.3067287199259));
#8360=CARTESIAN_POINT('Ctrl Pts',(0.227894252075798,-0.660982229857492,
-14.3067287199259));
#8361=CARTESIAN_POINT('Ctrl Pts',(-13.341760788337,-0.660982229857493,-14.3067287199259));
#8362=CARTESIAN_POINT('Ctrl Pts',(-19.3663734866632,-2.99994961767341,-14.3067287199259));
#8363=CARTESIAN_POINT('Ctrl Pts',(-25.7173189867688,-5.40407413261292,-16.7978444572614));
#8364=CARTESIAN_POINT('Ctrl Pts',(-29.5530849662665,-6.84511824266771,-16.3967748235504));
#8365=CARTESIAN_POINT('Ctrl Pts',(-32.1628237639127,-8.02099683250295,-16.4161628857423));
#8366=CARTESIAN_POINT('Ctrl Pts',(-33.7200439334615,-8.75282681755927,-16.5119765833168));
#8367=CARTESIAN_POINT('Ctrl Pts',(-34.2811757850987,-9.02075192760116,-16.5582677602547));
#8368=CARTESIAN_POINT('Ctrl Pts',(-35.5027860100652,-9.61303948561667,-16.6885967515901));
#8369=CARTESIAN_POINT('Ctrl Pts',(-36.1632643833945,-9.93740193359029,-16.7726345659877));
#8370=CARTESIAN_POINT('Ctrl Pts',(-36.8810308166283,-10.2942199378058,-16.8800657400984));
#8371=CARTESIAN_POINT('Ctrl Pts',(38.5446754430021,-20.8551146460061,-20.9092743873623));
#8372=CARTESIAN_POINT('Ctrl Pts',(37.97479981553,-20.4728957838134,-20.8617631771559));
#8373=CARTESIAN_POINT('Ctrl Pts',(37.4250463459272,-20.1179657660522,-20.8105978352247));
#8374=CARTESIAN_POINT('Ctrl Pts',(36.3621805437665,-19.4560011856215,-20.7037100978545));
#8375=CARTESIAN_POINT('Ctrl Pts',(35.8490682112085,-19.148966622952,-20.6479877024156));
#8376=CARTESIAN_POINT('Ctrl Pts',(34.3592881510616,-18.2896827669239,-20.4781117507497));
#8377=CARTESIAN_POINT('Ctrl Pts',(31.577955780875,-16.8183943827896,-20.1275247860222));
#8378=CARTESIAN_POINT('Ctrl Pts',(26.1731074909204,-14.5550358118033,-19.464744740334));
#8379=CARTESIAN_POINT('Ctrl Pts',(19.8221619908148,-11.4560446677495,-20.282086033834));
#8380=CARTESIAN_POINT('Ctrl Pts',(13.7975492924886,-10.7954931164796,-17.2960676047285));
#8381=CARTESIAN_POINT('Ctrl Pts',(0.227894252075798,-10.7954931164796,-17.2960676047285));
#8382=CARTESIAN_POINT('Ctrl Pts',(-13.341760788337,-10.7954931164796,-17.2960676047285));
#8383=CARTESIAN_POINT('Ctrl Pts',(-19.3663734866632,-11.4560446677495,-20.282086033834));
#8384=CARTESIAN_POINT('Ctrl Pts',(-25.7173189867688,-14.5550358118033,-19.464744740334));
#8385=CARTESIAN_POINT('Ctrl Pts',(-31.1221672767234,-16.8183943827896,-20.1275247860222));
#8386=CARTESIAN_POINT('Ctrl Pts',(-33.90349964691,-18.2896827669239,-20.4781117507497));
#8387=CARTESIAN_POINT('Ctrl Pts',(-35.393279707057,-19.148966622952,-20.6479877024156));
#8388=CARTESIAN_POINT('Ctrl Pts',(-35.9063920396149,-19.4560011856215,-20.7037100978545));
#8389=CARTESIAN_POINT('Ctrl Pts',(-36.9692578417756,-20.1179657660522,-20.8105978352247));
#8390=CARTESIAN_POINT('Ctrl Pts',(-37.5190113113784,-20.4728957838134,-20.8617631771559));
#8391=CARTESIAN_POINT('Ctrl Pts',(-38.0888869388505,-20.8551146460061,-20.9092743873623));
#8392=CARTESIAN_POINT('Ctrl Pts',(37.3723841160494,-25.6330455336698,-20.2355629247342));
#8393=CARTESIAN_POINT('Ctrl Pts',(36.9171483672437,-25.3353791594694,-20.1461362685786));
#8394=CARTESIAN_POINT('Ctrl Pts',(36.4822741384845,-25.0612010459021,-20.0610693893052));
#8395=CARTESIAN_POINT('Ctrl Pts',(35.6456646424924,-24.5539046471046,-19.8989591985643));
#8396=CARTESIAN_POINT('Ctrl Pts',(35.2439293752594,-24.3207863618744,-19.8219158870967));
#8397=CARTESIAN_POINT('Ctrl Pts',(34.077055898,-23.6741462092955,-19.6017773254642));
#8398=CARTESIAN_POINT('Ctrl Pts',(31.8966382412384,-22.5917247165848,-19.2054656932809));
#8399=CARTESIAN_POINT('Ctrl Pts',(27.2452395268256,-21.0450840479956,-18.5300341685515));
#8400=CARTESIAN_POINT('Ctrl Pts',(18.2064336076357,-18.7927547184405,-17.9433319216616));
#8401=CARTESIAN_POINT('Ctrl Pts',(9.91542265266444,-18.9097086517486,-12.6274034029856));
#8402=CARTESIAN_POINT('Ctrl Pts',(0.227894252075798,-17.1637086517486,-15.2082761907818));
#8403=CARTESIAN_POINT('Ctrl Pts',(-9.45963414851285,-18.9097086517486,-12.6274034029856));
#8404=CARTESIAN_POINT('Ctrl Pts',(-17.7506451034841,-18.7927547184405,-17.9433319216616));
#8405=CARTESIAN_POINT('Ctrl Pts',(-26.789451022674,-21.0450840479956,-18.5300341685515));
#8406=CARTESIAN_POINT('Ctrl Pts',(-31.4408497370868,-22.5917247165848,-19.2054656932809));
#8407=CARTESIAN_POINT('Ctrl Pts',(-33.6212673938484,-23.6741462092955,-19.6017773254642));
#8408=CARTESIAN_POINT('Ctrl Pts',(-34.7881408711078,-24.3207863618744,-19.8219158870967));
#8409=CARTESIAN_POINT('Ctrl Pts',(-35.1898761383408,-24.5539046471046,-19.8989591985643));
#8410=CARTESIAN_POINT('Ctrl Pts',(-36.0264856343329,-25.0612010459021,-20.0610693893052));
#8411=CARTESIAN_POINT('Ctrl Pts',(-36.4613598630921,-25.3353791594694,-20.1461362685786));
#8412=CARTESIAN_POINT('Ctrl Pts',(-36.9165956118978,-25.6330455336698,-20.2355629247342));
#8413=CARTESIAN_POINT('Ctrl Pts',(36.786238452573,-28.0220109775017,-19.8987071934202));
#8414=CARTESIAN_POINT('Ctrl Pts',(36.3883226431005,-27.7666208472973,-19.7883228142899));
#8415=CARTESIAN_POINT('Ctrl Pts',(36.0108880347631,-27.532818685827,-19.6863051663455));
#8416=CARTESIAN_POINT('Ctrl Pts',(35.2874066918553,-27.1028563778461,-19.4965837489192));
#8417=CARTESIAN_POINT('Ctrl Pts',(34.9413599572849,-26.9066962313356,-19.4088799794372));
#8418=CARTESIAN_POINT('Ctrl Pts',(33.9359397714691,-26.3663779304813,-19.1636101128215));
#8419=CARTESIAN_POINT('Ctrl Pts',(32.0559794714201,-25.4783898834823,-18.7444361469103));
#8420=CARTESIAN_POINT('Ctrl Pts',(27.7813055447782,-24.2901081660917,-18.0626788826603));
#8421=CARTESIAN_POINT('Ctrl Pts',(17.3985694160461,-22.4611097437859,-16.7739548655755));
#8422=CARTESIAN_POINT('Ctrl Pts',(7.97435933275238,-22.9668164193831,-10.2930713021141));
#8423=CARTESIAN_POINT('Ctrl Pts',(0.227894252075798,-20.3478164193831,-14.1643804838084));
#8424=CARTESIAN_POINT('Ctrl Pts',(-7.51857082860078,-22.9668164193831,-10.2930713021141));
#8425=CARTESIAN_POINT('Ctrl Pts',(-16.9427809118945,-22.4611097437859,-16.7739548655754));
#8426=CARTESIAN_POINT('Ctrl Pts',(-27.3255170406266,-24.2901081660917,-18.0626788826603));
#8427=CARTESIAN_POINT('Ctrl Pts',(-31.6001909672685,-25.4783898834823,-18.7444361469102));
#8428=CARTESIAN_POINT('Ctrl Pts',(-33.4801512673176,-26.3663779304813,-19.1636101128215));
#8429=CARTESIAN_POINT('Ctrl Pts',(-34.4855714531333,-26.9066962313355,-19.4088799794372));
#8430=CARTESIAN_POINT('Ctrl Pts',(-34.8316181877037,-27.1028563778461,-19.4965837489192));
#8431=CARTESIAN_POINT('Ctrl Pts',(-35.5550995306115,-27.532818685827,-19.6863051663455));
#8432=CARTESIAN_POINT('Ctrl Pts',(-35.9325341389489,-27.7666208472973,-19.7883228142899));
#8433=CARTESIAN_POINT('Ctrl Pts',(-36.3304499484214,-28.0220109775017,-19.8987071934202));
#8434=CARTESIAN_POINT('Ctrl Pts',(36.1645216698882,10.2866590123097,-16.4151867710698));
#8435=CARTESIAN_POINT('Ctrl Pts',(35.5318119603052,10.3102847602888,-16.4954070593755));
#8436=CARTESIAN_POINT('Ctrl Pts',(34.8731048156337,10.3756796898199,-16.5647976675372));
#8437=CARTESIAN_POINT('Ctrl Pts',(33.7006979448858,10.5125629924739,-16.6741620778335));
#8438=CARTESIAN_POINT('Ctrl Pts',(33.1869982188093,10.5840513655968,-16.7141358799681));
#8439=CARTESIAN_POINT('Ctrl Pts',(31.8634101684723,10.8076566503536,-16.7899320773313));
#8440=CARTESIAN_POINT('Ctrl Pts',(29.6773863797989,11.288637337034,-16.8259177197242));
#8441=CARTESIAN_POINT('Ctrl Pts',(25.8672903172858,12.3667969999785,-16.2516718907791));
#8442=CARTESIAN_POINT('Ctrl Pts',(19.64750291398,13.384871248662,-12.8323118257984));
#8443=CARTESIAN_POINT('Ctrl Pts',(13.527179788712,14.7108261939628,-15.3148815149906));
#8444=CARTESIAN_POINT('Ctrl Pts',(0.227894252075798,14.5115369349759,-14.7568715898275));
#8445=CARTESIAN_POINT('Ctrl Pts',(-13.0713912845604,14.7108261939628,-15.3148815149906));
#8446=CARTESIAN_POINT('Ctrl Pts',(-19.1917144098284,13.384871248662,-12.8323118257984));
#8447=CARTESIAN_POINT('Ctrl Pts',(-25.4115018131342,12.3667969999785,-16.2516718907791));
#8448=CARTESIAN_POINT('Ctrl Pts',(-29.2215978756473,11.288637337034,-16.8259177197242));
#8449=CARTESIAN_POINT('Ctrl Pts',(-31.4076216643207,10.8076566503536,-16.7899320773313));
#8450=CARTESIAN_POINT('Ctrl Pts',(-32.7312097146577,10.5840513655968,-16.7141358799681));
#8451=CARTESIAN_POINT('Ctrl Pts',(-33.2449094407342,10.5125629924739,-16.6741620778335));
#8452=CARTESIAN_POINT('Ctrl Pts',(-34.4173163114821,10.3756796898199,-16.5647976675372));
#8453=CARTESIAN_POINT('Ctrl Pts',(-35.0760234561536,10.3102847602888,-16.4954070593755));
#8454=CARTESIAN_POINT('Ctrl Pts',(-35.7087331657366,10.2866590123097,-16.4151867710698));
#8455=CARTESIAN_POINT('Ctrl Pts',(36.786238452573,-28.0220109775017,-19.8987071934202));
#8456=CARTESIAN_POINT('Ctrl Pts',(36.3883226431005,-27.7666208472973,-19.7883228142899));
#8457=CARTESIAN_POINT('Ctrl Pts',(36.0108880347631,-27.532818685827,-19.6863051663455));
#8458=CARTESIAN_POINT('Ctrl Pts',(35.2874066918553,-27.1028563778461,-19.4965837489192));
#8459=CARTESIAN_POINT('Ctrl Pts',(34.9413599572849,-26.9066962313356,-19.4088799794372));
#8460=CARTESIAN_POINT('Ctrl Pts',(33.9359397714691,-26.3663779304813,-19.1636101128215));
#8461=CARTESIAN_POINT('Ctrl Pts',(32.0559794714201,-25.4783898834823,-18.7444361469103));
#8462=CARTESIAN_POINT('Ctrl Pts',(27.7813055447782,-24.2901081660917,-18.0626788826603));
#8463=CARTESIAN_POINT('Ctrl Pts',(17.3985694160461,-22.4611097437859,-16.7739548655755));
#8464=CARTESIAN_POINT('Ctrl Pts',(7.97435933275238,-22.9668164193831,-10.2930713021141));
#8465=CARTESIAN_POINT('Ctrl Pts',(0.227894252075798,-20.3478164193831,-14.1643804838084));
#8466=CARTESIAN_POINT('Ctrl Pts',(-7.51857082860078,-22.9668164193831,-10.2930713021141));
#8467=CARTESIAN_POINT('Ctrl Pts',(-16.9427809118945,-22.4611097437859,-16.7739548655754));
#8468=CARTESIAN_POINT('Ctrl Pts',(-27.3255170406266,-24.2901081660917,-18.0626788826603));
#8469=CARTESIAN_POINT('Ctrl Pts',(-31.6001909672685,-25.4783898834823,-18.7444361469102));
#8470=CARTESIAN_POINT('Ctrl Pts',(-33.4801512673176,-26.3663779304813,-19.1636101128215));
#8471=CARTESIAN_POINT('Ctrl Pts',(-34.4855714531333,-26.9066962313355,-19.4088799794372));
#8472=CARTESIAN_POINT('Ctrl Pts',(-34.8316181877037,-27.1028563778461,-19.4965837489192));
#8473=CARTESIAN_POINT('Ctrl Pts',(-35.5550995306115,-27.532818685827,-19.6863051663455));
#8474=CARTESIAN_POINT('Ctrl Pts',(-35.9325341389489,-27.7666208472973,-19.7883228142899));
#8475=CARTESIAN_POINT('Ctrl Pts',(-36.3304499484214,-28.0220109775017,-19.8987071934202));
#8476=CARTESIAN_POINT('Ctrl Pts',(-58.1663830293497,27.3542784870591,11.1081164216473));
#8477=CARTESIAN_POINT('Ctrl Pts',(-58.1067158954664,27.4790070798257,9.94972540528713));
#8478=CARTESIAN_POINT('Ctrl Pts',(-58.0470442871074,27.6065780073646,8.78362207436922));
#8479=CARTESIAN_POINT('Ctrl Pts',(-57.9277266223048,27.8454884416503,6.49545731220421));
#8480=CARTESIAN_POINT('Ctrl Pts',(-57.8680805658611,27.9568279483971,5.37339588095709));
#8481=CARTESIAN_POINT('Ctrl Pts',(-57.6891807244034,28.2664993374495,2.07327443672195));
#8482=CARTESIAN_POINT('Ctrl Pts',(-57.4507849122097,28.5921708335649,-2.09021708146321));
#8483=CARTESIAN_POINT('Ctrl Pts',(-57.2129366740946,28.5700051854675,-5.30989666824166));
#8484=CARTESIAN_POINT('Ctrl Pts',(-57.0474350613957,28.44701194651,-7.2494601269379));
#8485=CARTESIAN_POINT('Ctrl Pts',(-56.9976831757066,28.3962166598533,-7.79328060164371));
#8486=CARTESIAN_POINT('Ctrl Pts',(-56.9090100414159,28.275031005865,-8.67552019466945));
#8487=CARTESIAN_POINT('Ctrl Pts',(-56.8700887928143,28.2046406385333,-9.01393931298939));
#8488=CARTESIAN_POINT('Ctrl Pts',(-56.8280152192487,28.1233485086819,-9.36375961221678));
#8489=CARTESIAN_POINT('Ctrl Pts',(-58.0207823010973,27.7715486085111,10.9702658083193));
#8490=CARTESIAN_POINT('Ctrl Pts',(-57.9591071297204,27.8978333098039,9.81370917856682));
#8491=CARTESIAN_POINT('Ctrl Pts',(-57.8974274838679,28.0269603458689,8.64944023425657));
#8492=CARTESIAN_POINT('Ctrl Pts',(-57.7743774551172,28.268366734149,6.36503775142073));
#8493=CARTESIAN_POINT('Ctrl Pts',(-57.7130070722192,28.3806460863642,5.24490421289514));
#8494=CARTESIAN_POINT('Ctrl Pts',(-57.5297853845153,28.6912882226482,1.95084696516618));
#8495=CARTESIAN_POINT('Ctrl Pts',(-57.2878967989729,29.0133239439434,-2.20381090876643));
#8496=CARTESIAN_POINT('Ctrl Pts',(-57.0556345407598,28.9678021031759,-5.41166465564851));
#8497=CARTESIAN_POINT('Ctrl Pts',(-56.9037829963346,28.8056897903323,-7.33830461934525));
#8498=CARTESIAN_POINT('Ctrl Pts',(-56.8570930526149,28.735976838243,-7.91305941836607));
#8499=CARTESIAN_POINT('Ctrl Pts',(-56.7806991882011,28.5452722154903,-8.85611701926671));
#8500=CARTESIAN_POINT('Ctrl Pts',(-56.7417576661776,28.4551878090582,-9.21283625506761));
#8501=CARTESIAN_POINT('Ctrl Pts',(-56.7175019378408,28.303410739341,-9.59153221628422));
#8502=CARTESIAN_POINT('Ctrl Pts',(-57.8597405759261,28.1618308420116,10.8467256648239));
#8503=CARTESIAN_POINT('Ctrl Pts',(-57.7963081058174,28.2892874844297,9.69131576874108));
#8504=CARTESIAN_POINT('Ctrl Pts',(-57.7328741962457,28.4176585213676,8.53342477921531));
#8505=CARTESIAN_POINT('Ctrl Pts',(-57.6065907797887,28.6605101898562,6.2521098717925));
#8506=CARTESIAN_POINT('Ctrl Pts',(-57.5437402236562,28.7756573378943,5.12687744602436));
#8507=CARTESIAN_POINT('Ctrl Pts',(-57.3569324675083,29.0853325714206,1.83855890064902));
#8508=CARTESIAN_POINT('Ctrl Pts',(-57.1125058919763,29.4028563212211,-2.31285587470731));
#8509=CARTESIAN_POINT('Ctrl Pts',(-56.8866859262498,29.3357744312776,-5.52382103211407));
#8510=CARTESIAN_POINT('Ctrl Pts',(-56.7488068807826,29.1348670025503,-7.46802586257278));
#8511=CARTESIAN_POINT('Ctrl Pts',(-56.7080948537649,29.0427985244295,-8.03875763312629));
#8512=CARTESIAN_POINT('Ctrl Pts',(-56.6471097295638,28.7977739085664,-9.02193398525498));
#8513=CARTESIAN_POINT('Ctrl Pts',(-56.6288066820995,28.6450686346034,-9.43043529160104));
#8514=CARTESIAN_POINT('Ctrl Pts',(-56.6130773045704,28.4672335568956,-9.79569256761483));
#8515=CARTESIAN_POINT('Ctrl Pts',(-57.5082825160857,28.8947856001596,10.6248507043542));
#8516=CARTESIAN_POINT('Ctrl Pts',(-57.4418245430571,29.0232579546612,9.47224971276443));
#8517=CARTESIAN_POINT('Ctrl Pts',(-57.3753660902075,29.1520351073361,8.31882169002695));
#8518=CARTESIAN_POINT('Ctrl Pts',(-57.2435700893785,29.3960252536406,6.04228280618393));
#8519=CARTESIAN_POINT('Ctrl Pts',(-57.17823219165,29.5114604194327,4.91856910912135));
#8520=CARTESIAN_POINT('Ctrl Pts',(-56.9855781144723,29.8190417748643,1.63303867517702));
#8521=CARTESIAN_POINT('Ctrl Pts',(-56.7376649875888,30.1258858702544,-2.51937348409967));
#8522=CARTESIAN_POINT('Ctrl Pts',(-56.5255893911672,30.0186393204117,-5.75580202921129));
#8523=CARTESIAN_POINT('Ctrl Pts',(-56.4105867011496,29.7449048885729,-7.7505306489124));
#8524=CARTESIAN_POINT('Ctrl Pts',(-56.3795948056935,29.6214434913838,-8.343341390624));
#8525=CARTESIAN_POINT('Ctrl Pts',(-56.3440427159974,29.2886683252637,-9.38770906604022));
#8526=CARTESIAN_POINT('Ctrl Pts',(-56.3428319130494,29.0793485152795,-9.83182829073188));
#8527=CARTESIAN_POINT('Ctrl Pts',(-56.354080475593,28.8189627180826,-10.2090121657603));
#8528=CARTESIAN_POINT('Ctrl Pts',(-57.3178661814166,29.2374581248071,10.5265158873801));
#8529=CARTESIAN_POINT('Ctrl Pts',(-57.2501397382748,29.3659431745557,9.37511871200157));
#8530=CARTESIAN_POINT('Ctrl Pts',(-57.1824129752524,29.4946314230864,8.22317018252459));
#8531=CARTESIAN_POINT('Ctrl Pts',(-57.0483378591732,29.7382630492359,5.9484600764306));
#8532=CARTESIAN_POINT('Ctrl Pts',(-56.9819894762481,29.853225400235,4.82564701795501));
#8533=CARTESIAN_POINT('Ctrl Pts',(-56.7870766784434,30.1587066295357,1.5398065142222));
#8534=CARTESIAN_POINT('Ctrl Pts',(-56.5382149901978,30.4593830420099,-2.61684612755116));
#8535=CARTESIAN_POINT('Ctrl Pts',(-56.3334414705947,30.3335318814442,-5.87562664984295));
#8536=CARTESIAN_POINT('Ctrl Pts',(-56.2290429765082,30.0258888379808,-7.90030478224477));
#8537=CARTESIAN_POINT('Ctrl Pts',(-56.2028704382668,29.8889780974001,-8.50853662863362));
#8538=CARTESIAN_POINT('Ctrl Pts',(-56.1763603506807,29.5239523487269,-9.580035760862));
#8539=CARTESIAN_POINT('Ctrl Pts',(-56.1769290419935,29.2941144767159,-10.0351647349842));
#8540=CARTESIAN_POINT('Ctrl Pts',(-56.199508279886,29.0068690617151,-10.4181714125751));
#8541=CARTESIAN_POINT('Ctrl Pts',(-56.7048163396718,30.2036102360449,10.2641960065244));
#8542=CARTESIAN_POINT('Ctrl Pts',(-56.6339971602119,30.3308216818345,9.11589435854625));
#8543=CARTESIAN_POINT('Ctrl Pts',(-56.563177980752,30.4580331276241,7.96759271056813));
#8544=CARTESIAN_POINT('Ctrl Pts',(-56.4236317019141,30.6981428339737,5.69712400189057));
#8545=CARTESIAN_POINT('Ctrl Pts',(-56.3549046025362,30.8110410945338,4.57495694119113));
#8546=CARTESIAN_POINT('Ctrl Pts',(-56.1549995446483,31.1067963205256,1.28685952092889));
#8547=CARTESIAN_POINT('Ctrl Pts',(-55.9051961081202,31.3866311400119,-2.88819367452459));
#8548=CARTESIAN_POINT('Ctrl Pts',(-55.7223392342153,31.2084440321541,-6.22694007706003));
#8549=CARTESIAN_POINT('Ctrl Pts',(-55.6453243606667,30.8198295919085,-8.34468198819015));
#8550=CARTESIAN_POINT('Ctrl Pts',(-55.6296740331305,30.647795760268,-8.98620964343829));
#8551=CARTESIAN_POINT('Ctrl Pts',(-55.6242531088343,30.2048674127697,-10.1283751831062));
#8552=CARTESIAN_POINT('Ctrl Pts',(-55.6344825120742,29.933972896912,-10.629013067526));
#8553=CARTESIAN_POINT('Ctrl Pts',(-55.6605703491102,29.6067133817293,-11.053147496246));
#8554=CARTESIAN_POINT('Ctrl Pts',(-55.311513305233,31.8884526077017,9.87029452507957));
#8555=CARTESIAN_POINT('Ctrl Pts',(-55.2373593492213,32.0078700867739,8.72612024696867));
#8556=CARTESIAN_POINT('Ctrl Pts',(-55.1632053932096,32.1272875658461,7.58194596885776));
#8557=CARTESIAN_POINT('Ctrl Pts',(-55.0181815208218,32.3505679952567,5.31498031169029));
#8558=CARTESIAN_POINT('Ctrl Pts',(-54.9473116044457,32.4544309455951,4.19218893263372));
#8559=CARTESIAN_POINT('Ctrl Pts',(-54.7445539742243,32.719356210409,0.887963492627031));
#8560=CARTESIAN_POINT('Ctrl Pts',(-54.5004827843472,32.9481536669573,-3.34660723494719));
#8561=CARTESIAN_POINT('Ctrl Pts',(-54.3615008628096,32.6792062040245,-6.89692519278259));
#8562=CARTESIAN_POINT('Ctrl Pts',(-54.3163771350972,32.1975140896167,-9.17477147818105));
#8563=CARTESIAN_POINT('Ctrl Pts',(-54.3111880114333,31.9902864652794,-9.86990487615086));
#8564=CARTESIAN_POINT('Ctrl Pts',(-54.3237980415546,31.4669495154684,-11.1104913787101));
#8565=CARTESIAN_POINT('Ctrl Pts',(-54.3415971953399,31.1508401899946,-11.6559444832996));
#8566=CARTESIAN_POINT('Ctrl Pts',(-54.3725325076676,30.7725127495857,-12.1158659916717));
#8567=CARTESIAN_POINT('Ctrl Pts',(-51.0166697194324,34.6222681513617,9.57944752618084));
#8568=CARTESIAN_POINT('Ctrl Pts',(-50.9535599696352,34.6965047868291,8.43527324806993));
#8569=CARTESIAN_POINT('Ctrl Pts',(-50.890450219838,34.7707414222965,7.29109896995903));
#8570=CARTESIAN_POINT('Ctrl Pts',(-50.7672408236397,34.9039275543353,5.02492716582546));
#8571=CARTESIAN_POINT('Ctrl Pts',(-50.7071411772386,34.9628770509067,3.90292963980279));
#8572=CARTESIAN_POINT('Ctrl Pts',(-50.5358725482234,35.093864123933,0.603467317999529));
#8573=CARTESIAN_POINT('Ctrl Pts',(-50.3315952033717,35.1462164434667,-3.61840176103223));
#8574=CARTESIAN_POINT('Ctrl Pts',(-50.223641167194,34.7093803183288,-7.13061477324026));
#8575=CARTESIAN_POINT('Ctrl Pts',(-50.1968575011898,34.1065847243476,-9.36559299480793));
#8576=CARTESIAN_POINT('Ctrl Pts',(-50.1969599227099,33.8597914429992,-10.0440554790658));
#8577=CARTESIAN_POINT('Ctrl Pts',(-50.2182354895226,33.2591949080305,-11.2457431829637));
#8578=CARTESIAN_POINT('Ctrl Pts',(-50.2394086348152,32.9053916544102,-11.7689684026039));
#8579=CARTESIAN_POINT('Ctrl Pts',(-50.272622193692,32.4904398452059,-12.2034866138911));
#8580=CARTESIAN_POINT('Ctrl Pts',(-44.3012768144264,37.4540937803344,9.37147026957497));
#8581=CARTESIAN_POINT('Ctrl Pts',(-44.288654864467,37.459483416023,8.22729599146406));
#8582=CARTESIAN_POINT('Ctrl Pts',(-44.2760329145075,37.4648730517117,7.08312171335316));
#8583=CARTESIAN_POINT('Ctrl Pts',(-44.2513910352679,37.4653953956599,4.81727961655623));
#8584=CARTESIAN_POINT('Ctrl Pts',(-44.2393711059876,37.4605281039194,3.69561179787021));
#8585=CARTESIAN_POINT('Ctrl Pts',(-44.2051173801846,37.4151554464106,0.398127720086801));
#8586=CARTESIAN_POINT('Ctrl Pts',(-44.1642619112143,37.2726031502991,-3.81846604155867));
#8587=CARTESIAN_POINT('Ctrl Pts',(-44.1426711039787,36.8018291764554,-7.31485310160784));
#8588=CARTESIAN_POINT('Ctrl Pts',(-44.1373143707779,36.2641240023483,-9.5320271269968));
#8589=CARTESIAN_POINT('Ctrl Pts',(-44.1373348550819,36.0541181620252,-10.2035657571851));
#8590=CARTESIAN_POINT('Ctrl Pts',(-44.1415899684445,35.562307989375,-11.3890978015876));
#8591=CARTESIAN_POINT('Ctrl Pts',(-44.145824597503,35.280503657048,-11.9030912158017));
#8592=CARTESIAN_POINT('Ctrl Pts',(-44.1524673092783,34.9576716150044,-12.3270587923163));
#8593=CARTESIAN_POINT('Ctrl Pts',(-39.465101390281,39.0276527392425,9.14863749559214));
#8594=CARTESIAN_POINT('Ctrl Pts',(-39.4619459027912,39.0163968888667,7.95214978699719));
#8595=CARTESIAN_POINT('Ctrl Pts',(-39.4587904153013,39.0051410384908,6.75566207840224));
#8596=CARTESIAN_POINT('Ctrl Pts',(-39.4526299454914,38.9734323460102,4.38688973546547));
#8597=CARTESIAN_POINT('Ctrl Pts',(-39.4496249631714,38.9529795039054,3.21460510112365));
#8598=CARTESIAN_POINT('Ctrl Pts',(-39.4410615317206,38.8640300024044,-0.229639579142416));
#8599=CARTESIAN_POINT('Ctrl Pts',(-39.430847664478,38.6718547332384,-4.62834122547212));
#8600=CARTESIAN_POINT('Ctrl Pts',(-39.4254499626691,38.1853757287474,-8.25254449570162));
#8601=CARTESIAN_POINT('Ctrl Pts',(-39.4241107793689,37.6549706242587,-10.5350416118174));
#8602=CARTESIAN_POINT('Ctrl Pts',(-39.4241159004449,37.4505779475758,-11.2232647610966));
#8603=CARTESIAN_POINT('Ctrl Pts',(-39.4251796787856,36.9774136521076,-12.430289539883));
#8604=CARTESIAN_POINT('Ctrl Pts',(-39.4262383360502,36.7086420333223,-12.9490911693903));
#8605=CARTESIAN_POINT('Ctrl Pts',(-39.427899013994,36.4030824476214,-13.371080501885));
#8606=CARTESIAN_POINT('Ctrl Pts',(-37.933944324004,39.4721331357363,9.17596363487473));
#8607=CARTESIAN_POINT('Ctrl Pts',(-37.932366580259,39.4560271079019,7.95819764602338));
#8608=CARTESIAN_POINT('Ctrl Pts',(-37.9307888365141,39.4399210800675,6.74043165717202));
#8609=CARTESIAN_POINT('Ctrl Pts',(-37.9277086016092,39.3987735248908,4.32971159564738));
#8610=CARTESIAN_POINT('Ctrl Pts',(-37.9262061104491,39.3737319975486,3.1367575229741));
#8611=CARTESIAN_POINT('Ctrl Pts',(-37.9219243947238,39.2718009169983,-0.367668946511513));
#8612=CARTESIAN_POINT('Ctrl Pts',(-37.9168174611024,39.0644088135352,-4.8417422430677));
#8613=CARTESIAN_POINT('Ctrl Pts',(-37.914118610198,38.5710807258207,-8.52183422192541));
#8614=CARTESIAN_POINT('Ctrl Pts',(-37.9134490185479,38.0402456688936,-10.8352887148633));
#8615=CARTESIAN_POINT('Ctrl Pts',(-37.9134515790859,37.8364941513943,-11.532004463975));
#8616=CARTESIAN_POINT('Ctrl Pts',(-37.9139834682562,37.3664426198409,-12.7517525489519));
#8617=CARTESIAN_POINT('Ctrl Pts',(-37.9145127968885,37.1001426057866,-13.2747848848171));
#8618=CARTESIAN_POINT('Ctrl Pts',(-37.9153431358605,36.798100593701,-13.69856955597));
#8619=CARTESIAN_POINT('',(-57.0682705532756,28.4606350016685,-7.));
#8620=CARTESIAN_POINT('',(-37.915376734095,38.7445574548795,-7.));
#8621=CARTESIAN_POINT('Ctrl Pts',(-57.0682705532756,28.4606350016685,-7.));
#8622=CARTESIAN_POINT('Ctrl Pts',(-56.8305393543134,29.1013469389852,-7.));
#8623=CARTESIAN_POINT('Ctrl Pts',(-56.5555789997034,29.693947506736,-7.));
#8624=CARTESIAN_POINT('Ctrl Pts',(-55.8632519469975,30.8205863583922,-7.));
#8625=CARTESIAN_POINT('Ctrl Pts',(-55.4736701170769,31.3201660577043,-7.));
#8626=CARTESIAN_POINT('Ctrl Pts',(-54.1186008504976,32.650967530109,-7.));
#8627=CARTESIAN_POINT('Ctrl Pts',(-53.0587008028714,33.2465146380105,-7.));
#8628=CARTESIAN_POINT('Ctrl Pts',(-50.5367157091378,34.4060019882734,-7.));
#8629=CARTESIAN_POINT('Ctrl Pts',(-48.5149856783123,35.297997855501,-7.));
#8630=CARTESIAN_POINT('Ctrl Pts',(-40.8232878874863,37.8890007696907,-7.));
#8631=CARTESIAN_POINT('Ctrl Pts',(-39.0516388218929,38.4286281391388,-7.));
#8632=CARTESIAN_POINT('Ctrl Pts',(-37.915376734095,38.7445574548795,-7.));
#8633=CARTESIAN_POINT('Ctrl Pts',(-56.8280152192487,28.1233485086819,-9.36375961221678));
#8634=CARTESIAN_POINT('Ctrl Pts',(-56.8700887928143,28.2046406385333,-9.01393931298939));
#8635=CARTESIAN_POINT('Ctrl Pts',(-56.9090100414159,28.275031005865,-8.67552019466945));
#8636=CARTESIAN_POINT('Ctrl Pts',(-56.9882906637336,28.3833803288142,-7.88672994238007));
#8637=CARTESIAN_POINT('Ctrl Pts',(-57.0265986453051,28.4250507184173,-7.47526314299455));
#8638=CARTESIAN_POINT('Ctrl Pts',(-57.0682705532756,28.4606350016685,-7.));
#8639=CARTESIAN_POINT('Ctrl Pts',(-37.9153431358605,36.798100593701,-13.69856955597));
#8640=CARTESIAN_POINT('Ctrl Pts',(-37.9126896556281,37.7633238766347,-12.344298245424));
#8641=CARTESIAN_POINT('Ctrl Pts',(-37.9131101642109,38.3635414181505,-9.97648629816045));
#8642=CARTESIAN_POINT('Ctrl Pts',(-37.915376734095,38.7445574548795,-7.));
#8643=CARTESIAN_POINT('Ctrl Pts',(-58.5297958300984,17.4640243904506,15.4780809029076));
#8644=CARTESIAN_POINT('Ctrl Pts',(-58.7641384588251,16.9038464502411,14.6445057627258));
#8645=CARTESIAN_POINT('Ctrl Pts',(-58.9897950860347,16.4115705402788,13.1458427911888));
#8646=CARTESIAN_POINT('Ctrl Pts',(-59.3611939815715,15.6345350482012,10.3590009390251));
#8647=CARTESIAN_POINT('Ctrl Pts',(-59.5069362498986,15.3497754660858,9.07082205839843));
#8648=CARTESIAN_POINT('Ctrl Pts',(-59.8242915165561,14.8067712115101,5.52201155288387));
#8649=CARTESIAN_POINT('Ctrl Pts',(-60.0090050387294,14.4961026746684,1.09814933190004));
#8650=CARTESIAN_POINT('Ctrl Pts',(-59.9114917984444,14.4957563739084,-2.77901199430399));
#8651=CARTESIAN_POINT('Ctrl Pts',(-59.7398362712386,14.5412169769954,-5.35066547775669));
#8652=CARTESIAN_POINT('Ctrl Pts',(-59.6661976626713,14.5639905661339,-6.15184705370754));
#8653=CARTESIAN_POINT('Ctrl Pts',(-59.4872993196943,14.6130027689842,-7.62027025593281));
#8654=CARTESIAN_POINT('Ctrl Pts',(-59.3820395852846,14.6392413826961,-8.28751188220724));
#8655=CARTESIAN_POINT('Ctrl Pts',(-59.2615788245312,14.6613249662052,-8.87684981067196));
#8656=CARTESIAN_POINT('Ctrl Pts',(-58.6520427111592,17.6498628060108,15.3220203280657));
#8657=CARTESIAN_POINT('Ctrl Pts',(-58.8239390564383,17.2700316534923,14.2376330414519));
#8658=CARTESIAN_POINT('Ctrl Pts',(-58.9907191803903,16.9468840113658,12.8475918670638));
#8659=CARTESIAN_POINT('Ctrl Pts',(-59.2993022859919,16.2770328180479,10.309099301836));
#8660=CARTESIAN_POINT('Ctrl Pts',(-59.4335347387139,16.0057983472867,9.06324717839826));
#8661=CARTESIAN_POINT('Ctrl Pts',(-59.7361707995216,15.4729667664389,5.45984829913532));
#8662=CARTESIAN_POINT('Ctrl Pts',(-59.9070704280753,15.1752331084271,1.0047682301675));
#8663=CARTESIAN_POINT('Ctrl Pts',(-59.8015968518893,15.1828966536174,-2.87928188777854));
#8664=CARTESIAN_POINT('Ctrl Pts',(-59.6253081306935,15.2336115010943,-5.45145977217631));
#8665=CARTESIAN_POINT('Ctrl Pts',(-59.5503479671188,15.258010981684,-6.25204244963195));
#8666=CARTESIAN_POINT('Ctrl Pts',(-59.3691091957375,15.3102062119555,-7.71846732445119));
#8667=CARTESIAN_POINT('Ctrl Pts',(-59.2628305879308,15.3380019616372,-8.3843095218148));
#8668=CARTESIAN_POINT('Ctrl Pts',(-59.1414307924016,15.3616994489802,-8.97222118976335));
#8669=CARTESIAN_POINT('Ctrl Pts',(-58.7562496379746,17.891618072759,15.1539255285806));
#8670=CARTESIAN_POINT('Ctrl Pts',(-58.9081558604394,17.5810571804826,13.8726771665448));
#8671=CARTESIAN_POINT('Ctrl Pts',(-59.0345482547889,17.3348834013961,12.6365778566794));
#8672=CARTESIAN_POINT('Ctrl Pts',(-59.283948967293,16.8146045466713,10.1852436630906));
#8673=CARTESIAN_POINT('Ctrl Pts',(-59.3969198870394,16.6054811152098,8.95286657205241));
#8674=CARTESIAN_POINT('Ctrl Pts',(-59.6606888144593,16.1199151238291,5.36927293953444));
#8675=CARTESIAN_POINT('Ctrl Pts',(-59.8119971661668,15.8506386099992,0.893915137768138));
#8676=CARTESIAN_POINT('Ctrl Pts',(-59.6959244814818,15.8731811700493,-2.99326611104185));
#8677=CARTESIAN_POINT('Ctrl Pts',(-59.5136400447782,15.9327044480393,-5.56469601385502));
#8678=CARTESIAN_POINT('Ctrl Pts',(-59.4370069120121,15.9596482670281,-6.36451330916036));
#8679=CARTESIAN_POINT('Ctrl Pts',(-59.2528369996595,16.0166053918644,-7.82893091743365));
#8680=CARTESIAN_POINT('Ctrl Pts',(-59.145300220073,16.0466186977119,-8.49353123040161));
#8681=CARTESIAN_POINT('Ctrl Pts',(-59.0227314475312,16.0725987640928,-9.08024056666456));
#8682=CARTESIAN_POINT('Ctrl Pts',(-58.9292333224464,18.4662361238465,14.8002536539428));
#8683=CARTESIAN_POINT('Ctrl Pts',(-59.0196573967173,18.3017366138996,13.5661237711179));
#8684=CARTESIAN_POINT('Ctrl Pts',(-59.1028580595766,18.1589434698082,12.3223944472647));
#8685=CARTESIAN_POINT('Ctrl Pts',(-59.2662956340715,17.849219072169,9.91055241471357));
#8686=CARTESIAN_POINT('Ctrl Pts',(-59.3435655490015,17.7097444019627,8.69733162308206));
#8687=CARTESIAN_POINT('Ctrl Pts',(-59.5244329896514,17.3823510589349,5.14630572264465));
#8688=CARTESIAN_POINT('Ctrl Pts',(-59.6297434328105,17.1885750484741,0.647968453947113));
#8689=CARTESIAN_POINT('Ctrl Pts',(-59.4898066319711,17.2470526860934,-3.23587400341048));
#8690=CARTESIAN_POINT('Ctrl Pts',(-59.2943193585302,17.3271571138024,-5.80087454058877));
#8691=CARTESIAN_POINT('Ctrl Pts',(-59.2140678219148,17.3598996229544,-6.59789450200821));
#8692=CARTESIAN_POINT('Ctrl Pts',(-59.0236253650281,17.4277418880007,-8.05639969763589));
#8693=CARTESIAN_POINT('Ctrl Pts',(-58.9134344447569,17.4628416438949,-8.71788493184412));
#8694=CARTESIAN_POINT('Ctrl Pts',(-58.7883932529653,17.4942576132823,-9.30181565648113));
#8695=CARTESIAN_POINT('Ctrl Pts',(-58.9980100801028,18.7990989081857,14.6146765787902));
#8696=CARTESIAN_POINT('Ctrl Pts',(-59.0690429407819,18.6777832505359,13.3896360434536));
#8697=CARTESIAN_POINT('Ctrl Pts',(-59.1352601938532,18.5709385034565,12.1581958807649));
#8698=CARTESIAN_POINT('Ctrl Pts',(-59.2635748828066,18.3429724754792,9.75241423403972));
#8699=CARTESIAN_POINT('Ctrl Pts',(-59.3275209295908,18.2348368673526,8.53936429442193));
#8700=CARTESIAN_POINT('Ctrl Pts',(-59.4636591499058,17.9978386366504,5.01391386535575));
#8701=CARTESIAN_POINT('Ctrl Pts',(-59.5425629613628,17.8511059853769,0.512874862525453));
#8702=CARTESIAN_POINT('Ctrl Pts',(-59.389361152868,17.9306396857057,-3.36449767251582));
#8703=CARTESIAN_POINT('Ctrl Pts',(-59.1866667581975,18.0225168326204,-5.92381682564381));
#8704=CARTESIAN_POINT('Ctrl Pts',(-59.1044697869241,18.0585136935366,-6.71880483532764));
#8705=CARTESIAN_POINT('Ctrl Pts',(-58.9106859264747,18.132479204228,-8.17340488485565));
#8706=CARTESIAN_POINT('Ctrl Pts',(-58.7990990372986,18.1704478540032,-8.83301692469982));
#8707=CARTESIAN_POINT('Ctrl Pts',(-58.6727544032698,18.2050171473592,-9.41537136939648));
#8708=CARTESIAN_POINT('Ctrl Pts',(-59.1521697083309,19.9032592604126,14.0416012002594));
#8709=CARTESIAN_POINT('Ctrl Pts',(-59.1750182352709,19.8870270479712,12.8381915661121));
#8710=CARTESIAN_POINT('Ctrl Pts',(-59.197866762211,19.8707948355298,11.6347819319649));
#8711=CARTESIAN_POINT('Ctrl Pts',(-59.2376373094475,19.8426127934603,9.24823778753297));
#8712=CARTESIAN_POINT('Ctrl Pts',(-59.2545593297439,19.8306629638323,8.0651032772483));
#8713=CARTESIAN_POINT('Ctrl Pts',(-59.2875458707022,19.8076606233884,4.57652511798197));
#8714=CARTESIAN_POINT('Ctrl Pts',(-59.2841158721642,19.8112498986372,0.0872885631940834));
#8715=CARTESIAN_POINT('Ctrl Pts',(-59.0910376610295,19.9518754239147,-3.75314402799164));
#8716=CARTESIAN_POINT('Ctrl Pts',(-58.8671752500574,20.0773010361555,-6.28443596916067));
#8717=CARTESIAN_POINT('Ctrl Pts',(-58.7793788209631,20.1224356516163,-7.07002786584697));
#8718=CARTESIAN_POINT('Ctrl Pts',(-58.5761120997513,20.2141183510523,-8.50724565583456));
#8719=CARTESIAN_POINT('Ctrl Pts',(-58.4606418076338,20.2606664350276,-9.15887154913586));
#8720=CARTESIAN_POINT('Ctrl Pts',(-58.3306732779298,20.3053019094703,-9.73470352275554));
#8721=CARTESIAN_POINT('Ctrl Pts',(-59.2185941599919,21.6569983946066,13.2339162873572));
#8722=CARTESIAN_POINT('Ctrl Pts',(-59.2038350607105,21.7156291446217,12.0443154780604));
#8723=CARTESIAN_POINT('Ctrl Pts',(-59.1890759614291,21.7742598946367,10.8547146687635));
#8724=CARTESIAN_POINT('Ctrl Pts',(-59.1556530261304,21.891146838903,8.49663744689682));
#8725=CARTESIAN_POINT('Ctrl Pts',(-59.136989190113,21.9494030331542,7.32816103432694));
#8726=CARTESIAN_POINT('Ctrl Pts',(-59.069283471853,22.1230479486164,3.88610498679812));
#8727=CARTESIAN_POINT('Ctrl Pts',(-58.9477712869521,22.3515780564555,-0.534307902758141));
#8728=CARTESIAN_POINT('Ctrl Pts',(-58.7013075265007,22.5681223798525,-4.27874009705227));
#8729=CARTESIAN_POINT('Ctrl Pts',(-58.4504300201587,22.7335600997518,-6.74337426278779));
#8730=CARTESIAN_POINT('Ctrl Pts',(-58.3557992370441,22.7892109192769,-7.50763732136879));
#8731=CARTESIAN_POINT('Ctrl Pts',(-58.1413323012853,22.9027764085306,-8.9065672419921));
#8732=CARTESIAN_POINT('Ctrl Pts',(-58.0214961486409,22.9606910782592,-9.54123410403444));
#8733=CARTESIAN_POINT('Ctrl Pts',(-57.887459574134,23.0203646852993,-10.1035864328689));
#8734=CARTESIAN_POINT('Ctrl Pts',(-59.0171710023398,23.6421692346924,12.4444413359689));
#8735=CARTESIAN_POINT('Ctrl Pts',(-58.9818438776771,23.7358035729518,11.2667810147195));
#8736=CARTESIAN_POINT('Ctrl Pts',(-58.9465167530143,23.8294379112113,10.0891206934701));
#8737=CARTESIAN_POINT('Ctrl Pts',(-58.873421076618,24.0122455708971,7.75857245653828));
#8738=CARTESIAN_POINT('Ctrl Pts',(-58.8356525248844,24.1014188923235,6.60568454085588));
#8739=CARTESIAN_POINT('Ctrl Pts',(-58.715022588471,24.3555558061032,3.22133801050965));
#8740=CARTESIAN_POINT('Ctrl Pts',(-58.5346512566864,24.6587168898112,-1.092944785416));
#8741=CARTESIAN_POINT('Ctrl Pts',(-58.2761542586344,24.8191254348595,-4.61451060319769));
#8742=CARTESIAN_POINT('Ctrl Pts',(-58.0248977066684,24.9488315666762,-6.91569247602149));
#8743=CARTESIAN_POINT('Ctrl Pts',(-57.9315815554419,24.9936335644535,-7.62608768521069));
#8744=CARTESIAN_POINT('Ctrl Pts',(-57.7211402054171,25.0968594551896,-8.92642666946686));
#8745=CARTESIAN_POINT('Ctrl Pts',(-57.6040150066188,25.1552833481483,-9.51637044453382));
#8746=CARTESIAN_POINT('Ctrl Pts',(-57.4726447274866,25.2257625157835,-10.042528200564));
#8747=CARTESIAN_POINT('Ctrl Pts',(-58.7695592165981,25.0934771457569,11.898680899709));
#8748=CARTESIAN_POINT('Ctrl Pts',(-58.722754012117,25.2042312674661,10.7289377363667));
#8749=CARTESIAN_POINT('Ctrl Pts',(-58.6759484877551,25.3151885879575,9.55864321892598));
#8750=CARTESIAN_POINT('Ctrl Pts',(-58.5808802059743,25.5295189784742,7.24633955479337));
#8751=CARTESIAN_POINT('Ctrl Pts',(-58.532617418687,25.6329110218797,6.1042789262429));
#8752=CARTESIAN_POINT('Ctrl Pts',(-58.3834544787276,25.9221631897378,2.757990965952));
#8753=CARTESIAN_POINT('Ctrl Pts',(-58.1729074567604,26.2504858171892,-1.48647094145462));
#8754=CARTESIAN_POINT('Ctrl Pts',(-57.9157080267081,26.34942072587,-4.86191135693631));
#8755=CARTESIAN_POINT('Ctrl Pts',(-57.6858487033753,26.406072268739,-7.00999044975853));
#8756=CARTESIAN_POINT('Ctrl Pts',(-57.6030048205374,26.4240971615631,-7.66541772406218));
#8757=CARTESIAN_POINT('Ctrl Pts',(-57.4162531104462,26.4778299235883,-8.85296923318338));
#8758=CARTESIAN_POINT('Ctrl Pts',(-57.3121770895786,26.5155321631018,-9.37825214794254));
#8759=CARTESIAN_POINT('Ctrl Pts',(-57.1910652667015,26.5869500332007,-9.85016715291668));
#8760=CARTESIAN_POINT('Ctrl Pts',(-58.6709312184338,25.5709847462785,11.7244850505025));
#8761=CARTESIAN_POINT('Ctrl Pts',(-58.620957977216,25.685923311182,10.5572079051079));
#8762=CARTESIAN_POINT('Ctrl Pts',(-58.5709842561773,25.8011666742588,9.38910372856559));
#8763=CARTESIAN_POINT('Ctrl Pts',(-58.4698887643415,26.0230183407634,7.08248122771574));
#8764=CARTESIAN_POINT('Ctrl Pts',(-58.4187666437954,26.1298488163537,5.94336006745115));
#8765=CARTESIAN_POINT('Ctrl Pts',(-58.2619530342786,26.4264033993693,2.60941331570924));
#8766=CARTESIAN_POINT('Ctrl Pts',(-58.0436755605807,26.7579779267088,-1.6134044091417));
#8767=CARTESIAN_POINT('Ctrl Pts',(-57.7886290692283,26.8331929894994,-4.94364042053744));
#8768=CARTESIAN_POINT('Ctrl Pts',(-57.5694515909871,26.8598496713795,-7.03891743980059));
#8769=CARTESIAN_POINT('Ctrl Pts',(-57.4917436632855,26.8637761294708,-7.67027644800769));
#8770=CARTESIAN_POINT('Ctrl Pts',(-57.3163335749442,26.8940547769553,-8.8137580866073));
#8771=CARTESIAN_POINT('Ctrl Pts',(-57.2184105113317,26.9278657838004,-9.31968180494653));
#8772=CARTESIAN_POINT('Ctrl Pts',(-57.1073090641194,26.9731951338083,-9.77256199761631));
#8773=CARTESIAN_POINT('Ctrl Pts',(-58.4421434889358,26.4927503562036,11.3981281181357));
#8774=CARTESIAN_POINT('Ctrl Pts',(-58.3867431688013,26.6139825645171,10.2353806756223));
#8775=CARTESIAN_POINT('Ctrl Pts',(-58.3313414092037,26.7361291673504,9.0701521396659));
#8776=CARTESIAN_POINT('Ctrl Pts',(-58.2199874485388,26.9689970198612,6.77378811492639));
#8777=CARTESIAN_POINT('Ctrl Pts',(-58.1640341982241,27.0803847860259,5.64084411827217));
#8778=CARTESIAN_POINT('Ctrl Pts',(-57.9945138270606,27.3861770306258,2.3282687868721));
#8779=CARTESIAN_POINT('Ctrl Pts',(-57.7640583449237,27.7182438797074,-1.85848056549438));
#8780=CARTESIAN_POINT('Ctrl Pts',(-57.5158944595889,27.744586760444,-5.1167490824867));
#8781=CARTESIAN_POINT('Ctrl Pts',(-57.3219126392564,27.7035594846115,-7.11334107318408));
#8782=CARTESIAN_POINT('Ctrl Pts',(-57.2559422147569,27.6797529866032,-7.70435350390872));
#8783=CARTESIAN_POINT('Ctrl Pts',(-57.1148729333861,27.6405998742836,-8.74250554371434));
#8784=CARTESIAN_POINT('Ctrl Pts',(-57.0398078807356,27.6289509016665,-9.18597676906661));
#8785=CARTESIAN_POINT('Ctrl Pts',(-56.960003894314,27.6107171912936,-9.59038207484634));
#8786=CARTESIAN_POINT('Ctrl Pts',(-58.3119837576022,26.9370083656071,11.2459670349753));
#8787=CARTESIAN_POINT('Ctrl Pts',(-58.2543246612124,27.0601808498476,10.0857416320074));
#8788=CARTESIAN_POINT('Ctrl Pts',(-58.1966610903469,27.1861956688603,8.91780391448187));
#8789=CARTESIAN_POINT('Ctrl Pts',(-58.0810757894923,27.4226101491515,6.62587687298768));
#8790=CARTESIAN_POINT('Ctrl Pts',(-58.0231540595031,27.53300981043,5.50188754901905));
#8791=CARTESIAN_POINT('Ctrl Pts',(-57.8485760642915,27.8417104522508,2.19570190827772));
#8792=CARTESIAN_POINT('Ctrl Pts',(-57.6136730254466,28.1710177231865,-1.97662325415997));
#8793=CARTESIAN_POINT('Ctrl Pts',(-57.3702388074294,28.1722082677591,-5.20812868083482));
#8794=CARTESIAN_POINT('Ctrl Pts',(-57.1910871264568,28.0883341026877,-7.16061563453055));
#8795=CARTESIAN_POINT('Ctrl Pts',(-57.132143609439,28.051901176317,-7.74533746857678));
#8796=CARTESIAN_POINT('Ctrl Pts',(-57.0138928725597,27.9689498833901,-8.7171675507587));
#8797=CARTESIAN_POINT('Ctrl Pts',(-56.9677975788761,27.8981340975816,-9.07952403859416));
#8798=CARTESIAN_POINT('Ctrl Pts',(-56.8964549270907,27.8619941481714,-9.48580730737675));
#8799=CARTESIAN_POINT('Ctrl Pts',(-58.1663830293497,27.3542784870591,11.1081164216473));
#8800=CARTESIAN_POINT('Ctrl Pts',(-58.1067158954664,27.4790070798257,9.94972540528713));
#8801=CARTESIAN_POINT('Ctrl Pts',(-58.0470442871074,27.6065780073646,8.78362207436922));
#8802=CARTESIAN_POINT('Ctrl Pts',(-57.9277266223048,27.8454884416503,6.49545731220421));
#8803=CARTESIAN_POINT('Ctrl Pts',(-57.8680805658611,27.9568279483971,5.37339588095709));
#8804=CARTESIAN_POINT('Ctrl Pts',(-57.6891807244034,28.2664993374495,2.07327443672195));
#8805=CARTESIAN_POINT('Ctrl Pts',(-57.4507849122097,28.5921708335649,-2.09021708146321));
#8806=CARTESIAN_POINT('Ctrl Pts',(-57.2129366740946,28.5700051854675,-5.30989666824166));
#8807=CARTESIAN_POINT('Ctrl Pts',(-57.0474350613957,28.44701194651,-7.2494601269379));
#8808=CARTESIAN_POINT('Ctrl Pts',(-56.9976831757066,28.3962166598533,-7.79328060164371));
#8809=CARTESIAN_POINT('Ctrl Pts',(-56.9090100414159,28.275031005865,-8.67552019466945));
#8810=CARTESIAN_POINT('Ctrl Pts',(-56.8700887928143,28.2046406385333,-9.01393931298939));
#8811=CARTESIAN_POINT('Ctrl Pts',(-56.8280152192487,28.1233485086819,-9.36375961221678));
#8812=CARTESIAN_POINT('',(-59.5626726224263,14.5923311200693,-7.));
#8813=CARTESIAN_POINT('Ctrl Pts',(-59.5626726224264,14.5923311200693,-7.));
#8814=CARTESIAN_POINT('Ctrl Pts',(-58.9976283218833,18.3261935713203,-7.));
#8815=CARTESIAN_POINT('Ctrl Pts',(-58.5838056204848,22.0052113374731,-7.));
#8816=CARTESIAN_POINT('Ctrl Pts',(-57.6581933825275,26.6439683004076,-7.));
#8817=CARTESIAN_POINT('Ctrl Pts',(-57.3604114460724,27.6732829073268,-7.));
#8818=CARTESIAN_POINT('Ctrl Pts',(-57.0682705532756,28.4606350016685,-7.));
#8819=CARTESIAN_POINT('Ctrl Pts',(-59.2615788245312,14.6613249662052,-8.87684981067196));
#8820=CARTESIAN_POINT('Ctrl Pts',(-59.3757784343495,14.6403892141449,-8.31814371367526));
#8821=CARTESIAN_POINT('Ctrl Pts',(-59.4763161489958,14.6157191361396,-7.68942180794834));
#8822=CARTESIAN_POINT('Ctrl Pts',(-59.5626726224263,14.5923311200693,-7.));
#8823=CARTESIAN_POINT('Ctrl Pts',(-52.2063412085522,-44.652237900038,-0.153232588679579));
#8824=CARTESIAN_POINT('Ctrl Pts',(-52.5033449298965,-44.5882702041158,-0.867063027241258));
#8825=CARTESIAN_POINT('Ctrl Pts',(-52.8029199124259,-44.4940490504196,-1.66661746043791));
#8826=CARTESIAN_POINT('Ctrl Pts',(-53.3943408734316,-44.2559274836495,-3.39085406090694));
#8827=CARTESIAN_POINT('Ctrl Pts',(-53.686186851908,-44.1120270705756,-4.31553622817932));
#8828=CARTESIAN_POINT('Ctrl Pts',(-54.5308239916223,-43.6220484265427,-7.20779394831868));
#8829=CARTESIAN_POINT('Ctrl Pts',(-55.5746047226688,-42.8133371550021,-11.3793674906971));
#8830=CARTESIAN_POINT('Ctrl Pts',(-56.2476367871284,-41.8670555565253,-15.4402767810199));
#8831=CARTESIAN_POINT('Ctrl Pts',(-56.5361509269624,-41.170721422088,-18.1665381230757));
#8832=CARTESIAN_POINT('Ctrl Pts',(-56.596278988822,-40.9408395546789,-19.0220551328133));
#8833=CARTESIAN_POINT('Ctrl Pts',(-56.6315769499474,-40.4963624975044,-20.5802953551987));
#8834=CARTESIAN_POINT('Ctrl Pts',(-56.6067468492133,-40.2817673077389,-21.2830185678466));
#8835=CARTESIAN_POINT('Ctrl Pts',(-56.5330019039706,-40.0802292848804,-21.8861847543526));
#8836=CARTESIAN_POINT('Ctrl Pts',(-52.5685692193918,-44.6767286328774,-0.0576335370077496));
#8837=CARTESIAN_POINT('Ctrl Pts',(-52.8676920172467,-44.6140148133874,-0.773210067262929));
#8838=CARTESIAN_POINT('Ctrl Pts',(-53.1691932657565,-44.5210227469074,-1.57367169383931));
#8839=CARTESIAN_POINT('Ctrl Pts',(-53.7640953231902,-44.2847065684192,-3.29845255292926));
#8840=CARTESIAN_POINT('Ctrl Pts',(-54.0574765252565,-44.141514401749,-4.22275181021636));
#8841=CARTESIAN_POINT('Ctrl Pts',(-54.9060069990148,-43.6529640141653,-7.11238733388741));
#8842=CARTESIAN_POINT('Ctrl Pts',(-55.9530792775175,-42.8442997971926,-11.2765353702748));
#8843=CARTESIAN_POINT('Ctrl Pts',(-56.6245758897867,-41.8931438566901,-15.3274049478702));
#8844=CARTESIAN_POINT('Ctrl Pts',(-56.9097428641949,-41.1908558838117,-18.0471227833532));
#8845=CARTESIAN_POINT('Ctrl Pts',(-56.9683892748654,-40.9586063899353,-18.9006230038953));
#8846=CARTESIAN_POINT('Ctrl Pts',(-56.999927832949,-40.5085526261524,-20.4554861747972));
#8847=CARTESIAN_POINT('Ctrl Pts',(-56.9727952502672,-40.2906275763877,-21.1568784708816));
#8848=CARTESIAN_POINT('Ctrl Pts',(-56.8963423818887,-40.085422033368,-21.7591765423447));
#8849=CARTESIAN_POINT('Ctrl Pts',(-52.9304673235397,-44.7034394894451,0.0383016195615249));
#8850=CARTESIAN_POINT('Ctrl Pts',(-53.2317091979053,-44.6419795463875,-0.67902100238715));
#8851=CARTESIAN_POINT('Ctrl Pts',(-53.5353604863142,-44.5487106692458,-1.48061780047137));
#8852=CARTESIAN_POINT('Ctrl Pts',(-54.1338143953579,-44.3137237284725,-3.20601500269513));
#8853=CARTESIAN_POINT('Ctrl Pts',(-54.4287426135445,-44.1711604497781,-4.12994336408243));
#8854=CARTESIAN_POINT('Ctrl Pts',(-55.2811900064074,-43.683879601788,-7.01698071945614));
#8855=CARTESIAN_POINT('Ctrl Pts',(-56.3315538323662,-42.8752624393832,-11.1737032498525));
#8856=CARTESIAN_POINT('Ctrl Pts',(-57.0015149924451,-41.9192321568549,-15.2145331147205));
#8857=CARTESIAN_POINT('Ctrl Pts',(-57.2833645492229,-41.2111356314518,-17.9276721437013));
#8858=CARTESIAN_POINT('Ctrl Pts',(-57.3405441826019,-40.9765911540662,-18.7791379250831));
#8859=CARTESIAN_POINT('Ctrl Pts',(-57.3684125810299,-40.5213965414238,-20.330518144713));
#8860=CARTESIAN_POINT('Ctrl Pts',(-57.3392597620496,-40.3015200974321,-21.0302446002039));
#8861=CARTESIAN_POINT('Ctrl Pts',(-57.2600989705353,-40.0926470342511,-21.6316745566243));
#8862=CARTESIAN_POINT('Ctrl Pts',(-53.6561474951135,-44.7441829766381,0.228252573983392));
#8863=CARTESIAN_POINT('Ctrl Pts',(-53.9615321640968,-44.6851954313458,-0.492502594786366));
#8864=CARTESIAN_POINT('Ctrl Pts',(-54.2689663003774,-44.5940721991556,-1.29591690254084));
#8865=CARTESIAN_POINT('Ctrl Pts',(-54.8741316117986,-44.3626815856712,-3.02235129798426));
#8866=CARTESIAN_POINT('Ctrl Pts',(-55.1719943873152,-44.2215285930059,-3.94550545852473));
#8867=CARTESIAN_POINT('Ctrl Pts',(-56.0318021232987,-43.7371067365872,-6.82731230151883));
#8868=CARTESIAN_POINT('Ctrl Pts',(-57.0881308631,-42.9286432522341,-10.9693063891715));
#8869=CARTESIAN_POINT('Ctrl Pts',(-57.7544667052272,-41.9630510278167,-14.9902776956153));
#8870=CARTESIAN_POINT('Ctrl Pts',(-58.0292909697162,-41.2432258711729,-17.6904938085317));
#8871=CARTESIAN_POINT('Ctrl Pts',(-58.0834111216949,-41.0040123209032,-18.5379804516845));
#8872=CARTESIAN_POINT('Ctrl Pts',(-58.1036047116551,-40.5377980269367,-20.0827110005213));
#8873=CARTESIAN_POINT('Ctrl Pts',(-58.0698441369588,-40.3116079523964,-20.7797579389783));
#8874=CARTESIAN_POINT('Ctrl Pts',(-57.985235908268,-40.0954916670399,-21.3794903265392));
#8875=CARTESIAN_POINT('Ctrl Pts',(-54.0199295625394,-44.7582156072633,0.322268371835981));
#8876=CARTESIAN_POINT('Ctrl Pts',(-54.3273379496296,-44.7004465833041,-0.400173252061358));
#8877=CARTESIAN_POINT('Ctrl Pts',(-54.6363275320424,-44.6122664171363,-1.20419108268253));
#8878=CARTESIAN_POINT('Ctrl Pts',(-55.2447039687915,-44.3827958196197,-2.93109887174227));
#8879=CARTESIAN_POINT('Ctrl Pts',(-55.5439778705785,-44.2422655081521,-3.85387375550666));
#8880=CARTESIAN_POINT('Ctrl Pts',(-56.4072312327975,-43.7594182837637,-6.73305049801279));
#8881=CARTESIAN_POINT('Ctrl Pts',(-57.4662333389852,-42.9510614228945,-10.8677416489128));
#8882=CARTESIAN_POINT('Ctrl Pts',(-58.130479315351,-41.9807815986136,-14.8788941096599));
#8883=CARTESIAN_POINT('Ctrl Pts',(-58.4015984828373,-41.2550499291077,-17.5727628169364));
#8884=CARTESIAN_POINT('Ctrl Pts',(-58.4541556785024,-41.0136075753792,-18.4182694610907));
#8885=CARTESIAN_POINT('Ctrl Pts',(-58.4704096705523,-40.541832152488,-19.959756098392));
#8886=CARTESIAN_POINT('Ctrl Pts',(-58.4339640000857,-40.3108032863164,-20.6559051484303));
#8887=CARTESIAN_POINT('Ctrl Pts',(-58.3466162573542,-40.0911112989455,-21.2548080821746));
#8888=CARTESIAN_POINT('Ctrl Pts',(-55.114101709734,-44.7812961602252,0.601436727318715));
#8889=CARTESIAN_POINT('Ctrl Pts',(-55.4272951759339,-44.7270766349676,-0.125885352263631));
#8890=CARTESIAN_POINT('Ctrl Pts',(-55.7415399583352,-44.6414184768488,-0.932536025085517));
#8891=CARTESIAN_POINT('Ctrl Pts',(-56.3588297935719,-44.4174465827654,-2.66074302547581));
#8892=CARTESIAN_POINT('Ctrl Pts',(-56.6618748464075,-44.279132846801,-3.58229935304421));
#8893=CARTESIAN_POINT('Ctrl Pts',(-57.5342568676129,-43.8005408039548,-6.45369952027038));
#8894=CARTESIAN_POINT('Ctrl Pts',(-58.5994245297501,-42.9926825202857,-10.5668495686278));
#8895=CARTESIAN_POINT('Ctrl Pts',(-59.255737668119,-42.0089001229012,-14.549208093376));
#8896=CARTESIAN_POINT('Ctrl Pts',(-59.5148379036718,-41.2664219094818,-17.2244209751884));
#8897=CARTESIAN_POINT('Ctrl Pts',(-59.5623488791522,-41.0181556024453,-18.064232600501));
#8898=CARTESIAN_POINT('Ctrl Pts',(-59.5663569287364,-40.5302975377888,-19.5962523154775));
#8899=CARTESIAN_POINT('Ctrl Pts',(-59.5228540028403,-40.2907057801689,-20.2884604051414));
#8900=CARTESIAN_POINT('Ctrl Pts',(-59.4271929452719,-40.060562141196,-20.8849909611145));
#8901=CARTESIAN_POINT('Ctrl Pts',(-57.3176319416046,-44.7252627335968,1.14430219114434));
#8902=CARTESIAN_POINT('Ctrl Pts',(-57.6412512651788,-44.6777179445518,0.407934838982951));
#8903=CARTESIAN_POINT('Ctrl Pts',(-57.9644797361118,-44.5980002193561,-0.403315517803162));
#8904=CARTESIAN_POINT('Ctrl Pts',(-58.5967164583384,-44.3839803542583,-2.13363706278073));
#8905=CARTESIAN_POINT('Ctrl Pts',(-58.9057247096321,-44.2496782143563,-3.05270825097218));
#8906=CARTESIAN_POINT('Ctrl Pts',(-59.7912613625191,-43.7795373589832,-5.90873529588837));
#8907=CARTESIAN_POINT('Ctrl Pts',(-60.8613419637177,-42.9733910567074,-9.98027397002153));
#8908=CARTESIAN_POINT('Ctrl Pts',(-61.4951364632408,-41.9648444190627,-13.9076950271387));
#8909=CARTESIAN_POINT('Ctrl Pts',(-61.7262439636146,-41.1911030606363,-16.547545646531));
#8910=CARTESIAN_POINT('Ctrl Pts',(-61.7625734013611,-40.9303007111287,-17.3765433240874));
#8911=CARTESIAN_POINT('Ctrl Pts',(-61.7403809710745,-40.4126803429776,-18.8906884435411));
#8912=CARTESIAN_POINT('Ctrl Pts',(-61.6818591030414,-40.1558623243341,-19.5758358854382));
#8913=CARTESIAN_POINT('Ctrl Pts',(-61.5691923249402,-39.9059171999202,-20.1680856205836));
#8914=CARTESIAN_POINT('Ctrl Pts',(-62.6711611384887,-43.1681316016224,2.19504739045524));
#8915=CARTESIAN_POINT('Ctrl Pts',(-63.0030872507743,-43.1302215404042,1.44759334534967));
#8916=CARTESIAN_POINT('Ctrl Pts',(-63.328436822141,-43.0598678969374,0.63235368635751));
#8917=CARTESIAN_POINT('Ctrl Pts',(-63.9539717729653,-42.8629073278638,-1.09484474602273));
#8918=CARTESIAN_POINT('Ctrl Pts',(-64.2541571524229,-42.736300402257,-2.0068035194108));
#8919=CARTESIAN_POINT('Ctrl Pts',(-65.0989503378247,-42.2850505257634,-4.829480341103));
#8920=CARTESIAN_POINT('Ctrl Pts',(-66.0766400437712,-41.4929064246424,-8.8245174407672));
#8921=CARTESIAN_POINT('Ctrl Pts',(-66.564749572729,-40.4579492429827,-12.6608567345443));
#8922=CARTESIAN_POINT('Ctrl Pts',(-66.6751724926477,-39.6424797456811,-15.2454868474059));
#8923=CARTESIAN_POINT('Ctrl Pts',(-66.6693702614874,-39.3641146447377,-16.0582594921146));
#8924=CARTESIAN_POINT('Ctrl Pts',(-66.5605349468287,-38.8029344548561,-17.5474112156642));
#8925=CARTESIAN_POINT('Ctrl Pts',(-66.4575018633303,-38.5201193659179,-18.2237902945052));
#8926=CARTESIAN_POINT('Ctrl Pts',(-66.2998477986272,-38.2393962241611,-18.8125465337237));
#8927=CARTESIAN_POINT('Ctrl Pts',(-71.5302523103388,-32.7928787282784,2.46216405833426));
#8928=CARTESIAN_POINT('Ctrl Pts',(-71.782501196047,-32.7347916687038,1.75612298372895));
#8929=CARTESIAN_POINT('Ctrl Pts',(-72.0032189710417,-32.6521185509915,0.973717428502365));
#8930=CARTESIAN_POINT('Ctrl Pts',(-72.381592299604,-32.4443163765689,-0.702979128923789));
#8931=CARTESIAN_POINT('Ctrl Pts',(-72.5392478531717,-32.3191873198587,-1.59727013112336));
#8932=CARTESIAN_POINT('Ctrl Pts',(-72.9176211817339,-31.8901905071473,-4.38670603677719));
#8933=CARTESIAN_POINT('Ctrl Pts',(-73.1698700674422,-31.1752357099838,-8.39012164179598));
#8934=CARTESIAN_POINT('Ctrl Pts',(-72.9176211817339,-30.2818216554961,-12.308376480129));
#8935=CARTESIAN_POINT('Ctrl Pts',(-72.5392478531716,-29.5851359567986,-14.9700712357542));
#8936=CARTESIAN_POINT('Ctrl Pts',(-72.381592299604,-29.3484698642608,-15.8111367587752));
#8937=CARTESIAN_POINT('Ctrl Pts',(-72.0032189710417,-28.872978803852,-17.3600921661727));
#8938=CARTESIAN_POINT('Ctrl Pts',(-71.782501196047,-28.634153835981,-18.0679820505493));
#8939=CARTESIAN_POINT('Ctrl Pts',(-71.5302523103388,-28.3976075190822,-18.6888623584688));
#8940=CARTESIAN_POINT('Ctrl Pts',(-64.3034664385571,-18.9010501945302,6.70822150487379));
#8941=CARTESIAN_POINT('Ctrl Pts',(-64.6205486633578,-18.866376291048,5.98579410381555));
#8942=CARTESIAN_POINT('Ctrl Pts',(-64.8979956100584,-18.7836379800836,5.20244320392764));
#8943=CARTESIAN_POINT('Ctrl Pts',(-65.3736189472594,-18.5405240753648,3.55324204316972));
#8944=CARTESIAN_POINT('Ctrl Pts',(-65.5717953377598,-18.3801484816103,2.68739178229971));
#8945=CARTESIAN_POINT('Ctrl Pts',(-66.0474186749608,-17.8103030744237,0.025113413232386));
#8946=CARTESIAN_POINT('Ctrl Pts',(-66.3645008997615,-16.8139261957127,-3.69719797607682));
#8947=CARTESIAN_POINT('Ctrl Pts',(-66.0474186749608,-15.6402478268692,-7.13516097298913));
#8948=CARTESIAN_POINT('Ctrl Pts',(-65.5717953377598,-14.8044501844839,-9.37091675346109));
#8949=CARTESIAN_POINT('Ctrl Pts',(-65.3736189472594,-14.5332611593967,-10.059049269083));
#8950=CARTESIAN_POINT('Ctrl Pts',(-64.8979956100584,-14.0241950194791,-11.2817278412456));
#8951=CARTESIAN_POINT('Ctrl Pts',(-64.6205486633578,-13.7863179046488,-11.8162738977862));
#8952=CARTESIAN_POINT('Ctrl Pts',(-64.3034664385571,-13.5743425110342,-12.2543529064476));
#8953=CARTESIAN_POINT('Ctrl Pts',(-62.6593807104539,-4.87804101044849,10.8497807550935));
#8954=CARTESIAN_POINT('Ctrl Pts',(-62.8183581916204,-4.88430185320991,10.2034935948646));
#8955=CARTESIAN_POINT('Ctrl Pts',(-62.9574634876412,-4.87014835170573,9.48754498333406));
#8956=CARTESIAN_POINT('Ctrl Pts',(-63.195929709391,-4.80812482168346,7.95208521142956));
#8957=CARTESIAN_POINT('Ctrl Pts',(-63.2952906351201,-4.76025479316537,7.13257405105557));
#8958=CARTESIAN_POINT('Ctrl Pts',(-63.5337568568698,-4.57673815936623,4.5723372773076));
#8959=CARTESIAN_POINT('Ctrl Pts',(-63.6927343380364,-4.22563185231436,0.887479465307766));
#8960=CARTESIAN_POINT('Ctrl Pts',(-63.5337568568699,-3.77548520556683,-2.76763024721137));
#8961=CARTESIAN_POINT('Ctrl Pts',(-63.2952906351201,-3.4434080622242,-5.28324487173828));
#8962=CARTESIAN_POINT('Ctrl Pts',(-63.195929709391,-3.33363782139632,-6.08416346993684));
#8963=CARTESIAN_POINT('Ctrl Pts',(-62.9574634876412,-3.12305378183057,-7.5750010926203));
#8964=CARTESIAN_POINT('Ctrl Pts',(-62.8183581916205,-3.02223998309268,-8.26492011710519));
#8965=CARTESIAN_POINT('Ctrl Pts',(-62.659380710454,-2.92946048615845,-8.88145917785347));
#8966=CARTESIAN_POINT('Ctrl Pts',(-60.7836018165516,5.04489432046564,11.522240193398));
#8967=CARTESIAN_POINT('Ctrl Pts',(-60.9220219941616,4.98425366472534,10.8827383965036));
#8968=CARTESIAN_POINT('Ctrl Pts',(-61.0442691706605,4.94028513847294,10.1712286092738));
#8969=CARTESIAN_POINT('Ctrl Pts',(-61.2563704580574,4.88027309719624,8.640994486318));
#8970=CARTESIAN_POINT('Ctrl Pts',(-61.3462245689553,4.86422958217195,7.82227015059195));
#8971=CARTESIAN_POINT('Ctrl Pts',(-61.5671267081792,4.8498576823198,5.2604774689312));
#8972=CARTESIAN_POINT('Ctrl Pts',(-61.7319023778921,4.92071820310553,1.56310142809652));
#8973=CARTESIAN_POINT('Ctrl Pts',(-61.6364040017066,5.0849168677727,-2.10875662851967));
#8974=CARTESIAN_POINT('Ctrl Pts',(-61.4668950720831,5.21055218374273,-4.63227233385271));
#8975=CARTESIAN_POINT('Ctrl Pts',(-61.3940779042945,5.25284500864435,-5.4350479294422));
#8976=CARTESIAN_POINT('Ctrl Pts',(-61.2157681228438,5.33284018318983,-6.9270050760703));
#8977=CARTESIAN_POINT('Ctrl Pts',(-61.1102755091816,5.37054253283368,-7.6161866271089));
#8978=CARTESIAN_POINT('Ctrl Pts',(-60.9884216408933,5.40324002097484,-8.23017043978479));
#8979=CARTESIAN_POINT('Ctrl Pts',(-59.8835037285514,9.7796350517649,12.2705317749537));
#8980=CARTESIAN_POINT('Ctrl Pts',(-60.0261494638239,9.69500612693457,11.6198906136171));
#8981=CARTESIAN_POINT('Ctrl Pts',(-60.1549682181302,9.61318944729772,10.8714075855516));
#8982=CARTESIAN_POINT('Ctrl Pts',(-60.3829825075032,9.46084696463726,9.23592340708367));
#8983=CARTESIAN_POINT('Ctrl Pts',(-60.4821780425699,9.39032116161363,8.34892225668129));
#8984=CARTESIAN_POINT('Ctrl Pts',(-60.7323759329503,9.20417964680195,5.56589003865015));
#8985=CARTESIAN_POINT('Ctrl Pts',(-60.9396032139383,9.02382001174419,1.52977036974463));
#8986=CARTESIAN_POINT('Ctrl Pts',(-60.862582565643,9.06978065902189,-2.24251961095493));
#8987=CARTESIAN_POINT('Ctrl Pts',(-60.7041379316818,9.13296595731309,-4.7921445504469));
#8988=CARTESIAN_POINT('Ctrl Pts',(-60.634543195738,9.15881352554898,-5.59542077260544));
#8989=CARTESIAN_POINT('Ctrl Pts',(-60.4627796455609,9.21072105079125,-7.07866629941903));
#8990=CARTESIAN_POINT('Ctrl Pts',(-60.3606108313275,9.23678100779764,-7.75863560407408));
#8991=CARTESIAN_POINT('Ctrl Pts',(-60.242647796761,9.2582675514357,-8.36189674889777));
#8992=CARTESIAN_POINT('Ctrl Pts',(-59.4194506062729,12.4070809035038,12.9652827033072));
#8993=CARTESIAN_POINT('Ctrl Pts',(-59.5691772954909,12.3036488753285,12.2994307041131));
#8994=CARTESIAN_POINT('Ctrl Pts',(-59.7030868373366,12.1542699035776,11.4791253054451));
#8995=CARTESIAN_POINT('Ctrl Pts',(-59.9567749163859,11.8448600520345,9.66549955572868));
#8996=CARTESIAN_POINT('Ctrl Pts',(-60.074834674905,11.6886141295927,8.65576831928123));
#8997=CARTESIAN_POINT('Ctrl Pts',(-60.3535909676748,11.3497950629312,5.63423461801407));
#8998=CARTESIAN_POINT('Ctrl Pts',(-60.5680424607314,11.0794659111016,1.43378192455833));
#8999=CARTESIAN_POINT('Ctrl Pts',(-60.4916170583519,11.0872743162288,-2.38522220740932));
#9000=CARTESIAN_POINT('Ctrl Pts',(-60.3330762718742,11.132065918316,-4.94597820444763));
#9001=CARTESIAN_POINT('Ctrl Pts',(-60.2633590539328,11.1534856687188,-5.74898068647082));
#9002=CARTESIAN_POINT('Ctrl Pts',(-60.0914935566682,11.1984092213354,-7.22707763464151));
#9003=CARTESIAN_POINT('Ctrl Pts',(-59.989345277345,11.2219130235493,-7.90217210078899));
#9004=CARTESIAN_POINT('Ctrl Pts',(-59.8716362257555,11.2410116612006,-8.49994140138367));
#9005=CARTESIAN_POINT('Ctrl Pts',(-59.2449135406629,13.3838544368575,13.310484978982));
#9006=CARTESIAN_POINT('Ctrl Pts',(-59.406422153387,13.224363474772,12.6250900832969));
#9007=CARTESIAN_POINT('Ctrl Pts',(-59.5512545596507,13.0354014393155,11.7246359173687));
#9008=CARTESIAN_POINT('Ctrl Pts',(-59.8164534500401,12.6551521067797,9.83071021998738));
#9009=CARTESIAN_POINT('Ctrl Pts',(-59.937678819505,12.4812138483852,8.78932464756959));
#9010=CARTESIAN_POINT('Ctrl Pts',(-60.2337610496394,12.059742607289,5.64295586021945));
#9011=CARTESIAN_POINT('Ctrl Pts',(-60.4482870144574,11.7653637100604,1.38856529016117));
#9012=CARTESIAN_POINT('Ctrl Pts',(-60.3706194243783,11.7639491622281,-2.44542659043358));
#9013=CARTESIAN_POINT('Ctrl Pts',(-60.2111085370039,11.8047480843533,-5.00957234673181));
#9014=CARTESIAN_POINT('Ctrl Pts',(-60.1410615420766,11.8253243638949,-5.81239623980658));
#9015=CARTESIAN_POINT('Ctrl Pts',(-59.9685995519955,11.8690965676407,-7.28864486697368));
#9016=CARTESIAN_POINT('Ctrl Pts',(-59.8661845568416,11.8922924918447,-7.96206960106601));
#9017=CARTESIAN_POINT('Ctrl Pts',(-59.7482782605971,11.911131421878,-8.55798653520053));
#9018=CARTESIAN_POINT('Ctrl Pts',(-58.8561340264086,15.5393180024459,14.2281267961122));
#9019=CARTESIAN_POINT('Ctrl Pts',(-59.0791351126438,15.0855066904002,13.385025904369));
#9020=CARTESIAN_POINT('Ctrl Pts',(-59.2519724018295,14.7600993944497,12.319344883638));
#9021=CARTESIAN_POINT('Ctrl Pts',(-59.5574544785393,14.2007282837552,10.151441929656));
#9022=CARTESIAN_POINT('Ctrl Pts',(-59.6921465527098,13.9789478263039,9.00281047209937));
#9023=CARTESIAN_POINT('Ctrl Pts',(-60.0131716825973,13.4551329041141,5.61792595452863));
#9024=CARTESIAN_POINT('Ctrl Pts',(-60.2197356087835,13.1341168749644,1.26743954469829));
#9025=CARTESIAN_POINT('Ctrl Pts',(-60.1355042677021,13.1246200512134,-2.59218653714363));
#9026=CARTESIAN_POINT('Ctrl Pts',(-59.9717526069587,13.1631263516435,-5.16151883617653));
#9027=CARTESIAN_POINT('Ctrl Pts',(-59.9004056942221,13.1835666048274,-5.96373172546274));
#9028=CARTESIAN_POINT('Ctrl Pts',(-59.7255974954869,13.2277916199795,-7.43614264336015));
#9029=CARTESIAN_POINT('Ctrl Pts',(-59.6221362094883,13.2515763819476,-8.10634067197135));
#9030=CARTESIAN_POINT('Ctrl Pts',(-59.5033235760498,13.2711008329928,-8.69875505029898));
#9031=CARTESIAN_POINT('Ctrl Pts',(-58.6418915777644,16.7180080346808,14.8005663375677));
#9032=CARTESIAN_POINT('Ctrl Pts',(-58.8808136825435,16.1472353136584,13.9596503762881));
#9033=CARTESIAN_POINT('Ctrl Pts',(-59.1009167247596,15.6373565071873,12.6465838573894));
#9034=CARTESIAN_POINT('Ctrl Pts',(-59.4348395759162,14.9719260096665,10.277465150084));
#9035=CARTESIAN_POINT('Ctrl Pts',(-59.5803377610832,14.6937525848849,9.07839693839861));
#9036=CARTESIAN_POINT('Ctrl Pts',(-59.9124122335906,14.1405756565814,5.58417480663241));
#9037=CARTESIAN_POINT('Ctrl Pts',(-60.1109396493836,13.8169722409097,1.19153043363258));
#9038=CARTESIAN_POINT('Ctrl Pts',(-60.0213867449995,13.8086160941994,-2.67874210082944));
#9039=CARTESIAN_POINT('Ctrl Pts',(-59.8543644117837,13.8488224528964,-5.24987118333707));
#9040=CARTESIAN_POINT('Ctrl Pts',(-59.7820473582238,13.8699701505837,-6.05165165778313));
#9041=CARTESIAN_POINT('Ctrl Pts',(-59.6054894436512,13.915799326013,-7.52207318741443));
#9042=CARTESIAN_POINT('Ctrl Pts',(-59.5012485826384,13.940480803755,-8.19071424259967));
#9043=CARTESIAN_POINT('Ctrl Pts',(-59.3817268566609,13.9609504834302,-8.78147843158056));
#9044=CARTESIAN_POINT('Ctrl Pts',(-58.5297958300984,17.4640243904506,15.4780809029076));
#9045=CARTESIAN_POINT('Ctrl Pts',(-58.7641384588251,16.9038464502411,14.6445057627258));
#9046=CARTESIAN_POINT('Ctrl Pts',(-58.9897950860347,16.4115705402788,13.1458427911888));
#9047=CARTESIAN_POINT('Ctrl Pts',(-59.3611939815715,15.6345350482012,10.3590009390251));
#9048=CARTESIAN_POINT('Ctrl Pts',(-59.5069362498986,15.3497754660858,9.07082205839843));
#9049=CARTESIAN_POINT('Ctrl Pts',(-59.8242915165561,14.8067712115101,5.52201155288387));
#9050=CARTESIAN_POINT('Ctrl Pts',(-60.0090050387294,14.4961026746684,1.09814933190004));
#9051=CARTESIAN_POINT('Ctrl Pts',(-59.9114917984444,14.4957563739084,-2.77901199430399));
#9052=CARTESIAN_POINT('Ctrl Pts',(-59.7398362712386,14.5412169769954,-5.35066547775669));
#9053=CARTESIAN_POINT('Ctrl Pts',(-59.6661976626713,14.5639905661339,-6.15184705370754));
#9054=CARTESIAN_POINT('Ctrl Pts',(-59.4872993196943,14.6130027689842,-7.62027025593281));
#9055=CARTESIAN_POINT('Ctrl Pts',(-59.3820395852846,14.6392413826961,-8.28751188220724));
#9056=CARTESIAN_POINT('Ctrl Pts',(-59.2615788245312,14.6613249662052,-8.87684981067196));
#9057=CARTESIAN_POINT('',(-54.4480049948834,-43.6445650562023,-7.));
#9058=CARTESIAN_POINT('Ctrl Pts',(-54.4480049948834,-43.6445650562023,-7.));
#9059=CARTESIAN_POINT('Ctrl Pts',(-55.8775745276676,-43.6909300479911,-7.));
#9060=CARTESIAN_POINT('Ctrl Pts',(-57.3259472468596,-43.7367524322248,-7.));
#9061=CARTESIAN_POINT('Ctrl Pts',(-60.0871004138866,-43.4446395832984,-7.));
#9062=CARTESIAN_POINT('Ctrl Pts',(-61.3244462300913,-43.148559248396,-7.));
#9063=CARTESIAN_POINT('Ctrl Pts',(-64.2884835939996,-41.8008870036996,-7.));
#9064=CARTESIAN_POINT('Ctrl Pts',(-65.5653173702782,-40.6392499440063,-7.));
#9065=CARTESIAN_POINT('Ctrl Pts',(-67.6727251043235,-38.3714580911248,-7.));
#9066=CARTESIAN_POINT('Ctrl Pts',(-68.7515205834842,-36.7511667793528,-7.));
#9067=CARTESIAN_POINT('Ctrl Pts',(-70.3915299784179,-32.7470990299412,-7.));
#9068=CARTESIAN_POINT('Ctrl Pts',(-70.501197985,-30.9387455428506,-7.));
#9069=CARTESIAN_POINT('Ctrl Pts',(-70.4656507800958,-27.2559484579226,-7.));
#9070=CARTESIAN_POINT('Ctrl Pts',(-69.7031803360997,-24.4771533541148,-7.));
#9071=CARTESIAN_POINT('Ctrl Pts',(-68.1817940756211,-19.9949941475089,-7.));
#9072=CARTESIAN_POINT('Ctrl Pts',(-67.6224267471825,-18.4802330244513,-7.));
#9073=CARTESIAN_POINT('Ctrl Pts',(-66.5698701857465,-15.5176281991363,-7.));
#9074=CARTESIAN_POINT('Ctrl Pts',(-65.4684892194897,-12.3701958973972,-7.));
#9075=CARTESIAN_POINT('Ctrl Pts',(-63.6632955668507,-5.7235592321693,-7.));
#9076=CARTESIAN_POINT('Ctrl Pts',(-63.1892112708212,-3.72976809090319,-7.00000000001985));
#9077=CARTESIAN_POINT('Ctrl Pts',(-62.2730359317104,0.376131951940011,-7.00000000001985));
#9078=CARTESIAN_POINT('Ctrl Pts',(-61.8227801613019,2.43820290143066,-7.00000000000836));
#9079=CARTESIAN_POINT('Ctrl Pts',(-61.1309910960977,5.76986570866023,-7.00000000000836));
#9080=CARTESIAN_POINT('Ctrl Pts',(-60.8290709842922,7.28608709215607,-7.00000000000662));
#9081=CARTESIAN_POINT('Ctrl Pts',(-60.1840668882249,10.7385912524582,-7.00000000000662));
#9082=CARTESIAN_POINT('Ctrl Pts',(-59.855425955444,12.6577913387061,-7.));
#9083=CARTESIAN_POINT('Ctrl Pts',(-59.5626726224263,14.5923311200693,-7.));
#9084=CARTESIAN_POINT('Ctrl Pts',(-56.5330019039706,-40.0802292848804,-21.8861847543526));
#9085=CARTESIAN_POINT('Ctrl Pts',(-56.6067468492133,-40.2817673077389,-21.2830185678466));
#9086=CARTESIAN_POINT('Ctrl Pts',(-56.6315769499474,-40.4963624975044,-20.5802953551987));
#9087=CARTESIAN_POINT('Ctrl Pts',(-56.596278988822,-40.9408395546789,-19.0220551328133));
#9088=CARTESIAN_POINT('Ctrl Pts',(-56.5361509269624,-41.170721422088,-18.1665381230757));
#9089=CARTESIAN_POINT('Ctrl Pts',(-56.2476367871284,-41.8670555565253,-15.4402767810199));
#9090=CARTESIAN_POINT('Ctrl Pts',(-55.672620918283,-42.6755266001115,-11.9707730126481));
#9091=CARTESIAN_POINT('Ctrl Pts',(-54.8269801529834,-43.3835793311384,-8.42049079663021));
#9092=CARTESIAN_POINT('Ctrl Pts',(-54.4480049948834,-43.6445650562023,-7.));
#9093=CARTESIAN_POINT('Ctrl Pts',(52.6621297127038,-44.652237900038,-0.153232588679579));
#9094=CARTESIAN_POINT('Ctrl Pts',(52.959133434048,-44.5882702041158,-0.867063027241258));
#9095=CARTESIAN_POINT('Ctrl Pts',(53.2587084165775,-44.4940490504196,-1.66661746043791));
#9096=CARTESIAN_POINT('Ctrl Pts',(53.8501293775832,-44.2559274836495,-3.39085406090694));
#9097=CARTESIAN_POINT('Ctrl Pts',(54.7256673130123,-43.8242262444278,-6.16490056272406));
#9098=CARTESIAN_POINT('Ctrl Pts',(56.0303932268204,-42.8133371550021,-11.3793674906971));
#9099=CARTESIAN_POINT('Ctrl Pts',(56.8716833073949,-41.6304851569061,-16.4555041036006));
#9100=CARTESIAN_POINT('Ctrl Pts',(57.0520674929735,-40.9408395546789,-19.0220551328133));
#9101=CARTESIAN_POINT('Ctrl Pts',(57.087365454099,-40.4963624975044,-20.5802953551987));
#9102=CARTESIAN_POINT('Ctrl Pts',(57.0625353533649,-40.2817673077389,-21.2830185678466));
#9103=CARTESIAN_POINT('Ctrl Pts',(56.9887904081222,-40.0802292848804,-21.8861847543526));
#9104=CARTESIAN_POINT('Ctrl Pts',(52.3651259913596,-44.7162055959602,0.5605978498821));
#9105=CARTESIAN_POINT('Ctrl Pts',(52.664700973889,-44.621984442264,-0.238956583314552));
#9106=CARTESIAN_POINT('Ctrl Pts',(52.9536993063348,-44.4740046462421,-1.19618804401885));
#9107=CARTESIAN_POINT('Ctrl Pts',(53.534437749749,-44.1950883006119,-3.04267152905402));
#9108=CARTESIAN_POINT('Ctrl Pts',(54.3937931075288,-43.7216406882982,-5.94694314330807));
#9109=CARTESIAN_POINT('Ctrl Pts',(55.6828163518952,-42.6843649734994,-11.2756197543949));
#9110=CARTESIAN_POINT('Ctrl Pts',(56.5470234157975,-41.4894565924194,-16.4774935766679));
#9111=CARTESIAN_POINT('Ctrl Pts',(56.7865333466273,-40.7860085897591,-19.1967483945163));
#9112=CARTESIAN_POINT('Ctrl Pts',(56.8825951477847,-40.3272477021444,-20.8985614250412));
#9113=CARTESIAN_POINT('Ctrl Pts',(56.9398755636136,-40.0932864517873,-21.7866277282107));
#9114=CARTESIAN_POINT('Ctrl Pts',(56.9150454628795,-39.8786912620219,-22.4893509408586));
#9115=CARTESIAN_POINT('Ctrl Pts',(52.0706935312006,-44.7499198341085,1.18870429380881));
#9116=CARTESIAN_POINT('Ctrl Pts',(52.3596918636463,-44.6019400380866,0.231472833104506));
#9117=CARTESIAN_POINT('Ctrl Pts',(52.6489044678575,-44.4514391205835,-0.732902293819374));
#9118=CARTESIAN_POINT('Ctrl Pts',(53.2188532577974,-44.1329885568336,-2.69806083031088));
#9119=CARTESIAN_POINT('Ctrl Pts',(54.0619189020453,-43.6190551321686,-5.72898572389209));
#9120=CARTESIAN_POINT('Ctrl Pts',(55.33523947697,-42.5553927919966,-11.1718720180927));
#9121=CARTESIAN_POINT('Ctrl Pts',(56.2223635242,-41.3484280279326,-16.4994830497352));
#9122=CARTESIAN_POINT('Ctrl Pts',(56.5189610817599,-40.6317216734605,-19.3672934467969));
#9123=CARTESIAN_POINT('Ctrl Pts',(56.673748604428,-40.1592210040268,-21.2085310760385));
#9124=CARTESIAN_POINT('Ctrl Pts',(56.7351052572993,-39.9241716564274,-22.1048937980531));
#9125=CARTESIAN_POINT('Ctrl Pts',(56.7923856731283,-39.6902104060703,-22.9929601012226));
#9126=CARTESIAN_POINT('Ctrl Pts',(51.4807630803773,-44.762308212194,2.29906448703301));
#9127=CARTESIAN_POINT('Ctrl Pts',(51.7582287640229,-44.5736775143714,1.22147633583789));
#9128=CARTESIAN_POINT('Ctrl Pts',(52.0358015835512,-44.3837862558082,0.140316351532979));
#9129=CARTESIAN_POINT('Ctrl Pts',(52.5833236526705,-43.9992244580894,-2.02503784973059));
#9130=CARTESIAN_POINT('Ctrl Pts',(53.3938142167398,-43.4076494761789,-5.29905149926532));
#9131=CARTESIAN_POINT('Ctrl Pts',(54.6350993891851,-42.293276730782,-10.9619868949034));
#9132=CARTESIAN_POINT('Ctrl Pts',(55.5650136111766,-41.0633664061222,-16.531981610104));
#9133=CARTESIAN_POINT('Ctrl Pts',(55.9703598804112,-40.3214582251476,-19.6850643045115));
#9134=CARTESIAN_POINT('Ctrl Pts',(56.2215968009397,-39.8269565990992,-21.7619807652813));
#9135=CARTESIAN_POINT('Ctrl Pts',(56.3417945354324,-39.5786696028,-22.7961660800938));
#9136=CARTESIAN_POINT('Ctrl Pts',(56.4599541514039,-39.3309266551219,-23.8262031854837));
#9137=CARTESIAN_POINT('Ctrl Pts',(50.5942691083847,-44.6983306320058,3.74582573492551));
#9138=CARTESIAN_POINT('Ctrl Pts',(50.8530018207552,-44.4683851922697,2.54368305351939));
#9139=CARTESIAN_POINT('Ctrl Pts',(51.1117345331256,-44.2384397525336,1.34154037211328));
#9140=CARTESIAN_POINT('Ctrl Pts',(51.6241311284405,-43.7766680287478,-1.06123200287788));
#9141=CARTESIAN_POINT('Ctrl Pts',(52.3851227772738,-43.0811891765987,-4.663121083633));
#9142=CARTESIAN_POINT('Ctrl Pts',(53.5774097506062,-41.8938450916465,-10.6435747342421));
#9143=CARTESIAN_POINT('Ctrl Pts',(54.5669435468987,-40.631267234151,-16.5635088720082));
#9144=CARTESIAN_POINT('Ctrl Pts',(55.1150443598404,-39.8567929208315,-20.1018524642783));
#9145=CARTESIAN_POINT('Ctrl Pts',(55.4753760723755,-39.3385958676382,-22.4592352046372));
#9146=CARTESIAN_POINT('Ctrl Pts',(55.65300751393,-39.0785569188848,-23.6371700809061));
#9147=CARTESIAN_POINT('Ctrl Pts',(55.8306389554846,-38.8185179701314,-24.815104957175));
#9148=CARTESIAN_POINT('Ctrl Pts',(48.4494105482377,-44.0285301623896,5.85889928012916));
#9149=CARTESIAN_POINT('Ctrl Pts',(48.6623558495484,-43.7656720047966,4.54978847647254));
#9150=CARTESIAN_POINT('Ctrl Pts',(48.875301150859,-43.5028138472036,3.24067767281592));
#9151=CARTESIAN_POINT('Ctrl Pts',(49.3011917534803,-42.9770975320176,0.622456065502683));
#9152=CARTESIAN_POINT('Ctrl Pts',(49.9400276574122,-42.1885230592385,-3.30487634546717));
#9153=CARTESIAN_POINT('Ctrl Pts',(51.0047541639654,-40.8742322712735,-9.85043036375027));
#9154=CARTESIAN_POINT('Ctrl Pts',(52.0694806705186,-39.5599414833084,-16.3959843820334));
#9155=CARTESIAN_POINT('Ctrl Pts',(52.7083165744506,-38.7713670105293,-20.3233167930032));
#9156=CARTESIAN_POINT('Ctrl Pts',(53.1342071770718,-38.2456506953433,-22.9415384003165));
#9157=CARTESIAN_POINT('Ctrl Pts',(53.3471524783825,-37.9827925377503,-24.2506492039731));
#9158=CARTESIAN_POINT('Ctrl Pts',(53.5600977796931,-37.7199343801573,-25.5597600076297));
#9159=CARTESIAN_POINT('Ctrl Pts',(43.3327264844068,-41.0660640827533,7.18424032084353));
#9160=CARTESIAN_POINT('Ctrl Pts',(43.4734774621811,-40.8217388534743,5.93033026706416));
#9161=CARTESIAN_POINT('Ctrl Pts',(43.6142284399554,-40.5774136241953,4.67642021328478));
#9162=CARTESIAN_POINT('Ctrl Pts',(43.8957303955041,-40.0887631656373,2.16860010572603));
#9163=CARTESIAN_POINT('Ctrl Pts',(44.317983328827,-39.3557874778002,-1.59313005561209));
#9164=CARTESIAN_POINT('Ctrl Pts',(45.0217382176986,-38.1341613314051,-7.86268032450897));
#9165=CARTESIAN_POINT('Ctrl Pts',(45.7254931065702,-36.9125351850101,-14.1322305934058));
#9166=CARTESIAN_POINT('Ctrl Pts',(46.1477460398932,-36.179559497173,-17.893960754744));
#9167=CARTESIAN_POINT('Ctrl Pts',(46.4292479954418,-35.690909038615,-20.4017808623027));
#9168=CARTESIAN_POINT('Ctrl Pts',(46.5699989732162,-35.446583809336,-21.6556909160821));
#9169=CARTESIAN_POINT('Ctrl Pts',(46.7107499509905,-35.2022585800569,-22.9096009698615));
#9170=CARTESIAN_POINT('Ctrl Pts',(30.6805497457059,-34.8212844610034,13.0753088074412));
#9171=CARTESIAN_POINT('Ctrl Pts',(30.8803369054651,-34.4804134825667,11.7237027572341));
#9172=CARTESIAN_POINT('Ctrl Pts',(31.0801240652243,-34.1395425041301,10.3720967070271));
#9173=CARTESIAN_POINT('Ctrl Pts',(31.4796983847428,-33.4578005472567,7.66888460661287));
#9174=CARTESIAN_POINT('Ctrl Pts',(32.0790598640205,-32.4351876119467,3.6140664559916));
#9175=CARTESIAN_POINT('Ctrl Pts',(33.0779956628167,-30.7308327197634,-3.14396379504385));
#9176=CARTESIAN_POINT('Ctrl Pts',(34.0769314616129,-29.0264778275801,-9.9019940460793));
#9177=CARTESIAN_POINT('Ctrl Pts',(34.6762929408906,-28.0038648922701,-13.9568121967006));
#9178=CARTESIAN_POINT('Ctrl Pts',(35.0758672604091,-27.3221229353968,-16.6600242971148));
#9179=CARTESIAN_POINT('Ctrl Pts',(35.2756544201683,-26.9812519569601,-18.0116303473218));
#9180=CARTESIAN_POINT('Ctrl Pts',(35.4754415799275,-26.6403809785234,-19.3632363975289));
#9181=CARTESIAN_POINT('Ctrl Pts',(30.7495546962854,-30.2922262212104,13.5264503757975));
#9182=CARTESIAN_POINT('Ctrl Pts',(30.7124004493787,-30.057379622433,12.199497289886));
#9183=CARTESIAN_POINT('Ctrl Pts',(30.675246202472,-29.8225330236556,10.8725442039746));
#9184=CARTESIAN_POINT('Ctrl Pts',(30.6009377086586,-29.3528398261008,8.21863803215168));
#9185=CARTESIAN_POINT('Ctrl Pts',(30.4894749679385,-28.6483000297686,4.23777877441733));
#9186=CARTESIAN_POINT('Ctrl Pts',(30.303703733405,-27.4740670358816,-2.3969866551399));
#9187=CARTESIAN_POINT('Ctrl Pts',(30.1179324988715,-26.2998340419946,-9.03175208469714));
#9188=CARTESIAN_POINT('Ctrl Pts',(30.0064697581514,-25.5952942456624,-13.0126113424315));
#9189=CARTESIAN_POINT('Ctrl Pts',(29.932161264338,-25.1256010481076,-15.6665175142544));
#9190=CARTESIAN_POINT('Ctrl Pts',(29.8950070174313,-24.8907544493302,-16.9934706001658));
#9191=CARTESIAN_POINT('Ctrl Pts',(29.8578527705246,-24.6559078505528,-18.3204236860773));
#9192=CARTESIAN_POINT('Ctrl Pts',(19.8135537465426,-30.0825752252277,13.4049981093525));
#9193=CARTESIAN_POINT('Ctrl Pts',(19.7129293994386,-29.7650141635009,12.1475417353972));
#9194=CARTESIAN_POINT('Ctrl Pts',(19.6123050523346,-29.4474531017742,10.8900853614419));
#9195=CARTESIAN_POINT('Ctrl Pts',(19.4110563581265,-28.8123309783207,8.37517261353122));
#9196=CARTESIAN_POINT('Ctrl Pts',(19.1091833168145,-27.8596477931405,4.60280349166521));
#9197=CARTESIAN_POINT('Ctrl Pts',(18.6060615812944,-26.2718424845068,-1.68447837811145));
#9198=CARTESIAN_POINT('Ctrl Pts',(18.1029398457743,-24.6840371758731,-7.97176024788812));
#9199=CARTESIAN_POINT('Ctrl Pts',(17.8010668044622,-23.7313539906929,-11.7441293697541));
#9200=CARTESIAN_POINT('Ctrl Pts',(17.5998181102541,-23.0962318672394,-14.2590421176648));
#9201=CARTESIAN_POINT('Ctrl Pts',(17.4991937631501,-22.7786708055127,-15.5164984916201));
#9202=CARTESIAN_POINT('Ctrl Pts',(17.3985694160461,-22.4611097437859,-16.7739548655755));
#9203=CARTESIAN_POINT('Ctrl Pts',(19.4314226498896,-30.2771645655302,14.5169284392601));
#9204=CARTESIAN_POINT('Ctrl Pts',(18.9540450116756,-29.9725667261074,13.4831784500362));
#9205=CARTESIAN_POINT('Ctrl Pts',(18.4766673734615,-29.6679688866846,12.4494284608123));
#9206=CARTESIAN_POINT('Ctrl Pts',(17.5219120970334,-29.058773207839,10.3819284823644));
#9207=CARTESIAN_POINT('Ctrl Pts',(16.0897791823913,-28.1449796895706,7.28067851469263));
#9208=CARTESIAN_POINT('Ctrl Pts',(13.702890991321,-26.6219904924566,2.11192856857301));
#9209=CARTESIAN_POINT('Ctrl Pts',(11.3160028002507,-25.0990012953427,-3.05682137754662));
#9210=CARTESIAN_POINT('Ctrl Pts',(9.88386988560858,-24.1852077770743,-6.15807134521839));
#9211=CARTESIAN_POINT('Ctrl Pts',(8.92911460918048,-23.5760120982287,-8.22557132366624));
#9212=CARTESIAN_POINT('Ctrl Pts',(8.45173697096643,-23.2714142588059,-9.25932131289017));
#9213=CARTESIAN_POINT('Ctrl Pts',(7.97435933275238,-22.9668164193831,-10.2930713021141));
#9214=CARTESIAN_POINT('Ctrl Pts',(0.227894252075798,-30.9946058978828,14.2267172307862));
#9215=CARTESIAN_POINT('Ctrl Pts',(0.227894252075798,-30.550989669612,13.0437548260115));
#9216=CARTESIAN_POINT('Ctrl Pts',(0.227894252075798,-30.1073734413411,11.8607924212367));
#9217=CARTESIAN_POINT('Ctrl Pts',(0.227894252075798,-29.2201409847995,9.49486761168714));
#9218=CARTESIAN_POINT('Ctrl Pts',(0.227894252075798,-27.889292299987,5.94598039736281));
#9219=CARTESIAN_POINT('Ctrl Pts',(0.227894252075798,-25.6712111586329,0.0311683734889279));
#9220=CARTESIAN_POINT('Ctrl Pts',(0.227894252075798,-23.4531300172789,-5.88364365038496));
#9221=CARTESIAN_POINT('Ctrl Pts',(0.227894252075798,-22.1222813324664,-9.43253086470929));
#9222=CARTESIAN_POINT('Ctrl Pts',(0.227894252075798,-21.2350488759248,-11.7984556742588));
#9223=CARTESIAN_POINT('Ctrl Pts',(0.227894252075798,-20.791432647654,-12.9814180790336));
#9224=CARTESIAN_POINT('Ctrl Pts',(0.227894252075798,-20.3478164193831,-14.1643804838084));
#9225=CARTESIAN_POINT('Ctrl Pts',(-18.975634145738,-30.2771645655302,14.5169284392601));
#9226=CARTESIAN_POINT('Ctrl Pts',(-18.498256507524,-29.9725667261074,13.4831784500362));
#9227=CARTESIAN_POINT('Ctrl Pts',(-18.0208788693099,-29.6679688866846,12.4494284608123));
#9228=CARTESIAN_POINT('Ctrl Pts',(-17.0661235928818,-29.058773207839,10.3819284823644));
#9229=CARTESIAN_POINT('Ctrl Pts',(-15.6339906782397,-28.1449796895706,7.28067851469263));
#9230=CARTESIAN_POINT('Ctrl Pts',(-13.2471024871694,-26.6219904924566,2.11192856857301));
#9231=CARTESIAN_POINT('Ctrl Pts',(-10.8602142960991,-25.0990012953427,-3.05682137754662));
#9232=CARTESIAN_POINT('Ctrl Pts',(-9.42808138145699,-24.1852077770743,-6.15807134521839));
#9233=CARTESIAN_POINT('Ctrl Pts',(-8.47332610502889,-23.5760120982287,-8.22557132366624));
#9234=CARTESIAN_POINT('Ctrl Pts',(-7.99594846681484,-23.2714142588059,-9.25932131289017));
#9235=CARTESIAN_POINT('Ctrl Pts',(-7.51857082860078,-22.9668164193831,-10.2930713021141));
#9236=CARTESIAN_POINT('Ctrl Pts',(-19.3577652423911,-30.0825752252277,13.4049981093525));
#9237=CARTESIAN_POINT('Ctrl Pts',(-19.257140895287,-29.765014163501,12.1475417353972));
#9238=CARTESIAN_POINT('Ctrl Pts',(-19.156516548183,-29.4474531017742,10.8900853614419));
#9239=CARTESIAN_POINT('Ctrl Pts',(-18.955267853975,-28.8123309783207,8.37517261353121));
#9240=CARTESIAN_POINT('Ctrl Pts',(-18.6533948126629,-27.8596477931405,4.60280349166521));
#9241=CARTESIAN_POINT('Ctrl Pts',(-18.1502730771428,-26.2718424845068,-1.68447837811145));
#9242=CARTESIAN_POINT('Ctrl Pts',(-17.6471513416227,-24.6840371758731,-7.97176024788811));
#9243=CARTESIAN_POINT('Ctrl Pts',(-17.3452783003106,-23.7313539906929,-11.7441293697541));
#9244=CARTESIAN_POINT('Ctrl Pts',(-17.1440296061026,-23.0962318672394,-14.2590421176648));
#9245=CARTESIAN_POINT('Ctrl Pts',(-17.0434052589985,-22.7786708055127,-15.5164984916201));
#9246=CARTESIAN_POINT('Ctrl Pts',(-16.9427809118945,-22.4611097437859,-16.7739548655754));
#9247=CARTESIAN_POINT('Ctrl Pts',(-30.2937661921338,-30.2922262212104,13.5264503757975));
#9248=CARTESIAN_POINT('Ctrl Pts',(-30.2566119452271,-30.057379622433,12.199497289886));
#9249=CARTESIAN_POINT('Ctrl Pts',(-30.2194576983204,-29.8225330236556,10.8725442039746));
#9250=CARTESIAN_POINT('Ctrl Pts',(-30.145149204507,-29.3528398261008,8.21863803215168));
#9251=CARTESIAN_POINT('Ctrl Pts',(-30.0336864637869,-28.6483000297686,4.23777877441733));
#9252=CARTESIAN_POINT('Ctrl Pts',(-29.8479152292534,-27.4740670358816,-2.3969866551399));
#9253=CARTESIAN_POINT('Ctrl Pts',(-29.6621439947199,-26.2998340419946,-9.03175208469714));
#9254=CARTESIAN_POINT('Ctrl Pts',(-29.5506812539998,-25.5952942456624,-13.0126113424315));
#9255=CARTESIAN_POINT('Ctrl Pts',(-29.4763727601864,-25.1256010481076,-15.6665175142544));
#9256=CARTESIAN_POINT('Ctrl Pts',(-29.4392185132797,-24.8907544493302,-16.9934706001658));
#9257=CARTESIAN_POINT('Ctrl Pts',(-29.402064266373,-24.6559078505528,-18.3204236860773));
#9258=CARTESIAN_POINT('Ctrl Pts',(-30.2247612415543,-34.8212844610034,13.0753088074412));
#9259=CARTESIAN_POINT('Ctrl Pts',(-30.4245484013135,-34.4804134825667,11.7237027572341));
#9260=CARTESIAN_POINT('Ctrl Pts',(-30.6243355610727,-34.1395425041301,10.3720967070271));
#9261=CARTESIAN_POINT('Ctrl Pts',(-31.0239098805912,-33.4578005472567,7.66888460661287));
#9262=CARTESIAN_POINT('Ctrl Pts',(-31.6232713598689,-32.4351876119467,3.6140664559916));
#9263=CARTESIAN_POINT('Ctrl Pts',(-32.6222071586651,-30.7308327197634,-3.14396379504385));
#9264=CARTESIAN_POINT('Ctrl Pts',(-33.6211429574613,-29.0264778275801,-9.9019940460793));
#9265=CARTESIAN_POINT('Ctrl Pts',(-34.220504436739,-28.0038648922701,-13.9568121967006));
#9266=CARTESIAN_POINT('Ctrl Pts',(-34.6200787562575,-27.3221229353968,-16.6600242971147));
#9267=CARTESIAN_POINT('Ctrl Pts',(-34.8198659160167,-26.9812519569601,-18.0116303473218));
#9268=CARTESIAN_POINT('Ctrl Pts',(-35.0196530757759,-26.6403809785234,-19.3632363975289));
#9269=CARTESIAN_POINT('Ctrl Pts',(-42.8769379802552,-41.0660640827533,7.18424032084353));
#9270=CARTESIAN_POINT('Ctrl Pts',(-43.0176889580295,-40.8217388534743,5.93033026706416));
#9271=CARTESIAN_POINT('Ctrl Pts',(-43.1584399358038,-40.5774136241953,4.67642021328478));
#9272=CARTESIAN_POINT('Ctrl Pts',(-43.4399418913525,-40.0887631656373,2.16860010572603));
#9273=CARTESIAN_POINT('Ctrl Pts',(-43.8621948246754,-39.3557874778002,-1.59313005561209));
#9274=CARTESIAN_POINT('Ctrl Pts',(-44.565949713547,-38.1341613314051,-7.86268032450896));
#9275=CARTESIAN_POINT('Ctrl Pts',(-45.2697046024186,-36.9125351850101,-14.1322305934058));
#9276=CARTESIAN_POINT('Ctrl Pts',(-45.6919575357416,-36.179559497173,-17.893960754744));
#9277=CARTESIAN_POINT('Ctrl Pts',(-45.9734594912903,-35.690909038615,-20.4017808623027));
#9278=CARTESIAN_POINT('Ctrl Pts',(-46.1142104690646,-35.446583809336,-21.6556909160821));
#9279=CARTESIAN_POINT('Ctrl Pts',(-46.2549614468389,-35.2022585800569,-22.9096009698615));
#9280=CARTESIAN_POINT('Ctrl Pts',(-47.9936220440861,-44.0285301623896,5.85889928012916));
#9281=CARTESIAN_POINT('Ctrl Pts',(-48.2065673453967,-43.7656720047966,4.54978847647254));
#9282=CARTESIAN_POINT('Ctrl Pts',(-48.4195126467074,-43.5028138472036,3.24067767281592));
#9283=CARTESIAN_POINT('Ctrl Pts',(-48.8454032493287,-42.9770975320176,0.622456065502683));
#9284=CARTESIAN_POINT('Ctrl Pts',(-49.4842391532606,-42.1885230592385,-3.30487634546717));
#9285=CARTESIAN_POINT('Ctrl Pts',(-50.5489656598138,-40.8742322712735,-9.85043036375025));
#9286=CARTESIAN_POINT('Ctrl Pts',(-51.613692166367,-39.5599414833084,-16.3959843820334));
#9287=CARTESIAN_POINT('Ctrl Pts',(-52.2525280702989,-38.7713670105293,-20.3233167930032));
#9288=CARTESIAN_POINT('Ctrl Pts',(-52.6784186729202,-38.2456506953433,-22.9415384003164));
#9289=CARTESIAN_POINT('Ctrl Pts',(-52.8913639742309,-37.9827925377503,-24.2506492039731));
#9290=CARTESIAN_POINT('Ctrl Pts',(-53.1043092755415,-37.7199343801573,-25.5597600076297));
#9291=CARTESIAN_POINT('Ctrl Pts',(-50.1384806042331,-44.6983306320058,3.74582573492551));
#9292=CARTESIAN_POINT('Ctrl Pts',(-50.3972133166036,-44.4683851922697,2.5436830535194));
#9293=CARTESIAN_POINT('Ctrl Pts',(-50.655946028974,-44.2384397525336,1.34154037211328));
#9294=CARTESIAN_POINT('Ctrl Pts',(-51.1683426242889,-43.7766680287478,-1.06123200287788));
#9295=CARTESIAN_POINT('Ctrl Pts',(-51.9293342731222,-43.0811891765987,-4.663121083633));
#9296=CARTESIAN_POINT('Ctrl Pts',(-53.1216212464546,-41.8938450916465,-10.6435747342421));
#9297=CARTESIAN_POINT('Ctrl Pts',(-54.1111550427472,-40.6312672341511,-16.5635088720082));
#9298=CARTESIAN_POINT('Ctrl Pts',(-54.6592558556888,-39.8567929208315,-20.1018524642782));
#9299=CARTESIAN_POINT('Ctrl Pts',(-55.0195875682239,-39.3385958676383,-22.4592352046372));
#9300=CARTESIAN_POINT('Ctrl Pts',(-55.1972190097785,-39.0785569188848,-23.6371700809061));
#9301=CARTESIAN_POINT('Ctrl Pts',(-55.374850451333,-38.8185179701314,-24.815104957175));
#9302=CARTESIAN_POINT('Ctrl Pts',(-51.0249745762257,-44.762308212194,2.29906448703301));
#9303=CARTESIAN_POINT('Ctrl Pts',(-51.3024402598713,-44.5736775143714,1.22147633583789));
#9304=CARTESIAN_POINT('Ctrl Pts',(-51.5800130793996,-44.3837862558082,0.140316351532981));
#9305=CARTESIAN_POINT('Ctrl Pts',(-52.1275351485189,-43.9992244580893,-2.02503784973059));
#9306=CARTESIAN_POINT('Ctrl Pts',(-52.9380257125882,-43.4076494761789,-5.29905149926532));
#9307=CARTESIAN_POINT('Ctrl Pts',(-54.1793108850335,-42.293276730782,-10.9619868949034));
#9308=CARTESIAN_POINT('Ctrl Pts',(-55.109225107025,-41.0633664061222,-16.531981610104));
#9309=CARTESIAN_POINT('Ctrl Pts',(-55.5145713762596,-40.3214582251476,-19.6850643045115));
#9310=CARTESIAN_POINT('Ctrl Pts',(-55.7658082967881,-39.8269565990991,-21.7619807652813));
#9311=CARTESIAN_POINT('Ctrl Pts',(-55.8860060312808,-39.5786696028,-22.7961660800938));
#9312=CARTESIAN_POINT('Ctrl Pts',(-56.0041656472523,-39.3309266551219,-23.8262031854837));
#9313=CARTESIAN_POINT('Ctrl Pts',(-51.614905027049,-44.7499198341085,1.18870429380881));
#9314=CARTESIAN_POINT('Ctrl Pts',(-51.9039033594947,-44.6019400380866,0.231472833104506));
#9315=CARTESIAN_POINT('Ctrl Pts',(-52.1931159637059,-44.4514391205835,-0.732902293819372));
#9316=CARTESIAN_POINT('Ctrl Pts',(-52.7630647536458,-44.1329885568336,-2.69806083031088));
#9317=CARTESIAN_POINT('Ctrl Pts',(-53.6061303978937,-43.6190551321686,-5.72898572389209));
#9318=CARTESIAN_POINT('Ctrl Pts',(-54.8794509728184,-42.5553927919966,-11.1718720180927));
#9319=CARTESIAN_POINT('Ctrl Pts',(-55.7665750200484,-41.3484280279327,-16.4994830497352));
#9320=CARTESIAN_POINT('Ctrl Pts',(-56.0631725776083,-40.6317216734605,-19.3672934467969));
#9321=CARTESIAN_POINT('Ctrl Pts',(-56.2179601002764,-40.1592210040268,-21.2085310760385));
#9322=CARTESIAN_POINT('Ctrl Pts',(-56.2793167531477,-39.9241716564274,-22.1048937980531));
#9323=CARTESIAN_POINT('Ctrl Pts',(-56.3365971689767,-39.6902104060703,-22.9929601012226));
#9324=CARTESIAN_POINT('Ctrl Pts',(-51.909337487208,-44.7162055959602,0.560597849882101));
#9325=CARTESIAN_POINT('Ctrl Pts',(-52.2089124697374,-44.621984442264,-0.238956583314552));
#9326=CARTESIAN_POINT('Ctrl Pts',(-52.4979108021832,-44.4740046462421,-1.19618804401885));
#9327=CARTESIAN_POINT('Ctrl Pts',(-53.0786492455974,-44.1950883006119,-3.04267152905402));
#9328=CARTESIAN_POINT('Ctrl Pts',(-53.9380046033772,-43.7216406882982,-5.94694314330807));
#9329=CARTESIAN_POINT('Ctrl Pts',(-55.2270278477436,-42.6843649734994,-11.2756197543949));
#9330=CARTESIAN_POINT('Ctrl Pts',(-56.0912349116459,-41.4894565924194,-16.4774935766679));
#9331=CARTESIAN_POINT('Ctrl Pts',(-56.3307448424757,-40.7860085897591,-19.1967483945163));
#9332=CARTESIAN_POINT('Ctrl Pts',(-56.4268066436331,-40.3272477021444,-20.8985614250412));
#9333=CARTESIAN_POINT('Ctrl Pts',(-56.484087059462,-40.0932864517873,-21.7866277282107));
#9334=CARTESIAN_POINT('Ctrl Pts',(-56.4592569587279,-39.8786912620219,-22.4893509408586));
#9335=CARTESIAN_POINT('Ctrl Pts',(-52.2063412085522,-44.652237900038,-0.153232588679579));
#9336=CARTESIAN_POINT('Ctrl Pts',(-52.5033449298965,-44.5882702041158,-0.867063027241258));
#9337=CARTESIAN_POINT('Ctrl Pts',(-52.8029199124259,-44.4940490504196,-1.66661746043791));
#9338=CARTESIAN_POINT('Ctrl Pts',(-53.3943408734316,-44.2559274836495,-3.39085406090694));
#9339=CARTESIAN_POINT('Ctrl Pts',(-54.2698788088607,-43.8242262444278,-6.16490056272406));
#9340=CARTESIAN_POINT('Ctrl Pts',(-55.5746047226688,-42.8133371550021,-11.3793674906971));
#9341=CARTESIAN_POINT('Ctrl Pts',(-56.4158948032433,-41.6304851569061,-16.4555041036006));
#9342=CARTESIAN_POINT('Ctrl Pts',(-56.596278988822,-40.9408395546789,-19.0220551328133));
#9343=CARTESIAN_POINT('Ctrl Pts',(-56.6315769499474,-40.4963624975044,-20.5802953551987));
#9344=CARTESIAN_POINT('Ctrl Pts',(-56.6067468492133,-40.2817673077389,-21.2830185678466));
#9345=CARTESIAN_POINT('Ctrl Pts',(-56.5330019039706,-40.0802292848804,-21.8861847543526));
#9346=CARTESIAN_POINT('',(54.903793499035,-43.6445650562023,-7.));
#9347=CARTESIAN_POINT('Ctrl Pts',(54.903793499035,-43.6445650562023,-7.));
#9348=CARTESIAN_POINT('Ctrl Pts',(53.0905447647291,-42.7205065362765,-7.));
#9349=CARTESIAN_POINT('Ctrl Pts',(50.8052568945124,-41.6417345239222,-6.99999999986349));
#9350=CARTESIAN_POINT('Ctrl Pts',(44.8770564899226,-38.1019224340791,-6.99999999986349));
#9351=CARTESIAN_POINT('Ctrl Pts',(41.802986124193,-35.9930723287879,-7.));
#9352=CARTESIAN_POINT('Ctrl Pts',(36.8240476891593,-32.1768166604271,-7.));
#9353=CARTESIAN_POINT('Ctrl Pts',(35.2941888340129,-30.9339271221069,-7.));
#9354=CARTESIAN_POINT('Ctrl Pts',(33.1935417985824,-29.2277923979916,-7.));
#9355=CARTESIAN_POINT('Ctrl Pts',(32.1943089147499,-28.4278302937185,-7.));
#9356=CARTESIAN_POINT('Ctrl Pts',(30.1773781098715,-27.3412879587748,-7.));
#9357=CARTESIAN_POINT('Ctrl Pts',(29.27679690661,-27.0096142656961,-7.));
#9358=CARTESIAN_POINT('Ctrl Pts',(26.4770781425306,-26.2552662089747,-7.));
#9359=CARTESIAN_POINT('Ctrl Pts',(24.3830450597573,-25.8875048866054,-6.99999999999289));
#9360=CARTESIAN_POINT('Ctrl Pts',(20.6409478965657,-25.3164510880902,-6.99999999999289));
#9361=CARTESIAN_POINT('Ctrl Pts',(18.3522980059308,-25.0103550854924,-6.9999999999148));
#9362=CARTESIAN_POINT('Ctrl Pts',(15.7686609427164,-24.6776932007311,-6.9999999999148));
#9363=CARTESIAN_POINT('Ctrl Pts',(14.800574023053,-24.5586088143992,-7.));
#9364=CARTESIAN_POINT('Ctrl Pts',(12.7303260441031,-24.3094370305439,-7.));
#9365=CARTESIAN_POINT('Ctrl Pts',(11.8000215365021,-24.1995936559297,-7.));
#9366=CARTESIAN_POINT('Ctrl Pts',(9.94993069920898,-23.9765853000951,-7.));
#9367=CARTESIAN_POINT('Ctrl Pts',(9.57052736314105,-23.9304034362692,-7.));
#9368=CARTESIAN_POINT('Ctrl Pts',(8.81523836328199,-23.8393221330585,-7.));
#9369=CARTESIAN_POINT('Ctrl Pts',(8.4120608468831,-23.7912515000481,-6.99999999989446));
#9370=CARTESIAN_POINT('Ctrl Pts',(7.19731589485094,-23.6524897441804,-6.99999999989446));
#9371=CARTESIAN_POINT('Ctrl Pts',(6.42927597086724,-23.5728269358943,-7.));
#9372=CARTESIAN_POINT('Ctrl Pts',(4.55477998893473,-23.414697707717,-7.));
#9373=CARTESIAN_POINT('Ctrl Pts',(3.52118452797063,-23.3540934203195,-6.99999999998733));
#9374=CARTESIAN_POINT('Ctrl Pts',(1.74841476533441,-23.2937947618592,-6.99999999998733));
#9375=CARTESIAN_POINT('Ctrl Pts',(1.02800911537306,-23.2810861681057,-7.00000000000002));
#9376=CARTESIAN_POINT('Ctrl Pts',(-0.321977773121686,-23.2792469847453,
-7.00000000000002));
#9377=CARTESIAN_POINT('Ctrl Pts',(-0.964129562545791,-23.2878695501669,
-6.99999999999999));
#9378=CARTESIAN_POINT('Ctrl Pts',(-2.95557920089512,-23.343148399411,-6.99999999999999));
#9379=CARTESIAN_POINT('Ctrl Pts',(-4.25681781942082,-23.4196869109026,-7.));
#9380=CARTESIAN_POINT('Ctrl Pts',(-6.34758227782996,-23.6112087659236,-7.));
#9381=CARTESIAN_POINT('Ctrl Pts',(-7.02298669300729,-23.6838078341026,-7.));
#9382=CARTESIAN_POINT('Ctrl Pts',(-8.119600979555,-23.8105624276292,-7.));
#9383=CARTESIAN_POINT('Ctrl Pts',(-8.51399552414309,-23.857873411046,-7.00000000000754));
#9384=CARTESIAN_POINT('Ctrl Pts',(-9.1799059943835,-23.9383572050734,-7.00000000000754));
#9385=CARTESIAN_POINT('Ctrl Pts',(-9.65500475113022,-23.99608202446,-7.));
#9386=CARTESIAN_POINT('Ctrl Pts',(-11.2045928561224,-24.1825484359169,-7.));
#9387=CARTESIAN_POINT('Ctrl Pts',(-11.9797407091898,-24.2745726781638,-6.99999999998961));
#9388=CARTESIAN_POINT('Ctrl Pts',(-13.5505108247969,-24.4627005881041,-6.99999999998961));
#9389=CARTESIAN_POINT('Ctrl Pts',(-14.3061814083197,-24.5540662411076,-6.99999999999998));
#9390=CARTESIAN_POINT('Ctrl Pts',(-17.1652804870555,-24.910328885925,-6.99999999999998));
#9391=CARTESIAN_POINT('Ctrl Pts',(-19.492504862447,-25.2196333810941,-7.));
#9392=CARTESIAN_POINT('Ctrl Pts',(-24.111352440812,-25.9057251909735,-7.));
#9393=CARTESIAN_POINT('Ctrl Pts',(-26.652625748534,-26.3601392890798,-7.));
#9394=CARTESIAN_POINT('Ctrl Pts',(-30.417497354887,-27.5435759326225,-7.));
#9395=CARTESIAN_POINT('Ctrl Pts',(-31.5559077416862,-28.3005245218916,-7.00000000015592));
#9396=CARTESIAN_POINT('Ctrl Pts',(-34.5882327540267,-30.7138323680297,-7.00000000015592));
#9397=CARTESIAN_POINT('Ctrl Pts',(-36.8483898906689,-32.6099409106235,-7.));
#9398=CARTESIAN_POINT('Ctrl Pts',(-41.7358076053346,-36.2071658019906,-7.));
#9399=CARTESIAN_POINT('Ctrl Pts',(-43.5892121042635,-37.4931981391586,-6.99999999999999));
#9400=CARTESIAN_POINT('Ctrl Pts',(-49.3919436275611,-41.1915840806642,-6.99999999999999));
#9401=CARTESIAN_POINT('Ctrl Pts',(-52.2662468666059,-42.5327086689847,-7.));
#9402=CARTESIAN_POINT('Ctrl Pts',(-54.4480049948834,-43.6445650562023,-7.));
#9403=CARTESIAN_POINT('Ctrl Pts',(54.903793499035,-43.6445650562023,-7.));
#9404=CARTESIAN_POINT('Ctrl Pts',(55.282768657135,-43.3835793311384,-8.42049079663021));
#9405=CARTESIAN_POINT('Ctrl Pts',(56.1284094224346,-42.6755266001115,-11.9707730126481));
#9406=CARTESIAN_POINT('Ctrl Pts',(56.70342529128,-41.8670555565253,-15.4402767810199));
#9407=CARTESIAN_POINT('Ctrl Pts',(56.991939431114,-41.170721422088,-18.1665381230757));
#9408=CARTESIAN_POINT('Ctrl Pts',(57.0520674929735,-40.9408395546789,-19.0220551328133));
#9409=CARTESIAN_POINT('Ctrl Pts',(57.087365454099,-40.4963624975044,-20.5802953551987));
#9410=CARTESIAN_POINT('Ctrl Pts',(57.0625353533649,-40.2817673077389,-21.2830185678466));
#9411=CARTESIAN_POINT('Ctrl Pts',(56.9887904081222,-40.0802292848804,-21.8861847543526));
#9412=CARTESIAN_POINT('Ctrl Pts',(58.98558433425,17.4640243904506,15.4780809029076));
#9413=CARTESIAN_POINT('Ctrl Pts',(59.2199269629767,16.9038464502411,14.6445057627258));
#9414=CARTESIAN_POINT('Ctrl Pts',(59.4455835901863,16.4115705402788,13.1458427911888));
#9415=CARTESIAN_POINT('Ctrl Pts',(59.8169824857231,15.6345350482012,10.3590009390251));
#9416=CARTESIAN_POINT('Ctrl Pts',(59.9627247540501,15.3497754660858,9.07082205839843));
#9417=CARTESIAN_POINT('Ctrl Pts',(60.2800800207077,14.8067712115101,5.52201155288387));
#9418=CARTESIAN_POINT('Ctrl Pts',(60.464793542881,14.4961026746684,1.09814933190004));
#9419=CARTESIAN_POINT('Ctrl Pts',(60.367280302596,14.4957563739084,-2.77901199430399));
#9420=CARTESIAN_POINT('Ctrl Pts',(60.1956247753902,14.5412169769954,-5.35066547775669));
#9421=CARTESIAN_POINT('Ctrl Pts',(60.1219861668229,14.5639905661339,-6.15184705370754));
#9422=CARTESIAN_POINT('Ctrl Pts',(59.9430878238459,14.6130027689842,-7.62027025593282));
#9423=CARTESIAN_POINT('Ctrl Pts',(59.8378280894362,14.6392413826961,-8.28751188220724));
#9424=CARTESIAN_POINT('Ctrl Pts',(59.7173673286828,14.6613249662052,-8.87684981067196));
#9425=CARTESIAN_POINT('Ctrl Pts',(59.0976800819159,16.7180080346808,14.8005663375677));
#9426=CARTESIAN_POINT('Ctrl Pts',(59.3366021866951,16.1472353136584,13.9596503762881));
#9427=CARTESIAN_POINT('Ctrl Pts',(59.5567052289112,15.6373565071873,12.6465838573894));
#9428=CARTESIAN_POINT('Ctrl Pts',(59.8906280800677,14.9719260096665,10.277465150084));
#9429=CARTESIAN_POINT('Ctrl Pts',(60.0361262652348,14.6937525848849,9.0783969383986));
#9430=CARTESIAN_POINT('Ctrl Pts',(60.3682007377422,14.1405756565814,5.58417480663241));
#9431=CARTESIAN_POINT('Ctrl Pts',(60.5667281535352,13.8169722409097,1.19153043363258));
#9432=CARTESIAN_POINT('Ctrl Pts',(60.4771752491511,13.8086160941994,-2.67874210082944));
#9433=CARTESIAN_POINT('Ctrl Pts',(60.3101529159353,13.8488224528964,-5.24987118333707));
#9434=CARTESIAN_POINT('Ctrl Pts',(60.2378358623754,13.8699701505837,-6.05165165778313));
#9435=CARTESIAN_POINT('Ctrl Pts',(60.0612779478028,13.915799326013,-7.52207318741444));
#9436=CARTESIAN_POINT('Ctrl Pts',(59.95703708679,13.940480803755,-8.19071424259967));
#9437=CARTESIAN_POINT('Ctrl Pts',(59.8375153608125,13.9609504834302,-8.78147843158056));
#9438=CARTESIAN_POINT('Ctrl Pts',(59.3119225305602,15.5393180024459,14.2281267961122));
#9439=CARTESIAN_POINT('Ctrl Pts',(59.5349236167954,15.0855066904002,13.385025904369));
#9440=CARTESIAN_POINT('Ctrl Pts',(59.7077609059811,14.7600993944497,12.319344883638));
#9441=CARTESIAN_POINT('Ctrl Pts',(60.0132429826909,14.2007282837552,10.151441929656));
#9442=CARTESIAN_POINT('Ctrl Pts',(60.1479350568614,13.9789478263039,9.00281047209937));
#9443=CARTESIAN_POINT('Ctrl Pts',(60.4689601867489,13.4551329041141,5.61792595452863));
#9444=CARTESIAN_POINT('Ctrl Pts',(60.6755241129351,13.1341168749644,1.26743954469829));
#9445=CARTESIAN_POINT('Ctrl Pts',(60.5912927718537,13.1246200512134,-2.59218653714364));
#9446=CARTESIAN_POINT('Ctrl Pts',(60.4275411111103,13.1631263516435,-5.16151883617653));
#9447=CARTESIAN_POINT('Ctrl Pts',(60.3561941983737,13.1835666048274,-5.96373172546274));
#9448=CARTESIAN_POINT('Ctrl Pts',(60.1813859996385,13.2277916199795,-7.43614264336015));
#9449=CARTESIAN_POINT('Ctrl Pts',(60.0779247136399,13.2515763819476,-8.10634067197135));
#9450=CARTESIAN_POINT('Ctrl Pts',(59.9591120802014,13.2711008329928,-8.69875505029898));
#9451=CARTESIAN_POINT('Ctrl Pts',(59.7007020448145,13.3838544368575,13.310484978982));
#9452=CARTESIAN_POINT('Ctrl Pts',(59.8622106575386,13.224363474772,12.6250900832969));
#9453=CARTESIAN_POINT('Ctrl Pts',(60.0070430638022,13.0354014393155,11.7246359173687));
#9454=CARTESIAN_POINT('Ctrl Pts',(60.2722419541917,12.6551521067797,9.83071021998737));
#9455=CARTESIAN_POINT('Ctrl Pts',(60.3934673236566,12.4812138483852,8.78932464756959));
#9456=CARTESIAN_POINT('Ctrl Pts',(60.689549553791,12.059742607289,5.64295586021945));
#9457=CARTESIAN_POINT('Ctrl Pts',(60.904075518609,11.7653637100604,1.38856529016117));
#9458=CARTESIAN_POINT('Ctrl Pts',(60.8264079285299,11.7639491622281,-2.44542659043358));
#9459=CARTESIAN_POINT('Ctrl Pts',(60.6668970411555,11.8047480843533,-5.00957234673181));
#9460=CARTESIAN_POINT('Ctrl Pts',(60.5968500462282,11.8253243638949,-5.81239623980658));
#9461=CARTESIAN_POINT('Ctrl Pts',(60.424388056147,11.8690965676407,-7.28864486697368));
#9462=CARTESIAN_POINT('Ctrl Pts',(60.3219730609932,11.8922924918447,-7.96206960106601));
#9463=CARTESIAN_POINT('Ctrl Pts',(60.2040667647488,11.911131421878,-8.55798653520054));
#9464=CARTESIAN_POINT('Ctrl Pts',(59.8752391104245,12.4070809035038,12.9652827033072));
#9465=CARTESIAN_POINT('Ctrl Pts',(60.0249657996425,12.3036488753285,12.2994307041131));
#9466=CARTESIAN_POINT('Ctrl Pts',(60.1588753414882,12.1542699035776,11.4791253054451));
#9467=CARTESIAN_POINT('Ctrl Pts',(60.4125634205375,11.8448600520345,9.66549955572868));
#9468=CARTESIAN_POINT('Ctrl Pts',(60.5306231790566,11.6886141295927,8.65576831928123));
#9469=CARTESIAN_POINT('Ctrl Pts',(60.8093794718263,11.3497950629312,5.63423461801407));
#9470=CARTESIAN_POINT('Ctrl Pts',(61.023830964883,11.0794659111016,1.43378192455833));
#9471=CARTESIAN_POINT('Ctrl Pts',(60.9474055625035,11.0872743162288,-2.38522220740932));
#9472=CARTESIAN_POINT('Ctrl Pts',(60.7888647760258,11.132065918316,-4.94597820444763));
#9473=CARTESIAN_POINT('Ctrl Pts',(60.7191475580844,11.1534856687188,-5.74898068647082));
#9474=CARTESIAN_POINT('Ctrl Pts',(60.5472820608198,11.1984092213354,-7.22707763464151));
#9475=CARTESIAN_POINT('Ctrl Pts',(60.4451337814966,11.2219130235493,-7.90217210078899));
#9476=CARTESIAN_POINT('Ctrl Pts',(60.3274247299071,11.2410116612006,-8.49994140138367));
#9477=CARTESIAN_POINT('Ctrl Pts',(60.339292232703,9.7796350517649,12.2705317749537));
#9478=CARTESIAN_POINT('Ctrl Pts',(60.4819379679755,9.69500612693457,11.6198906136171));
#9479=CARTESIAN_POINT('Ctrl Pts',(60.6107567222818,9.61318944729772,10.8714075855516));
#9480=CARTESIAN_POINT('Ctrl Pts',(60.8387710116548,9.46084696463726,9.23592340708367));
#9481=CARTESIAN_POINT('Ctrl Pts',(60.9379665467215,9.39032116161363,8.34892225668129));
#9482=CARTESIAN_POINT('Ctrl Pts',(61.1881644371019,9.20417964680195,5.56589003865015));
#9483=CARTESIAN_POINT('Ctrl Pts',(61.3953917180899,9.02382001174419,1.52977036974463));
#9484=CARTESIAN_POINT('Ctrl Pts',(61.3183710697946,9.06978065902189,-2.24251961095493));
#9485=CARTESIAN_POINT('Ctrl Pts',(61.1599264358334,9.13296595731309,-4.7921445504469));
#9486=CARTESIAN_POINT('Ctrl Pts',(61.0903316998896,9.15881352554898,-5.59542077260543));
#9487=CARTESIAN_POINT('Ctrl Pts',(60.9185681497125,9.21072105079126,-7.07866629941903));
#9488=CARTESIAN_POINT('Ctrl Pts',(60.8163993354791,9.23678100779764,-7.75863560407408));
#9489=CARTESIAN_POINT('Ctrl Pts',(60.6984363009126,9.2582675514357,-8.36189674889777));
#9490=CARTESIAN_POINT('Ctrl Pts',(61.2393903207032,5.04489432046564,11.522240193398));
#9491=CARTESIAN_POINT('Ctrl Pts',(61.3778104983132,4.98425366472534,10.8827383965036));
#9492=CARTESIAN_POINT('Ctrl Pts',(61.5000576748121,4.94028513847293,10.1712286092738));
#9493=CARTESIAN_POINT('Ctrl Pts',(61.712158962209,4.88027309719624,8.640994486318));
#9494=CARTESIAN_POINT('Ctrl Pts',(61.8020130731069,4.86422958217195,7.82227015059196));
#9495=CARTESIAN_POINT('Ctrl Pts',(62.0229152123308,4.84985768231981,5.2604774689312));
#9496=CARTESIAN_POINT('Ctrl Pts',(62.1876908820437,4.92071820310553,1.56310142809652));
#9497=CARTESIAN_POINT('Ctrl Pts',(62.0921925058582,5.0849168677727,-2.10875662851967));
#9498=CARTESIAN_POINT('Ctrl Pts',(61.9226835762347,5.21055218374273,-4.63227233385271));
#9499=CARTESIAN_POINT('Ctrl Pts',(61.8498664084461,5.25284500864435,-5.4350479294422));
#9500=CARTESIAN_POINT('Ctrl Pts',(61.6715566269954,5.33284018318983,-6.9270050760703));
#9501=CARTESIAN_POINT('Ctrl Pts',(61.5660640133332,5.37054253283369,-7.6161866271089));
#9502=CARTESIAN_POINT('Ctrl Pts',(61.4442101450449,5.40324002097484,-8.23017043978479));
#9503=CARTESIAN_POINT('Ctrl Pts',(63.1151692146055,-4.87804101044849,10.8497807550935));
#9504=CARTESIAN_POINT('Ctrl Pts',(63.2741466957721,-4.88430185320991,10.2034935948646));
#9505=CARTESIAN_POINT('Ctrl Pts',(63.4132519917928,-4.87014835170573,9.48754498333406));
#9506=CARTESIAN_POINT('Ctrl Pts',(63.6517182135426,-4.80812482168346,7.95208521142956));
#9507=CARTESIAN_POINT('Ctrl Pts',(63.7510791392717,-4.76025479316537,7.13257405105557));
#9508=CARTESIAN_POINT('Ctrl Pts',(63.9895453610215,-4.57673815936623,4.5723372773076));
#9509=CARTESIAN_POINT('Ctrl Pts',(64.148522842188,-4.22563185231436,0.887479465307768));
#9510=CARTESIAN_POINT('Ctrl Pts',(63.9895453610215,-3.77548520556683,-2.76763024721137));
#9511=CARTESIAN_POINT('Ctrl Pts',(63.7510791392717,-3.4434080622242,-5.28324487173828));
#9512=CARTESIAN_POINT('Ctrl Pts',(63.6517182135426,-3.33363782139632,-6.08416346993684));
#9513=CARTESIAN_POINT('Ctrl Pts',(63.4132519917928,-3.12305378183057,-7.57500109262029));
#9514=CARTESIAN_POINT('Ctrl Pts',(63.2741466957721,-3.02223998309268,-8.26492011710518));
#9515=CARTESIAN_POINT('Ctrl Pts',(63.1151692146055,-2.92946048615845,-8.88145917785347));
#9516=CARTESIAN_POINT('Ctrl Pts',(64.7592549427087,-18.9010501945302,6.70822150487379));
#9517=CARTESIAN_POINT('Ctrl Pts',(65.0763371675094,-18.866376291048,5.98579410381555));
#9518=CARTESIAN_POINT('Ctrl Pts',(65.35378411421,-18.7836379800836,5.20244320392764));
#9519=CARTESIAN_POINT('Ctrl Pts',(65.829407451411,-18.5405240753648,3.55324204316972));
#9520=CARTESIAN_POINT('Ctrl Pts',(66.0275838419114,-18.3801484816103,2.6873917822997));
#9521=CARTESIAN_POINT('Ctrl Pts',(66.5032071791124,-17.8103030744237,0.0251134132323816));
#9522=CARTESIAN_POINT('Ctrl Pts',(66.8202894039131,-16.8139261957127,-3.69719797607682));
#9523=CARTESIAN_POINT('Ctrl Pts',(66.5032071791125,-15.6402478268692,-7.13516097298913));
#9524=CARTESIAN_POINT('Ctrl Pts',(66.0275838419114,-14.8044501844839,-9.37091675346108));
#9525=CARTESIAN_POINT('Ctrl Pts',(65.829407451411,-14.5332611593967,-10.059049269083));
#9526=CARTESIAN_POINT('Ctrl Pts',(65.35378411421,-14.0241950194791,-11.2817278412456));
#9527=CARTESIAN_POINT('Ctrl Pts',(65.0763371675094,-13.7863179046488,-11.8162738977862));
#9528=CARTESIAN_POINT('Ctrl Pts',(64.7592549427087,-13.5743425110342,-12.2543529064475));
#9529=CARTESIAN_POINT('Ctrl Pts',(71.9860408144904,-32.7928787282784,2.46216405833426));
#9530=CARTESIAN_POINT('Ctrl Pts',(72.2382897001986,-32.7347916687038,1.75612298372895));
#9531=CARTESIAN_POINT('Ctrl Pts',(72.4590074751933,-32.6521185509915,0.973717428502363));
#9532=CARTESIAN_POINT('Ctrl Pts',(72.8373808037556,-32.4443163765689,-0.702979128923791));
#9533=CARTESIAN_POINT('Ctrl Pts',(72.9950363573232,-32.3191873198587,-1.59727013112336));
#9534=CARTESIAN_POINT('Ctrl Pts',(73.3734096858856,-31.8901905071474,-4.3867060367772));
#9535=CARTESIAN_POINT('Ctrl Pts',(73.6256585715938,-31.1752357099838,-8.39012164179598));
#9536=CARTESIAN_POINT('Ctrl Pts',(73.3734096858856,-30.2818216554961,-12.308376480129));
#9537=CARTESIAN_POINT('Ctrl Pts',(72.9950363573232,-29.5851359567986,-14.9700712357542));
#9538=CARTESIAN_POINT('Ctrl Pts',(72.8373808037556,-29.3484698642608,-15.8111367587752));
#9539=CARTESIAN_POINT('Ctrl Pts',(72.4590074751933,-28.872978803852,-17.3600921661727));
#9540=CARTESIAN_POINT('Ctrl Pts',(72.2382897001986,-28.634153835981,-18.0679820505493));
#9541=CARTESIAN_POINT('Ctrl Pts',(71.9860408144904,-28.3976075190822,-18.6888623584688));
#9542=CARTESIAN_POINT('Ctrl Pts',(63.1269496426402,-43.1681316016224,2.19504739045524));
#9543=CARTESIAN_POINT('Ctrl Pts',(63.4588757549258,-43.1302215404042,1.44759334534967));
#9544=CARTESIAN_POINT('Ctrl Pts',(63.7842253262925,-43.0598678969373,0.632353686357509));
#9545=CARTESIAN_POINT('Ctrl Pts',(64.4097602771169,-42.8629073278638,-1.09484474602273));
#9546=CARTESIAN_POINT('Ctrl Pts',(64.7099456565745,-42.736300402257,-2.0068035194108));
#9547=CARTESIAN_POINT('Ctrl Pts',(65.5547388419763,-42.2850505257634,-4.82948034110301));
#9548=CARTESIAN_POINT('Ctrl Pts',(66.5324285479228,-41.4929064246423,-8.82451744076721));
#9549=CARTESIAN_POINT('Ctrl Pts',(67.0205380768806,-40.4579492429827,-12.6608567345443));
#9550=CARTESIAN_POINT('Ctrl Pts',(67.1309609967994,-39.6424797456811,-15.2454868474059));
#9551=CARTESIAN_POINT('Ctrl Pts',(67.125158765639,-39.3641146447377,-16.0582594921146));
#9552=CARTESIAN_POINT('Ctrl Pts',(67.0163234509803,-38.8029344548561,-17.5474112156642));
#9553=CARTESIAN_POINT('Ctrl Pts',(66.9132903674819,-38.520119365918,-18.2237902945052));
#9554=CARTESIAN_POINT('Ctrl Pts',(66.7556363027788,-38.2393962241611,-18.8125465337237));
#9555=CARTESIAN_POINT('Ctrl Pts',(57.7734204457562,-44.7252627335968,1.14430219114434));
#9556=CARTESIAN_POINT('Ctrl Pts',(58.0970397693305,-44.6777179445518,0.407934838982951));
#9557=CARTESIAN_POINT('Ctrl Pts',(58.4202682402634,-44.5980002193561,-0.403315517803161));
#9558=CARTESIAN_POINT('Ctrl Pts',(59.05250496249,-44.3839803542583,-2.13363706278073));
#9559=CARTESIAN_POINT('Ctrl Pts',(59.3615132137837,-44.2496782143563,-3.05270825097217));
#9560=CARTESIAN_POINT('Ctrl Pts',(60.2470498666707,-43.7795373589832,-5.90873529588837));
#9561=CARTESIAN_POINT('Ctrl Pts',(61.3171304678692,-42.9733910567074,-9.98027397002154));
#9562=CARTESIAN_POINT('Ctrl Pts',(61.9509249673925,-41.9648444190627,-13.9076950271388));
#9563=CARTESIAN_POINT('Ctrl Pts',(62.1820324677661,-41.1911030606363,-16.547545646531));
#9564=CARTESIAN_POINT('Ctrl Pts',(62.2183619055127,-40.9303007111287,-17.3765433240874));
#9565=CARTESIAN_POINT('Ctrl Pts',(62.196169475226,-40.4126803429776,-18.8906884435411));
#9566=CARTESIAN_POINT('Ctrl Pts',(62.137647607193,-40.1558623243341,-19.5758358854382));
#9567=CARTESIAN_POINT('Ctrl Pts',(62.0249808290917,-39.9059171999202,-20.1680856205836));
#9568=CARTESIAN_POINT('Ctrl Pts',(55.5698902138856,-44.7812961602252,0.601436727318715));
#9569=CARTESIAN_POINT('Ctrl Pts',(55.8830836800855,-44.7270766349676,-0.125885352263631));
#9570=CARTESIAN_POINT('Ctrl Pts',(56.1973284624867,-44.6414184768488,-0.932536025085517));
#9571=CARTESIAN_POINT('Ctrl Pts',(56.8146182977236,-44.4174465827654,-2.66074302547581));
#9572=CARTESIAN_POINT('Ctrl Pts',(57.1176633505591,-44.279132846801,-3.58229935304421));
#9573=CARTESIAN_POINT('Ctrl Pts',(57.9900453717645,-43.8005408039548,-6.45369952027038));
#9574=CARTESIAN_POINT('Ctrl Pts',(59.0552130339017,-42.9926825202857,-10.5668495686278));
#9575=CARTESIAN_POINT('Ctrl Pts',(59.7115261722705,-42.0089001229012,-14.549208093376));
#9576=CARTESIAN_POINT('Ctrl Pts',(59.9706264078234,-41.2664219094818,-17.2244209751884));
#9577=CARTESIAN_POINT('Ctrl Pts',(60.0181373833038,-41.0181556024453,-18.064232600501));
#9578=CARTESIAN_POINT('Ctrl Pts',(60.022145432888,-40.5302975377888,-19.5962523154775));
#9579=CARTESIAN_POINT('Ctrl Pts',(59.9786425069919,-40.2907057801689,-20.2884604051414));
#9580=CARTESIAN_POINT('Ctrl Pts',(59.8829814494235,-40.060562141196,-20.8849909611145));
#9581=CARTESIAN_POINT('Ctrl Pts',(54.475718066691,-44.7582156072633,0.322268371835979));
#9582=CARTESIAN_POINT('Ctrl Pts',(54.7831264537812,-44.7004465833042,-0.40017325206136));
#9583=CARTESIAN_POINT('Ctrl Pts',(55.092116036194,-44.6122664171363,-1.20419108268253));
#9584=CARTESIAN_POINT('Ctrl Pts',(55.7004924729432,-44.3827958196197,-2.93109887174228));
#9585=CARTESIAN_POINT('Ctrl Pts',(55.9997663747301,-44.2422655081521,-3.85387375550666));
#9586=CARTESIAN_POINT('Ctrl Pts',(56.8630197369491,-43.7594182837637,-6.73305049801279));
#9587=CARTESIAN_POINT('Ctrl Pts',(57.9220218431367,-42.9510614228945,-10.8677416489128));
#9588=CARTESIAN_POINT('Ctrl Pts',(58.5862678195026,-41.9807815986136,-14.8788941096599));
#9589=CARTESIAN_POINT('Ctrl Pts',(58.8573869869889,-41.2550499291077,-17.5727628169364));
#9590=CARTESIAN_POINT('Ctrl Pts',(58.909944182654,-41.0136075753792,-18.4182694610907));
#9591=CARTESIAN_POINT('Ctrl Pts',(58.9261981747039,-40.541832152488,-19.959756098392));
#9592=CARTESIAN_POINT('Ctrl Pts',(58.8897525042373,-40.3108032863164,-20.6559051484303));
#9593=CARTESIAN_POINT('Ctrl Pts',(58.8024047615057,-40.0911112989455,-21.2548080821746));
#9594=CARTESIAN_POINT('Ctrl Pts',(54.1119359992651,-44.7441829766381,0.228252573983392));
#9595=CARTESIAN_POINT('Ctrl Pts',(54.4173206682484,-44.6851954313458,-0.492502594786366));
#9596=CARTESIAN_POINT('Ctrl Pts',(54.724754804529,-44.5940721991556,-1.29591690254084));
#9597=CARTESIAN_POINT('Ctrl Pts',(55.3299201159502,-44.3626815856712,-3.02235129798426));
#9598=CARTESIAN_POINT('Ctrl Pts',(55.6277828914668,-44.2215285930059,-3.94550545852473));
#9599=CARTESIAN_POINT('Ctrl Pts',(56.4875906274503,-43.7371067365872,-6.82731230151883));
#9600=CARTESIAN_POINT('Ctrl Pts',(57.5439193672516,-42.9286432522341,-10.9693063891715));
#9601=CARTESIAN_POINT('Ctrl Pts',(58.2102552093788,-41.9630510278167,-14.9902776956153));
#9602=CARTESIAN_POINT('Ctrl Pts',(58.4850794738678,-41.2432258711729,-17.6904938085317));
#9603=CARTESIAN_POINT('Ctrl Pts',(58.5391996258465,-41.0040123209032,-18.5379804516844));
#9604=CARTESIAN_POINT('Ctrl Pts',(58.5593932158067,-40.5377980269367,-20.0827110005213));
#9605=CARTESIAN_POINT('Ctrl Pts',(58.5256326411104,-40.3116079523964,-20.7797579389783));
#9606=CARTESIAN_POINT('Ctrl Pts',(58.4410244124196,-40.0954916670399,-21.3794903265392));
#9607=CARTESIAN_POINT('Ctrl Pts',(53.3862558276913,-44.7034394894451,0.0383016195615271));
#9608=CARTESIAN_POINT('Ctrl Pts',(53.6874977020569,-44.6419795463875,-0.679021002387148));
#9609=CARTESIAN_POINT('Ctrl Pts',(53.9911489904658,-44.5487106692458,-1.48061780047137));
#9610=CARTESIAN_POINT('Ctrl Pts',(54.5896028995094,-44.3137237284725,-3.20601500269513));
#9611=CARTESIAN_POINT('Ctrl Pts',(54.884531117696,-44.1711604497781,-4.12994336408243));
#9612=CARTESIAN_POINT('Ctrl Pts',(55.736978510559,-43.683879601788,-7.01698071945614));
#9613=CARTESIAN_POINT('Ctrl Pts',(56.7873423365178,-42.8752624393832,-11.1737032498525));
#9614=CARTESIAN_POINT('Ctrl Pts',(57.4573034965967,-41.9192321568549,-15.2145331147205));
#9615=CARTESIAN_POINT('Ctrl Pts',(57.7391530533745,-41.2111356314518,-17.9276721437013));
#9616=CARTESIAN_POINT('Ctrl Pts',(57.7963326867535,-40.9765911540662,-18.7791379250831));
#9617=CARTESIAN_POINT('Ctrl Pts',(57.8242010851815,-40.5213965414238,-20.330518144713));
#9618=CARTESIAN_POINT('Ctrl Pts',(57.7950482662011,-40.3015200974321,-21.0302446002039));
#9619=CARTESIAN_POINT('Ctrl Pts',(57.7158874746869,-40.0926470342511,-21.6316745566243));
#9620=CARTESIAN_POINT('Ctrl Pts',(53.0243577235434,-44.6767286328774,-0.0576335370077474));
#9621=CARTESIAN_POINT('Ctrl Pts',(53.3234805213983,-44.6140148133875,-0.773210067262925));
#9622=CARTESIAN_POINT('Ctrl Pts',(53.6249817699081,-44.5210227469074,-1.57367169383931));
#9623=CARTESIAN_POINT('Ctrl Pts',(54.2198838273418,-44.2847065684192,-3.29845255292926));
#9624=CARTESIAN_POINT('Ctrl Pts',(54.5132650294081,-44.141514401749,-4.22275181021636));
#9625=CARTESIAN_POINT('Ctrl Pts',(55.3617955031664,-43.6529640141653,-7.11238733388741));
#9626=CARTESIAN_POINT('Ctrl Pts',(56.4088677816691,-42.8442997971926,-11.2765353702748));
#9627=CARTESIAN_POINT('Ctrl Pts',(57.0803643939383,-41.8931438566901,-15.3274049478702));
#9628=CARTESIAN_POINT('Ctrl Pts',(57.3655313683465,-41.1908558838117,-18.0471227833532));
#9629=CARTESIAN_POINT('Ctrl Pts',(57.424177779017,-40.9586063899353,-18.9006230038953));
#9630=CARTESIAN_POINT('Ctrl Pts',(57.4557163371006,-40.5085526261524,-20.4554861747972));
#9631=CARTESIAN_POINT('Ctrl Pts',(57.4285837544188,-40.2906275763877,-21.1568784708815));
#9632=CARTESIAN_POINT('Ctrl Pts',(57.3521308860403,-40.085422033368,-21.7591765423447));
#9633=CARTESIAN_POINT('Ctrl Pts',(52.6621297127038,-44.652237900038,-0.153232588679579));
#9634=CARTESIAN_POINT('Ctrl Pts',(52.959133434048,-44.5882702041158,-0.867063027241258));
#9635=CARTESIAN_POINT('Ctrl Pts',(53.2587084165775,-44.4940490504196,-1.66661746043791));
#9636=CARTESIAN_POINT('Ctrl Pts',(53.8501293775832,-44.2559274836495,-3.39085406090694));
#9637=CARTESIAN_POINT('Ctrl Pts',(54.1419753560596,-44.1120270705756,-4.31553622817932));
#9638=CARTESIAN_POINT('Ctrl Pts',(54.9866124957739,-43.6220484265427,-7.20779394831868));
#9639=CARTESIAN_POINT('Ctrl Pts',(56.0303932268204,-42.8133371550021,-11.3793674906971));
#9640=CARTESIAN_POINT('Ctrl Pts',(56.70342529128,-41.8670555565253,-15.4402767810199));
#9641=CARTESIAN_POINT('Ctrl Pts',(56.991939431114,-41.170721422088,-18.1665381230757));
#9642=CARTESIAN_POINT('Ctrl Pts',(57.0520674929735,-40.9408395546789,-19.0220551328133));
#9643=CARTESIAN_POINT('Ctrl Pts',(57.087365454099,-40.4963624975044,-20.5802953551987));
#9644=CARTESIAN_POINT('Ctrl Pts',(57.0625353533649,-40.2817673077389,-21.2830185678466));
#9645=CARTESIAN_POINT('Ctrl Pts',(56.9887904081222,-40.0802292848804,-21.8861847543526));
#9646=CARTESIAN_POINT('',(60.018461126578,14.5923311200693,-7.));
#9647=CARTESIAN_POINT('Ctrl Pts',(60.0184611265779,14.5923311200693,-7.));
#9648=CARTESIAN_POINT('Ctrl Pts',(60.2098389532759,13.3276896036031,-7.));
#9649=CARTESIAN_POINT('Ctrl Pts',(60.417046709533,12.0666522939146,-6.99999999993483));
#9650=CARTESIAN_POINT('Ctrl Pts',(60.8376649093855,9.6705033031882,-6.99999999993483));
#9651=CARTESIAN_POINT('Ctrl Pts',(61.0474017111772,8.54095336727038,-6.99999999998116));
#9652=CARTESIAN_POINT('Ctrl Pts',(61.5630509018159,5.88289528255909,-6.99999999998116));
#9653=CARTESIAN_POINT('Ctrl Pts',(61.8761401022323,4.35739793294102,-6.99999999999963));
#9654=CARTESIAN_POINT('Ctrl Pts',(62.5805139172059,1.04412494708556,-6.99999999999963));
#9655=CARTESIAN_POINT('Ctrl Pts',(63.1008222658104,-1.32947955116666,-6.99999999999999));
#9656=CARTESIAN_POINT('Ctrl Pts',(65.478740551525,-11.5661893631978,-6.99999999999999));
#9657=CARTESIAN_POINT('Ctrl Pts',(67.2236773345642,-16.0338798448434,-7.));
#9658=CARTESIAN_POINT('Ctrl Pts',(69.5625349874028,-22.6449825000564,-7.));
#9659=CARTESIAN_POINT('Ctrl Pts',(70.3774572214748,-25.1376202495537,-7.00000000000089));
#9660=CARTESIAN_POINT('Ctrl Pts',(71.047145537301,-29.4652563381908,-7.00000000000089));
#9661=CARTESIAN_POINT('Ctrl Pts',(70.9813627036996,-30.9617264445064,-7.));
#9662=CARTESIAN_POINT('Ctrl Pts',(70.3946883860315,-34.1316518692515,-7.));
#9663=CARTESIAN_POINT('Ctrl Pts',(69.6314958030702,-35.921540052517,-7.));
#9664=CARTESIAN_POINT('Ctrl Pts',(67.5922659113197,-39.0661149068321,-7.));
#9665=CARTESIAN_POINT('Ctrl Pts',(66.3429025356807,-40.4010967948818,-7.));
#9666=CARTESIAN_POINT('Ctrl Pts',(63.9549545394519,-42.186920051278,-7.));
#9667=CARTESIAN_POINT('Ctrl Pts',(62.6910756787474,-42.8602062813002,-7.));
#9668=CARTESIAN_POINT('Ctrl Pts',(59.0251184782779,-43.7758591227887,-7.));
#9669=CARTESIAN_POINT('Ctrl Pts',(56.9482028345779,-43.71087104544,-7.));
#9670=CARTESIAN_POINT('Ctrl Pts',(54.903793499035,-43.6445650562023,-7.));
#9671=CARTESIAN_POINT('Ctrl Pts',(60.018461126578,14.5923311200693,-7.));
#9672=CARTESIAN_POINT('Ctrl Pts',(59.9321046531474,14.6157191361396,-7.68942180794834));
#9673=CARTESIAN_POINT('Ctrl Pts',(59.8315669385011,14.6403892141449,-8.31814371367526));
#9674=CARTESIAN_POINT('Ctrl Pts',(59.7173673286828,14.6613249662052,-8.87684981067196));
#9675=CARTESIAN_POINT('Ctrl Pts',(-33.3414097352693,18.7561106320836,-15.0163558623859));
#9676=CARTESIAN_POINT('Ctrl Pts',(-33.2879236007902,19.3829994427462,-14.8739974057674));
#9677=CARTESIAN_POINT('Ctrl Pts',(-33.2585246314112,20.0066709408239,-14.73762658596));
#9678=CARTESIAN_POINT('Ctrl Pts',(-33.2340715017236,21.246838480842,-14.496070461746));
#9679=CARTESIAN_POINT('Ctrl Pts',(-33.2390173414149,21.8633345227824,-14.3908851573395));
#9680=CARTESIAN_POINT('Ctrl Pts',(-33.2694243087375,23.0884103195588,-14.2309103057066));
#9681=CARTESIAN_POINT('Ctrl Pts',(-33.3203465640003,24.3055698292307,-14.1213312112537));
#9682=CARTESIAN_POINT('Ctrl Pts',(-33.5132279306478,27.9051056498151,-14.2102299216496));
#9683=CARTESIAN_POINT('Ctrl Pts',(-33.6418155084128,33.0929555273091,-16.3419434038528));
#9684=CARTESIAN_POINT('Ctrl Pts',(-33.6418155084128,39.9115420809787,-16.151217398052));
#9685=CARTESIAN_POINT('Ctrl Pts',(-33.6418155084128,40.2925545628352,-0.657416118687589));
#9686=CARTESIAN_POINT('Ctrl Pts',(-33.6418155084128,40.5465628840729,9.67178473422201));
#9687=CARTESIAN_POINT('Ctrl Pts',(-33.6379035416905,18.8105653490474,-14.9459855899274));
#9688=CARTESIAN_POINT('Ctrl Pts',(-33.580313768186,19.4262669496594,-14.8071940735133));
#9689=CARTESIAN_POINT('Ctrl Pts',(-33.5488287314662,20.0395690154058,-14.6741027267182));
#9690=CARTESIAN_POINT('Ctrl Pts',(-33.5230645476354,21.2606766283729,-14.4384696081062));
#9691=CARTESIAN_POINT('Ctrl Pts',(-33.5287854005244,21.8684821755937,-14.3359278362893));
#9692=CARTESIAN_POINT('Ctrl Pts',(-33.562429411951,23.0778993027151,-14.1805431033741));
#9693=CARTESIAN_POINT('Ctrl Pts',(-33.618275729026,24.2811224625164,-14.0748571811774));
#9694=CARTESIAN_POINT('Ctrl Pts',(-33.8290070103793,27.849443445233,-14.1708876933395));
#9695=CARTESIAN_POINT('Ctrl Pts',(-33.9694945312816,33.0311754588549,-16.294872311058));
#9696=CARTESIAN_POINT('Ctrl Pts',(-33.9694945312816,39.8783799045203,-16.1011732348226));
#9697=CARTESIAN_POINT('Ctrl Pts',(-33.9694945312816,40.2394634604782,-0.688333216921629));
#9698=CARTESIAN_POINT('Ctrl Pts',(-33.9694945312816,40.4801858311168,9.58689346167904));
#9699=CARTESIAN_POINT('Ctrl Pts',(-34.2330146557202,18.9648176965889,-14.7853781173167));
#9700=CARTESIAN_POINT('Ctrl Pts',(-34.1680359627911,19.5521745632138,-14.6556684915208));
#9701=CARTESIAN_POINT('Ctrl Pts',(-34.1332435084862,20.1396624138197,-14.5307623090882));
#9702=CARTESIAN_POINT('Ctrl Pts',(-34.1066143635807,21.3139152358134,-14.3096828745641));
#9703=CARTESIAN_POINT('Ctrl Pts',(-34.11477767298,21.9006802072013,-14.2135096224726));
#9704=CARTESIAN_POINT('Ctrl Pts',(-34.1566433419389,23.072502423579,-14.0690220922448));
#9705=CARTESIAN_POINT('Ctrl Pts',(-34.2240480610579,24.2426169135584,-13.9723935359723));
#9706=CARTESIAN_POINT('Ctrl Pts',(-34.4749962381119,27.7368049420272,-14.0844179725721));
#9707=CARTESIAN_POINT('Ctrl Pts',(-34.6422950228146,32.8953450176654,-16.1899535041065));
#9708=CARTESIAN_POINT('Ctrl Pts',(-34.6422950228146,39.793461146236,-15.9794263478365));
#9709=CARTESIAN_POINT('Ctrl Pts',(-34.6422950228146,40.1184235240025,-0.72570634765782));
#9710=CARTESIAN_POINT('Ctrl Pts',(-34.6422950228146,40.3350651091802,9.44344031912798));
#9711=CARTESIAN_POINT('Ctrl Pts',(-34.8122309936284,19.1783872442924,-14.6112612327872));
#9712=CARTESIAN_POINT('Ctrl Pts',(-34.7432667024515,19.7230616094147,-14.4940473722379));
#9713=CARTESIAN_POINT('Ctrl Pts',(-34.7098924660025,20.2723039715604,-14.3793829015));
#9714=CARTESIAN_POINT('Ctrl Pts',(-34.6920223108762,21.3791469126936,-14.1753504846033));
#9715=CARTESIAN_POINT('Ctrl Pts',(-34.707526392199,21.9367474916811,-14.0859825384444));
#9716=CARTESIAN_POINT('Ctrl Pts',(-34.7651110809328,23.0595290892925,-13.9527409156621));
#9717=CARTESIAN_POINT('Ctrl Pts',(-34.8492722957548,24.1898911265405,-13.8649935624152));
#9718=CARTESIAN_POINT('Ctrl Pts',(-35.148142755399,27.6045996405965,-13.9903329692744));
#9719=CARTESIAN_POINT('Ctrl Pts',(-35.3463777217174,32.7332705371986,-16.0690820145176));
#9720=CARTESIAN_POINT('Ctrl Pts',(-35.3443433413871,39.6765212237411,-15.823641974515));
#9721=CARTESIAN_POINT('Ctrl Pts',(-35.3455266491958,39.970443695303,-0.721957881680572));
#9722=CARTESIAN_POINT('Ctrl Pts',(-35.3463155210682,40.1663920096776,9.34583151354239));
#9723=CARTESIAN_POINT('Ctrl Pts',(-35.3706490208488,19.4055482347806,-14.4437023628992));
#9724=CARTESIAN_POINT('Ctrl Pts',(-35.3002840939748,19.899172644771,-14.3404501320153));
#9725=CARTESIAN_POINT('Ctrl Pts',(-35.2724638425274,20.3996843412072,-14.2366650786662));
#9726=CARTESIAN_POINT('Ctrl Pts',(-35.2739190673648,21.4299499589401,-14.0485114259915));
#9727=CARTESIAN_POINT('Ctrl Pts',(-35.300575403945,21.9547813030477,-13.9658501559213));
#9728=CARTESIAN_POINT('Ctrl Pts',(-35.3796289053718,23.0233541453044,-13.8424861800906));
#9729=CARTESIAN_POINT('Ctrl Pts',(-35.4840344311361,24.1125559169919,-13.7621728455587));
#9730=CARTESIAN_POINT('Ctrl Pts',(-35.8340154939711,27.4541416349825,-13.8964179475936));
#9731=CARTESIAN_POINT('Ctrl Pts',(-36.0643001821946,32.5572223217354,-15.9430344636531));
#9732=CARTESIAN_POINT('Ctrl Pts',(-36.0581970412035,39.5461545424032,-15.6554786753855));
#9733=CARTESIAN_POINT('Ctrl Pts',(-36.0617469646296,39.8103817061412,-0.701548884721773));
#9734=CARTESIAN_POINT('Ctrl Pts',(-36.064113580247,39.9865331486333,9.26773764238738));
#9735=CARTESIAN_POINT('Ctrl Pts',(-35.6218222613495,19.5134839766925,-14.3696295093096));
#9736=CARTESIAN_POINT('Ctrl Pts',(-35.5675611097694,19.9837097098159,-14.2694366124155));
#9737=CARTESIAN_POINT('Ctrl Pts',(-35.5467107402942,20.4607439319836,-14.1696369596266));
#9738=CARTESIAN_POINT('Ctrl Pts',(-35.5631118502055,21.4481371667465,-13.9888385623602));
#9739=CARTESIAN_POINT('Ctrl Pts',(-35.5974444580458,21.9539220844798,-13.9089352769177));
#9740=CARTESIAN_POINT('Ctrl Pts',(-35.6899128603137,22.9936658684594,-13.7903720328104));
#9741=CARTESIAN_POINT('Ctrl Pts',(-35.8061844491688,24.0615836009522,-13.7130521154807));
#9742=CARTESIAN_POINT('Ctrl Pts',(-36.1833149738996,27.3697862800839,-13.8495454275616));
#9743=CARTESIAN_POINT('Ctrl Pts',(-36.4301812932203,32.4622113465056,-15.8774226575831));
#9744=CARTESIAN_POINT('Ctrl Pts',(-36.4210265817337,39.4742578223126,-15.5652075629167));
#9745=CARTESIAN_POINT('Ctrl Pts',(-36.4263514668729,39.7243096313292,-0.683014120751596));
#9746=CARTESIAN_POINT('Ctrl Pts',(-36.429901390299,39.8910108373402,9.23844817402516));
#9747=CARTESIAN_POINT('Ctrl Pts',(-36.0680971961319,19.7180659538522,-14.2408969648395));
#9748=CARTESIAN_POINT('Ctrl Pts',(-36.0644915123939,20.1269297913944,-14.1478132847064));
#9749=CARTESIAN_POINT('Ctrl Pts',(-36.07537091604,20.5423631193157,-14.0548123508091));
#9750=CARTESIAN_POINT('Ctrl Pts',(-36.1396353692943,21.4288194901209,-13.8880122916495));
#9751=CARTESIAN_POINT('Ctrl Pts',(-36.1921358778853,21.8983743142597,-13.8132030081466));
#9752=CARTESIAN_POINT('Ctrl Pts',(-36.3163690360744,22.8844628398794,-13.7010749273964));
#9753=CARTESIAN_POINT('Ctrl Pts',(-36.4598343352706,23.9175302428415,-13.626437332902));
#9754=CARTESIAN_POINT('Ctrl Pts',(-36.8937877315493,27.1743535610323,-13.7599479919964));
#9755=CARTESIAN_POINT('Ctrl Pts',(-37.1739819347355,32.2573639456921,-15.7438232642104));
#9756=CARTESIAN_POINT('Ctrl Pts',(-37.1556725117624,39.3196214465506,-15.3769262295309));
#9757=CARTESIAN_POINT('Ctrl Pts',(-37.1663222820406,39.5414711068923,-0.633184329204862));
#9758=CARTESIAN_POINT('Ctrl Pts',(-37.1734221288928,39.6893708804534,9.19597693767917));
#9759=CARTESIAN_POINT('Ctrl Pts',(-36.2631988904136,19.8147121891,-14.1862372739589));
#9760=CARTESIAN_POINT('Ctrl Pts',(-36.2777670475257,20.2164193433751,-14.0933384727571));
#9761=CARTESIAN_POINT('Ctrl Pts',(-36.3282584117612,20.5607915173345,-14.0041477034344));
#9762=CARTESIAN_POINT('Ctrl Pts',(-36.4232451769087,21.3852089964508,-13.8451943462721));
#9763=CARTESIAN_POINT('Ctrl Pts',(-36.4876607356122,21.8405002545871,-13.777896943588));
#9764=CARTESIAN_POINT('Ctrl Pts',(-36.6325412568932,22.8049480881444,-13.6638919692626));
#9765=CARTESIAN_POINT('Ctrl Pts',(-36.7913342033396,23.8244492007704,-13.5889432804012));
#9766=CARTESIAN_POINT('Ctrl Pts',(-37.2549610092705,27.0632761968794,-13.7172230764632));
#9767=CARTESIAN_POINT('Ctrl Pts',(-37.5519014652249,32.1475275201082,-15.6758356769078));
#9768=CARTESIAN_POINT('Ctrl Pts',(-37.5274889012608,39.2368817908792,-15.2789160086138));
#9769=CARTESIAN_POINT('Ctrl Pts',(-37.5416885949651,39.4447046572675,-0.601889301628302));
#9770=CARTESIAN_POINT('Ctrl Pts',(-37.5511550574347,39.5832532348597,9.18279516969538));
#9771=CARTESIAN_POINT('Ctrl Pts',(-36.4724086426141,19.9158179189563,-14.1307099499289));
#9772=CARTESIAN_POINT('Ctrl Pts',(-36.528493131653,20.2538022253185,-14.0455904076898));
#9773=CARTESIAN_POINT('Ctrl Pts',(-36.5824890081722,20.5682276720908,-13.966029619203));
#9774=CARTESIAN_POINT('Ctrl Pts',(-36.7103024232302,21.3064491177189,-13.8209883028296));
#9775=CARTESIAN_POINT('Ctrl Pts',(-36.784119961769,21.7302451165747,-13.7555077749429));
#9776=CARTESIAN_POINT('Ctrl Pts',(-36.9515767008663,22.6872076663701,-13.6386269797697));
#9777=CARTESIAN_POINT('Ctrl Pts',(-37.1274149711026,23.7015641439333,-13.5607862771274));
#9778=CARTESIAN_POINT('Ctrl Pts',(-37.6216449741419,26.9346031755639,-13.6785607746204));
#9779=CARTESIAN_POINT('Ctrl Pts',(-37.9349395343909,32.0298525116686,-15.6080603390105));
#9780=CARTESIAN_POINT('Ctrl Pts',(-37.9023894491054,39.1500125790484,-15.1793561421524));
#9781=CARTESIAN_POINT('Ctrl Pts',(-37.9213223740445,39.3432849130611,-0.566164275936135));
#9782=CARTESIAN_POINT('Ctrl Pts',(-37.933944324004,39.4721331357363,9.17596363487473));
#9783=CARTESIAN_POINT('',(-33.6418155084128,39.6905504292507,-7.));
#9784=CARTESIAN_POINT('Ctrl Pts',(-37.915376734095,38.7445574548795,-7.));
#9785=CARTESIAN_POINT('Ctrl Pts',(-37.1870235604826,38.9470706974033,-7.));
#9786=CARTESIAN_POINT('Ctrl Pts',(-36.4409310875691,39.1391755950099,-7.00000000090469));
#9787=CARTESIAN_POINT('Ctrl Pts',(-35.0271166825028,39.456105677621,-7.00000000090469));
#9788=CARTESIAN_POINT('Ctrl Pts',(-34.32788317229,39.5920229391159,-7.));
#9789=CARTESIAN_POINT('Ctrl Pts',(-33.6418155084128,39.6905504292507,-7.));
#9790=CARTESIAN_POINT('Ctrl Pts',(-33.3414097352693,18.7561106320836,-15.0163558623859));
#9791=CARTESIAN_POINT('Ctrl Pts',(-33.1274651973528,21.2636658747339,-14.4469220359121));
#9792=CARTESIAN_POINT('Ctrl Pts',(-33.6418155084128,28.6319005986087,-13.0260271234168));
#9793=CARTESIAN_POINT('Ctrl Pts',(-33.6418155084128,37.1915443662983,-19.3884374899448));
#9794=CARTESIAN_POINT('Ctrl Pts',(-33.6418155084128,39.2865876948875,-10.3601153778112));
#9795=CARTESIAN_POINT('Ctrl Pts',(-33.6418155084128,39.6905504292507,-7.));
#9796=CARTESIAN_POINT('Ctrl Pts',(34.0976040125644,40.5465628840729,9.67178473422201));
#9797=CARTESIAN_POINT('Ctrl Pts',(33.7699249896956,40.6129399370291,9.75667600676499));
#9798=CARTESIAN_POINT('Ctrl Pts',(33.4509671897246,40.6731336819733,9.85473198057541));
#9799=CARTESIAN_POINT('Ctrl Pts',(32.8276975940463,40.7781888574086,10.0704347501671));
#9800=CARTESIAN_POINT('Ctrl Pts',(32.5233857983391,40.8230502878999,10.1880815459484));
#9801=CARTESIAN_POINT('Ctrl Pts',(31.6282247553153,40.9301875600514,10.5603002954025));
#9802=CARTESIAN_POINT('Ctrl Pts',(29.9090000456601,41.0346740270652,11.3818512427517));
#9803=CARTESIAN_POINT('Ctrl Pts',(26.1602562692109,40.2608405743966,13.2725568249421));
#9804=CARTESIAN_POINT('Ctrl Pts',(20.2134176421366,34.8242997990037,12.6640557622213));
#9805=CARTESIAN_POINT('Ctrl Pts',(14.0739524314803,35.2075092363579,12.5964855991536));
#9806=CARTESIAN_POINT('Ctrl Pts',(0.227894252075798,35.2075092363579,12.5964855991536));
#9807=CARTESIAN_POINT('Ctrl Pts',(-13.6181639273287,35.2075092363579,12.5964855991536));
#9808=CARTESIAN_POINT('Ctrl Pts',(-19.757629137985,34.8242997990037,12.6640557622213));
#9809=CARTESIAN_POINT('Ctrl Pts',(-25.7044677650593,40.2608405743966,13.2725568249421));
#9810=CARTESIAN_POINT('Ctrl Pts',(-29.4532115415085,41.0346740270652,11.3818512427517));
#9811=CARTESIAN_POINT('Ctrl Pts',(-31.1724362511638,40.9301875600514,10.5603002954025));
#9812=CARTESIAN_POINT('Ctrl Pts',(-32.0675972941875,40.8230502878999,10.1880815459484));
#9813=CARTESIAN_POINT('Ctrl Pts',(-32.3719090898947,40.7781888574086,10.0704347501671));
#9814=CARTESIAN_POINT('Ctrl Pts',(-32.995178685573,40.6731336819733,9.85473198057541));
#9815=CARTESIAN_POINT('Ctrl Pts',(-33.314136485544,40.6129399370291,9.75667600676499));
#9816=CARTESIAN_POINT('Ctrl Pts',(-33.6418155084128,40.5465628840729,9.67178473422201));
#9817=CARTESIAN_POINT('Ctrl Pts',(34.0976040125644,40.2925545628352,-0.657416118687589));
#9818=CARTESIAN_POINT('Ctrl Pts',(33.7699249896956,40.3456456651923,-0.626499020453549));
#9819=CARTESIAN_POINT('Ctrl Pts',(33.4509671897246,40.3913079016686,-0.583351389353567));
#9820=CARTESIAN_POINT('Ctrl Pts',(32.8276975940463,40.46548362161,-0.478139982361599));
#9821=CARTESIAN_POINT('Ctrl Pts',(32.5233857983391,40.493997105075,-0.416076206469617));
#9822=CARTESIAN_POINT('Ctrl Pts',(31.6282247553153,40.5503778940783,-0.209828043015492));
#9823=CARTESIAN_POINT('Ctrl Pts',(29.9090000456601,40.5465008265179,0.282895627005441));
#9824=CARTESIAN_POINT('Ctrl Pts',(26.1602562692109,39.5285380315905,1.52840223322597));
#9825=CARTESIAN_POINT('Ctrl Pts',(20.2134176421366,34.0919972561976,0.919901170505086));
#9826=CARTESIAN_POINT('Ctrl Pts',(14.0739524314803,34.4752066935518,0.852331007437439));
#9827=CARTESIAN_POINT('Ctrl Pts',(0.227894252075798,34.4752066935518,0.852331007437439));
#9828=CARTESIAN_POINT('Ctrl Pts',(-13.6181639273287,34.4752066935518,0.852331007437439));
#9829=CARTESIAN_POINT('Ctrl Pts',(-19.757629137985,34.0919972561976,0.919901170505086));
#9830=CARTESIAN_POINT('Ctrl Pts',(-25.7044677650593,39.5285380315905,1.52840223322597));
#9831=CARTESIAN_POINT('Ctrl Pts',(-29.4532115415085,40.5465008265179,0.282895627005441));
#9832=CARTESIAN_POINT('Ctrl Pts',(-31.1724362511638,40.5503778940783,-0.209828043015493));
#9833=CARTESIAN_POINT('Ctrl Pts',(-32.0675972941875,40.493997105075,-0.416076206469617));
#9834=CARTESIAN_POINT('Ctrl Pts',(-32.3719090898947,40.46548362161,-0.478139982361599));
#9835=CARTESIAN_POINT('Ctrl Pts',(-32.995178685573,40.3913079016686,-0.583351389353566));
#9836=CARTESIAN_POINT('Ctrl Pts',(-33.314136485544,40.3456456651923,-0.626499020453549));
#9837=CARTESIAN_POINT('Ctrl Pts',(-33.6418155084128,40.2925545628352,-0.657416118687589));
#9838=CARTESIAN_POINT('Ctrl Pts',(34.0976040125644,39.7845379203598,-21.3158178245068));
#9839=CARTESIAN_POINT('Ctrl Pts',(33.7699249896956,39.8110571215187,-21.3928490748906));
#9840=CARTESIAN_POINT('Ctrl Pts',(33.4509671897246,39.8276563410594,-21.4595181292115));
#9841=CARTESIAN_POINT('Ctrl Pts',(32.8276975940463,39.8400731500126,-21.575289447419));
#9842=CARTESIAN_POINT('Ctrl Pts',(32.5233857983391,39.8358907394251,-21.6243917113056));
#9843=CARTESIAN_POINT('Ctrl Pts',(31.6282247553154,39.790758562132,-21.7500847198515));
#9844=CARTESIAN_POINT('Ctrl Pts',(29.9090000456601,39.5701544254235,-21.9150156044871));
#9845=CARTESIAN_POINT('Ctrl Pts',(26.1602562692109,38.0639329459782,-21.9599069502064));
#9846=CARTESIAN_POINT('Ctrl Pts',(20.2134176421366,32.6273921705854,-22.5684080129273));
#9847=CARTESIAN_POINT('Ctrl Pts',(14.0739524314803,33.0106016079395,-22.6359781759949));
#9848=CARTESIAN_POINT('Ctrl Pts',(0.227894252075798,33.0106016079395,-22.6359781759949));
#9849=CARTESIAN_POINT('Ctrl Pts',(-13.6181639273287,33.0106016079395,-22.6359781759949));
#9850=CARTESIAN_POINT('Ctrl Pts',(-19.757629137985,32.6273921705854,-22.5684080129272));
#9851=CARTESIAN_POINT('Ctrl Pts',(-25.7044677650593,38.0639329459782,-21.9599069502064));
#9852=CARTESIAN_POINT('Ctrl Pts',(-29.4532115415085,39.5701544254235,-21.9150156044871));
#9853=CARTESIAN_POINT('Ctrl Pts',(-31.1724362511638,39.790758562132,-21.7500847198515));
#9854=CARTESIAN_POINT('Ctrl Pts',(-32.0675972941875,39.8358907394251,-21.6243917113056));
#9855=CARTESIAN_POINT('Ctrl Pts',(-32.3719090898947,39.8400731500126,-21.575289447419));
#9856=CARTESIAN_POINT('Ctrl Pts',(-32.995178685573,39.8276563410594,-21.4595181292115));
#9857=CARTESIAN_POINT('Ctrl Pts',(-33.314136485544,39.8110571215187,-21.3928490748906));
#9858=CARTESIAN_POINT('Ctrl Pts',(-33.6418155084128,39.7845379203598,-21.3158178245068));
#9859=CARTESIAN_POINT('Ctrl Pts',(34.0976040125644,28.6319005986087,-13.0260271234168));
#9860=CARTESIAN_POINT('Ctrl Pts',(33.7699249896956,28.7171879119265,-13.053124777819));
#9861=CARTESIAN_POINT('Ctrl Pts',(33.4509671897246,28.7988632927556,-13.0781500451283));
#9862=CARTESIAN_POINT('Ctrl Pts',(32.8276975940463,28.9507647523682,-13.1248849413263));
#9863=CARTESIAN_POINT('Ctrl Pts',(32.5233857983391,29.0209908311517,-13.146594570215));
#9864=CARTESIAN_POINT('Ctrl Pts',(31.6282247553154,29.2081569588317,-13.2079937028975));
#9865=CARTESIAN_POINT('Ctrl Pts',(29.9090000456601,29.4884407795095,-13.3158729523287));
#9866=CARTESIAN_POINT('Ctrl Pts',(26.1602562692109,29.1291606045974,-13.532805493728));
#9867=CARTESIAN_POINT('Ctrl Pts',(20.2134176421366,23.6926198292046,-14.1413065564489));
#9868=CARTESIAN_POINT('Ctrl Pts',(14.0739524314803,25.0847563868277,-18.3442298300858));
#9869=CARTESIAN_POINT('Ctrl Pts',(0.227894252075798,25.0847563868277,-18.3442298300858));
#9870=CARTESIAN_POINT('Ctrl Pts',(-13.6181639273287,25.0847563868277,-18.3442298300858));
#9871=CARTESIAN_POINT('Ctrl Pts',(-19.757629137985,23.6926198292046,-14.1413065564489));
#9872=CARTESIAN_POINT('Ctrl Pts',(-25.7044677650592,29.1291606045974,-13.532805493728));
#9873=CARTESIAN_POINT('Ctrl Pts',(-29.4532115415085,29.4884407795095,-13.3158729523288));
#9874=CARTESIAN_POINT('Ctrl Pts',(-31.1724362511638,29.2081569588317,-13.2079937028975));
#9875=CARTESIAN_POINT('Ctrl Pts',(-32.0675972941875,29.0209908311517,-13.146594570215));
#9876=CARTESIAN_POINT('Ctrl Pts',(-32.3719090898947,28.9507647523682,-13.1248849413263));
#9877=CARTESIAN_POINT('Ctrl Pts',(-32.995178685573,28.7988632927556,-13.0781500451283));
#9878=CARTESIAN_POINT('Ctrl Pts',(-33.314136485544,28.7171879119265,-13.053124777819));
#9879=CARTESIAN_POINT('Ctrl Pts',(-33.6418155084128,28.6319005986087,-13.0260271234168));
#9880=CARTESIAN_POINT('Ctrl Pts',(33.5403911755826,20.649646314411,-14.5653299452868));
#9881=CARTESIAN_POINT('Ctrl Pts',(33.2642785729752,20.6320243384763,-14.6238495283647));
#9882=CARTESIAN_POINT('Ctrl Pts',(32.9903625419592,20.6263284217035,-14.6760012466539));
#9883=CARTESIAN_POINT('Ctrl Pts',(32.4456703207702,20.6327477946547,-14.767648647025));
#9884=CARTESIAN_POINT('Ctrl Pts',(32.1748941305973,20.6448630843787,-14.807144329107));
#9885=CARTESIAN_POINT('Ctrl Pts',(31.3653953678332,20.6988643955549,-14.9067668610981));
#9886=CARTESIAN_POINT('Ctrl Pts',(29.7577170733239,20.8774887859247,-15.0305538680608));
#9887=CARTESIAN_POINT('Ctrl Pts',(25.9804249400517,21.2811948127595,-14.797878061629));
#9888=CARTESIAN_POINT('Ctrl Pts',(19.9083002567535,18.9208965530163,-13.0137021388393));
#9889=CARTESIAN_POINT('Ctrl Pts',(13.7688350460972,20.1879248233647,-16.6467509922465));
#9890=CARTESIAN_POINT('Ctrl Pts',(0.227894252075799,20.1879248233647,-16.6467509922465));
#9891=CARTESIAN_POINT('Ctrl Pts',(-13.3130465419456,20.1879248233647,-16.6467509922465));
#9892=CARTESIAN_POINT('Ctrl Pts',(-19.4525117526019,18.9208965530162,-13.0137021388393));
#9893=CARTESIAN_POINT('Ctrl Pts',(-25.5246364359001,21.2811948127595,-14.797878061629));
#9894=CARTESIAN_POINT('Ctrl Pts',(-29.3019285691723,20.8774887859247,-15.0305538680607));
#9895=CARTESIAN_POINT('Ctrl Pts',(-30.9096068636816,20.6988643955549,-14.9067668610981));
#9896=CARTESIAN_POINT('Ctrl Pts',(-31.7191056264456,20.6448630843787,-14.8071443291069));
#9897=CARTESIAN_POINT('Ctrl Pts',(-31.9898818166186,20.6327477946547,-14.767648647025));
#9898=CARTESIAN_POINT('Ctrl Pts',(-32.5345740378076,20.6263284217035,-14.6760012466539));
#9899=CARTESIAN_POINT('Ctrl Pts',(-32.8084900688236,20.6320243384763,-14.6238495283647));
#9900=CARTESIAN_POINT('Ctrl Pts',(-33.0846026714311,20.649646314411,-14.5653299452867));
#9901=CARTESIAN_POINT('Ctrl Pts',(34.0058309730587,16.8690095749261,-15.4554065058631));
#9902=CARTESIAN_POINT('Ctrl Pts',(33.6929911061926,16.779357672372,-15.5370525333181));
#9903=CARTESIAN_POINT('Ctrl Pts',(33.3800318104516,16.7222276608621,-15.60552128974));
#9904=CARTESIAN_POINT('Ctrl Pts',(32.7565917702316,16.6573840143935,-15.7190443814232));
#9905=CARTESIAN_POINT('Ctrl Pts',(32.4461110257526,16.6496703794349,-15.7640987166846));
#9906=CARTESIAN_POINT('Ctrl Pts',(31.5224627327264,16.6772129310805,-15.868550272087));
#9907=CARTESIAN_POINT('Ctrl Pts',(29.7063419083173,16.9350318604578,-15.9546075813642));
#9908=CARTESIAN_POINT('Ctrl Pts',(25.9152193398608,17.6430440798348,-15.5424575150818));
#9909=CARTESIAN_POINT('Ctrl Pts',(19.7815316343684,16.7363877064431,-12.8602646594392));
#9910=CARTESIAN_POINT('Ctrl Pts',(13.646552849975,17.9745461037507,-16.0364498726055));
#9911=CARTESIAN_POINT('Ctrl Pts',(0.227894252075798,17.9278376836757,-15.9056662963954));
#9912=CARTESIAN_POINT('Ctrl Pts',(-13.1907643458234,17.9745461037507,-16.0364498726055));
#9913=CARTESIAN_POINT('Ctrl Pts',(-19.3257431302168,16.7363877064431,-12.8602646594392));
#9914=CARTESIAN_POINT('Ctrl Pts',(-25.4594308357092,17.6430440798348,-15.5424575150818));
#9915=CARTESIAN_POINT('Ctrl Pts',(-29.2505534041657,16.9350318604578,-15.9546075813642));
#9916=CARTESIAN_POINT('Ctrl Pts',(-31.0666742285748,16.6772129310805,-15.868550272087));
#9917=CARTESIAN_POINT('Ctrl Pts',(-31.990322521601,16.6496703794349,-15.7640987166846));
#9918=CARTESIAN_POINT('Ctrl Pts',(-32.30080326608,16.6573840143935,-15.7190443814233));
#9919=CARTESIAN_POINT('Ctrl Pts',(-32.9242433063,16.7222276608621,-15.60552128974));
#9920=CARTESIAN_POINT('Ctrl Pts',(-33.237202602041,16.779357672372,-15.5370525333181));
#9921=CARTESIAN_POINT('Ctrl Pts',(-33.5500424689071,16.8690095749261,-15.4554065058631));
#9922=CARTESIAN_POINT('Ctrl Pts',(34.2788697027847,15.567731665714,-15.7415737924059));
#9923=CARTESIAN_POINT('Ctrl Pts',(33.9417343675107,15.4515734246808,-15.8305452667361));
#9924=CARTESIAN_POINT('Ctrl Pts',(33.601549463308,15.3818503285206,-15.9029385466821));
#9925=CARTESIAN_POINT('Ctrl Pts',(32.9246137073961,15.3070710255147,-16.0201661882161));
#9926=CARTESIAN_POINT('Ctrl Pts',(32.5878628556869,15.302014818669,-16.0650005498043));
#9927=CARTESIAN_POINT('Ctrl Pts',(31.5970611648267,15.3415414314567,-16.1665614626482));
#9928=CARTESIAN_POINT('Ctrl Pts',(29.6932612401753,15.6393755903317,-16.2379146006542));
#9929=CARTESIAN_POINT('Ctrl Pts',(25.8976024838619,16.4407376446032,-15.7742116050812));
#9930=CARTESIAN_POINT('Ctrl Pts',(19.7435737719578,16.0045486714165,-12.8424000318047));
#9931=CARTESIAN_POINT('Ctrl Pts',(13.6108382006958,17.242901685811,-15.8548735978303));
#9932=CARTESIAN_POINT('Ctrl Pts',(0.227894252075797,17.1728390556985,-15.6586982335151));
#9933=CARTESIAN_POINT('Ctrl Pts',(-13.1550496965442,17.242901685811,-15.8548735978303));
#9934=CARTESIAN_POINT('Ctrl Pts',(-19.2877852678062,16.0045486714165,-12.8424000318047));
#9935=CARTESIAN_POINT('Ctrl Pts',(-25.4418139797103,16.4407376446033,-15.7742116050812));
#9936=CARTESIAN_POINT('Ctrl Pts',(-29.2374727360237,15.6393755903317,-16.2379146006542));
#9937=CARTESIAN_POINT('Ctrl Pts',(-31.1412726606751,15.3415414314567,-16.1665614626482));
#9938=CARTESIAN_POINT('Ctrl Pts',(-32.1320743515353,15.302014818669,-16.0650005498043));
#9939=CARTESIAN_POINT('Ctrl Pts',(-32.4688252032445,15.3070710255147,-16.0201661882161));
#9940=CARTESIAN_POINT('Ctrl Pts',(-33.1457609591564,15.3818503285206,-15.9029385466821));
#9941=CARTESIAN_POINT('Ctrl Pts',(-33.4859458633591,15.4515734246808,-15.8305452667361));
#9942=CARTESIAN_POINT('Ctrl Pts',(-33.8230811986331,15.567731665714,-15.7415737924059));
#9943=CARTESIAN_POINT('Ctrl Pts',(34.6305844896521,14.2046163259147,-16.0111296698904));
#9944=CARTESIAN_POINT('Ctrl Pts',(34.2611357823509,14.0610909389019,-16.1064682887947));
#9945=CARTESIAN_POINT('Ctrl Pts',(33.884871853822,13.995702045301,-16.1757525516157));
#9946=CARTESIAN_POINT('Ctrl Pts',(33.1298865545716,13.9372874486676,-16.2918334446448));
#9947=CARTESIAN_POINT('Ctrl Pts',(32.7521569369476,13.9470537715216,-16.3351162997476));
#9948=CARTESIAN_POINT('Ctrl Pts',(31.6753440249937,14.0170346314366,-16.4301404227044));
#9949=CARTESIAN_POINT('Ctrl Pts',(29.6829951092067,14.360093451233,-16.4876665667047));
#9950=CARTESIAN_POINT('Ctrl Pts',(25.8829177402741,15.2499091967918,-15.9788133134803));
#9951=CARTESIAN_POINT('Ctrl Pts',(19.708977268848,15.2678518853406,-12.8333502477537));
#9952=CARTESIAN_POINT('Ctrl Pts',(13.5789335533438,16.514292597363,-15.683611378049));
#9953=CARTESIAN_POINT('Ctrl Pts',(0.227894252075796,16.4162049152054,-15.4089658680077));
#9954=CARTESIAN_POINT('Ctrl Pts',(-13.1231450491922,16.514292597363,-15.683611378049));
#9955=CARTESIAN_POINT('Ctrl Pts',(-19.2531887646964,15.2678518853406,-12.8333502477537));
#9956=CARTESIAN_POINT('Ctrl Pts',(-25.4271292361225,15.2499091967918,-15.9788133134803));
#9957=CARTESIAN_POINT('Ctrl Pts',(-29.2272066050551,14.360093451233,-16.4876665667047));
#9958=CARTESIAN_POINT('Ctrl Pts',(-31.2195555208421,14.0170346314366,-16.4301404227044));
#9959=CARTESIAN_POINT('Ctrl Pts',(-32.296368432796,13.9470537715216,-16.3351162997476));
#9960=CARTESIAN_POINT('Ctrl Pts',(-32.6740980504201,13.9372874486676,-16.2918334446449));
#9961=CARTESIAN_POINT('Ctrl Pts',(-33.4290833496704,13.995702045301,-16.1757525516157));
#9962=CARTESIAN_POINT('Ctrl Pts',(-33.8053472781993,14.0610909389019,-16.1064682887947));
#9963=CARTESIAN_POINT('Ctrl Pts',(-34.1747959855005,14.2046163259147,-16.0111296698904));
#9964=CARTESIAN_POINT('Ctrl Pts',(34.8637476275649,13.4669390603966,-16.1283419374396));
#9965=CARTESIAN_POINT('Ctrl Pts',(34.4680951798673,13.3327011302709,-16.2217573470872));
#9966=CARTESIAN_POINT('Ctrl Pts',(34.0574354179078,13.2797424282521,-16.2998579280783));
#9967=CARTESIAN_POINT('Ctrl Pts',(33.2511484331649,13.2426603662599,-16.4129397976771));
#9968=CARTESIAN_POINT('Ctrl Pts',(32.8527114205246,13.2614350009177,-16.4540282811875));
#9969=CARTESIAN_POINT('Ctrl Pts',(31.7163276691105,13.3603635812283,-16.54471378748));
#9970=CARTESIAN_POINT('Ctrl Pts',(29.6792693123091,13.7286394471974,-16.5957650231102));
#9971=CARTESIAN_POINT('Ctrl Pts',(25.8770414246858,14.6602339665962,-16.0675379768798));
#9972=CARTESIAN_POINT('Ctrl Pts',(19.6933596969435,14.8970746167779,-12.83323277752));
#9973=CARTESIAN_POINT('Ctrl Pts',(13.5648862306313,16.1515057178848,-15.6031372956553));
#9974=CARTESIAN_POINT('Ctrl Pts',(0.227894252075797,16.037070088701,-15.2827175339405));
#9975=CARTESIAN_POINT('Ctrl Pts',(-13.1090977264797,16.1515057178848,-15.6031372956553));
#9976=CARTESIAN_POINT('Ctrl Pts',(-19.2375711927919,14.8970746167779,-12.8332327775201));
#9977=CARTESIAN_POINT('Ctrl Pts',(-25.4212529205342,14.6602339665962,-16.0675379768798));
#9978=CARTESIAN_POINT('Ctrl Pts',(-29.2234808081575,13.7286394471974,-16.5957650231102));
#9979=CARTESIAN_POINT('Ctrl Pts',(-31.2605391649589,13.3603635812283,-16.54471378748));
#9980=CARTESIAN_POINT('Ctrl Pts',(-32.3969229163731,13.2614350009177,-16.4540282811875));
#9981=CARTESIAN_POINT('Ctrl Pts',(-32.7953599290134,13.2426603662599,-16.4129397976771));
#9982=CARTESIAN_POINT('Ctrl Pts',(-33.6016469137563,13.2797424282521,-16.2998579280783));
#9983=CARTESIAN_POINT('Ctrl Pts',(-34.0123066757157,13.3327011302709,-16.2217573470872));
#9984=CARTESIAN_POINT('Ctrl Pts',(-34.4079591234133,13.4669390603967,-16.1283419374396));
#9985=CARTESIAN_POINT('Ctrl Pts',(35.4446853923486,11.8793453381236,-16.3276351301517));
#9986=CARTESIAN_POINT('Ctrl Pts',(34.9340048707668,11.8278997049971,-16.4141823210298));
#9987=CARTESIAN_POINT('Ctrl Pts',(34.4392532189348,11.8363235973106,-16.4871359194978));
#9988=CARTESIAN_POINT('Ctrl Pts',(33.4910819120505,11.8685635343658,-16.5945008087406));
#9989=CARTESIAN_POINT('Ctrl Pts',(33.0432975436782,11.9112172461474,-16.6328231280117));
#9990=CARTESIAN_POINT('Ctrl Pts',(31.794542491576,12.0669113857518,-16.7162876959053));
#9991=CARTESIAN_POINT('Ctrl Pts',(29.6754245994307,12.4892316819993,-16.7572072720142));
#9992=CARTESIAN_POINT('Ctrl Pts',(25.8690938462988,13.4986342431737,-16.198902071054));
#9993=CARTESIAN_POINT('Ctrl Pts',(19.6666980992108,14.1476392873052,-12.8339869248039));
#9994=CARTESIAN_POINT('Ctrl Pts',(13.5418885476799,15.4289283736125,-15.4518885249696));
#9995=CARTESIAN_POINT('Ctrl Pts',(0.227894252075798,15.2763475347007,-15.0246621760166));
#9996=CARTESIAN_POINT('Ctrl Pts',(-13.0861000435283,15.4289283736125,-15.4518885249696));
#9997=CARTESIAN_POINT('Ctrl Pts',(-19.2109095950592,14.1476392873052,-12.8339869248039));
#9998=CARTESIAN_POINT('Ctrl Pts',(-25.4133053421472,13.4986342431737,-16.198902071054));
#9999=CARTESIAN_POINT('Ctrl Pts',(-29.2196360952791,12.4892316819993,-16.7572072720142));
#10000=CARTESIAN_POINT('Ctrl Pts',(-31.3387539874244,12.0669113857518,-16.7162876959053));
#10001=CARTESIAN_POINT('Ctrl Pts',(-32.5875090395266,11.9112172461474,-16.6328231280117));
#10002=CARTESIAN_POINT('Ctrl Pts',(-33.0352934078989,11.8685635343658,-16.5945008087406));
#10003=CARTESIAN_POINT('Ctrl Pts',(-33.9834647147832,11.8363235973106,-16.4871359194978));
#10004=CARTESIAN_POINT('Ctrl Pts',(-34.4782163666153,11.8278997049971,-16.4141823210298));
#10005=CARTESIAN_POINT('Ctrl Pts',(-34.988896888197,11.8793453381236,-16.3276351301517));
#10006=CARTESIAN_POINT('Ctrl Pts',(35.7924600192195,11.0294288813687,-16.4097160553146));
#10007=CARTESIAN_POINT('Ctrl Pts',(35.2471490558144,11.033496048138,-16.4893547929932));
#10008=CARTESIAN_POINT('Ctrl Pts',(34.6555720834204,11.1192825834957,-16.5519072432495));
#10009=CARTESIAN_POINT('Ctrl Pts',(33.6124834702592,11.1875386534001,-16.6555733637706));
#10010=CARTESIAN_POINT('Ctrl Pts',(33.126100122534,11.2414776061642,-16.6955461746954));
#10011=CARTESIAN_POINT('Ctrl Pts',(31.8317736699248,11.4301302404836,-16.773288239555));
#10012=CARTESIAN_POINT('Ctrl Pts',(29.6753056834498,11.8812779208369,-16.8105510645128));
#10013=CARTESIAN_POINT('Ctrl Pts',(25.8670225835002,12.9267097499468,-16.2415415018288));
#10014=CARTESIAN_POINT('Ctrl Pts',(19.6556540733825,13.768981226395,-12.8348585423215));
#10015=CARTESIAN_POINT('Ctrl Pts',(13.532938187441,15.0691379088185,-15.3811138366777));
#10016=CARTESIAN_POINT('Ctrl Pts',(0.227894252075798,14.894759807205,-14.8928551521599));
#10017=CARTESIAN_POINT('Ctrl Pts',(-13.0771496832894,15.0691379088185,-15.3811138366777));
#10018=CARTESIAN_POINT('Ctrl Pts',(-19.1998655692309,13.768981226395,-12.8348585423215));
#10019=CARTESIAN_POINT('Ctrl Pts',(-25.4112340793486,12.9267097499468,-16.2415415018288));
#10020=CARTESIAN_POINT('Ctrl Pts',(-29.2195171792982,11.8812779208368,-16.8105510645128));
#10021=CARTESIAN_POINT('Ctrl Pts',(-31.3759851657732,11.4301302404836,-16.773288239555));
#10022=CARTESIAN_POINT('Ctrl Pts',(-32.6703116183825,11.2414776061642,-16.6955461746954));
#10023=CARTESIAN_POINT('Ctrl Pts',(-33.1566949661076,11.1875386534001,-16.6555733637706));
#10024=CARTESIAN_POINT('Ctrl Pts',(-34.1997835792688,11.1192825834957,-16.5519072432495));
#10025=CARTESIAN_POINT('Ctrl Pts',(-34.7913605516628,11.033496048138,-16.4893547929932));
#10026=CARTESIAN_POINT('Ctrl Pts',(-35.3366715150679,11.0294288813687,-16.4097160553146));
#10027=CARTESIAN_POINT('Ctrl Pts',(36.1645216698882,10.2866590123097,-16.4151867710698));
#10028=CARTESIAN_POINT('Ctrl Pts',(35.5318119603052,10.3102847602888,-16.4954070593755));
#10029=CARTESIAN_POINT('Ctrl Pts',(34.8731048156337,10.3756796898199,-16.5647976675372));
#10030=CARTESIAN_POINT('Ctrl Pts',(33.7006979448858,10.5125629924739,-16.6741620778335));
#10031=CARTESIAN_POINT('Ctrl Pts',(33.1869982188093,10.5840513655968,-16.7141358799681));
#10032=CARTESIAN_POINT('Ctrl Pts',(31.8634101684723,10.8076566503536,-16.7899320773313));
#10033=CARTESIAN_POINT('Ctrl Pts',(29.6773863797989,11.288637337034,-16.8259177197242));
#10034=CARTESIAN_POINT('Ctrl Pts',(25.8672903172858,12.3667969999785,-16.2516718907791));
#10035=CARTESIAN_POINT('Ctrl Pts',(19.64750291398,13.384871248662,-12.8323118257984));
#10036=CARTESIAN_POINT('Ctrl Pts',(13.527179788712,14.7108261939628,-15.3148815149906));
#10037=CARTESIAN_POINT('Ctrl Pts',(0.227894252075798,14.5115369349759,-14.7568715898275));
#10038=CARTESIAN_POINT('Ctrl Pts',(-13.0713912845604,14.7108261939628,-15.3148815149906));
#10039=CARTESIAN_POINT('Ctrl Pts',(-19.1917144098284,13.384871248662,-12.8323118257984));
#10040=CARTESIAN_POINT('Ctrl Pts',(-25.4115018131342,12.3667969999785,-16.2516718907791));
#10041=CARTESIAN_POINT('Ctrl Pts',(-29.2215978756473,11.288637337034,-16.8259177197242));
#10042=CARTESIAN_POINT('Ctrl Pts',(-31.4076216643207,10.8076566503536,-16.7899320773313));
#10043=CARTESIAN_POINT('Ctrl Pts',(-32.7312097146577,10.5840513655968,-16.7141358799681));
#10044=CARTESIAN_POINT('Ctrl Pts',(-33.2449094407342,10.5125629924739,-16.6741620778335));
#10045=CARTESIAN_POINT('Ctrl Pts',(-34.4173163114821,10.3756796898199,-16.5647976675372));
#10046=CARTESIAN_POINT('Ctrl Pts',(-35.0760234561536,10.3102847602888,-16.4954070593755));
#10047=CARTESIAN_POINT('Ctrl Pts',(-35.7087331657366,10.2866590123097,-16.4151867710698));
#10048=CARTESIAN_POINT('',(34.0976040125644,39.6905504292507,-7.));
#10049=CARTESIAN_POINT('Ctrl Pts',(-33.6418155084128,39.6905504292507,-7.));
#10050=CARTESIAN_POINT('Ctrl Pts',(-31.7675873713494,39.9597119187187,-7.));
#10051=CARTESIAN_POINT('Ctrl Pts',(-30.161222784992,39.9171232603464,-7.));
#10052=CARTESIAN_POINT('Ctrl Pts',(-28.6100194499304,39.439690316884,-7.));
#10053=CARTESIAN_POINT('Ctrl Pts',(-27.9661334255676,39.2415135898763,-7.));
#10054=CARTESIAN_POINT('Ctrl Pts',(-27.3337989770965,38.9681259283678,-7.));
#10055=CARTESIAN_POINT('Ctrl Pts',(-26.7361047238064,38.6478578169597,-7.));
#10056=CARTESIAN_POINT('Ctrl Pts',(-25.6858747530042,38.0851032523282,-7.));
#10057=CARTESIAN_POINT('Ctrl Pts',(-24.6979199538059,37.3790209557548,-7.));
#10058=CARTESIAN_POINT('Ctrl Pts',(-23.6338794868282,36.6287044749249,-7.));
#10059=CARTESIAN_POINT('Ctrl Pts',(-22.9754041154662,36.1643754022189,-7.));
#10060=CARTESIAN_POINT('Ctrl Pts',(-22.2594928801869,35.6640094705196,-7.));
#10061=CARTESIAN_POINT('Ctrl Pts',(-21.6496798918587,35.277609081096,-7.));
#10062=CARTESIAN_POINT('Ctrl Pts',(-21.0244953966916,34.8814687282044,-7.));
#10063=CARTESIAN_POINT('Ctrl Pts',(-20.4701118969736,34.570336665122,-7.));
#10064=CARTESIAN_POINT('Ctrl Pts',(-19.9237526616238,34.3251065118383,-7.));
#10065=CARTESIAN_POINT('Ctrl Pts',(-19.3429147995969,34.0644008282478,-7.));
#10066=CARTESIAN_POINT('Ctrl Pts',(-18.7660563538423,33.8795791418225,-7.));
#10067=CARTESIAN_POINT('Ctrl Pts',(-18.1674441825511,33.7531523493684,-7.));
#10068=CARTESIAN_POINT('Ctrl Pts',(-17.7003533902344,33.6545028505951,-7.));
#10069=CARTESIAN_POINT('Ctrl Pts',(-17.2227550226928,33.5941923219847,-7.));
#10070=CARTESIAN_POINT('Ctrl Pts',(-16.792074266977,33.5595952854859,-7.));
#10071=CARTESIAN_POINT('Ctrl Pts',(-15.811453993454,33.4808210311358,-7.));
#10072=CARTESIAN_POINT('Ctrl Pts',(-14.8452873308631,33.5035651555147,-7.));
#10073=CARTESIAN_POINT('Ctrl Pts',(-12.3337317658707,33.5610621919478,-7.));
#10074=CARTESIAN_POINT('Ctrl Pts',(-11.4647682550587,33.5809553718307,-7.));
#10075=CARTESIAN_POINT('Ctrl Pts',(-10.4107614009214,33.5978478100653,-7.));
#10076=CARTESIAN_POINT('Ctrl Pts',(-9.10723738220071,33.6103333714197,-7.));
#10077=CARTESIAN_POINT('Ctrl Pts',(-8.19938368099696,33.619029078537,-7.));
#10078=CARTESIAN_POINT('Ctrl Pts',(-7.14482909181079,33.6257888711385,-7.));
#10079=CARTESIAN_POINT('Ctrl Pts',(-5.91855374830101,33.6301790213245,-7.));
#10080=CARTESIAN_POINT('Ctrl Pts',(-4.08337592259893,33.6367490843331,-7.));
#10081=CARTESIAN_POINT('Ctrl Pts',(-1.93415607830168,33.6372291336157,-7.));
#10082=CARTESIAN_POINT('Ctrl Pts',(0.227894252075809,33.6372291336157,-7.));
#10083=CARTESIAN_POINT('Ctrl Pts',(3.03402064415572,33.6372291336157,-7.));
#10084=CARTESIAN_POINT('Ctrl Pts',(5.86178707603783,33.6356986716,-7.));
#10085=CARTESIAN_POINT('Ctrl Pts',(8.05262287203039,33.6221067637961,-7.));
#10086=CARTESIAN_POINT('Ctrl Pts',(10.243458668023,33.6085148559922,-7.));
#10087=CARTESIAN_POINT('Ctrl Pts',(11.7187631536297,33.5855750324321,-7.));
#10088=CARTESIAN_POINT('Ctrl Pts',(12.7895202700223,33.5610621919478,-7.));
#10089=CARTESIAN_POINT('Ctrl Pts',(14.1278704832688,33.5304233432423,-7.));
#10090=CARTESIAN_POINT('Ctrl Pts',(14.8352562800525,33.507057612243,-7.));
#10091=CARTESIAN_POINT('Ctrl Pts',(15.5153990694865,33.5046370244637,-7.));
#10092=CARTESIAN_POINT('Ctrl Pts',(16.3055873078747,33.5018247914696,-7.));
#10093=CARTESIAN_POINT('Ctrl Pts',(17.0899430155513,33.5262002556838,-7.));
#10094=CARTESIAN_POINT('Ctrl Pts',(17.8095237788008,33.6171867362289,-7.));
#10095=CARTESIAN_POINT('Ctrl Pts',(18.693893726941,33.7290097770753,-7.));
#10096=CARTESIAN_POINT('Ctrl Pts',(19.533473839403,33.9453541315169,-7.));
#10097=CARTESIAN_POINT('Ctrl Pts',(20.3795411657754,34.3251065118383,-7.));
#10098=CARTESIAN_POINT('Ctrl Pts',(21.8179527625705,34.9707291599872,-7.));
#10099=CARTESIAN_POINT('Ctrl Pts',(23.2276786529254,36.0259140417987,-7.));
#10100=CARTESIAN_POINT('Ctrl Pts',(24.6274455087547,37.007272898676,-7.));
#10101=CARTESIAN_POINT('Ctrl Pts',(25.4747169387162,37.6012841931349,-7.));
#10102=CARTESIAN_POINT('Ctrl Pts',(26.2845693455908,38.1616779605504,-7.));
#10103=CARTESIAN_POINT('Ctrl Pts',(27.191893227958,38.6478578169597,-7.));
#10104=CARTESIAN_POINT('Ctrl Pts',(28.0217787861186,39.0925431706064,-7.));
#10105=CARTESIAN_POINT('Ctrl Pts',(28.9587127275622,39.4685211463883,-7.));
#10106=CARTESIAN_POINT('Ctrl Pts',(29.9888333452489,39.6726858031517,-7.));
#10107=CARTESIAN_POINT('Ctrl Pts',(31.2592383538784,39.9244736016717,-7.));
#10108=CARTESIAN_POINT('Ctrl Pts',(32.5791697359938,39.9086156815318,-7.));
#10109=CARTESIAN_POINT('Ctrl Pts',(34.0976040125644,39.6905504292507,-7.));
#10110=CARTESIAN_POINT('Ctrl Pts',(34.0976040125644,39.6905504292507,-7.));
#10111=CARTESIAN_POINT('Ctrl Pts',(34.0976040125644,39.2865876948874,-10.3601153778112));
#10112=CARTESIAN_POINT('Ctrl Pts',(34.0976040125644,37.1915443662983,-19.3884374899448));
#10113=CARTESIAN_POINT('Ctrl Pts',(34.0976040125644,28.6319005986087,-13.0260271234168));
#10114=CARTESIAN_POINT('Ctrl Pts',(33.5832537015043,21.2636658747339,-14.4469220359122));
#10115=CARTESIAN_POINT('Ctrl Pts',(33.7971982394209,18.7561106320836,-15.0163558623859));
#10116=CARTESIAN_POINT('Ctrl Pts',(34.0976040125644,40.5465628840729,9.67178473422201));
#10117=CARTESIAN_POINT('Ctrl Pts',(34.0976040125644,40.2925545628352,-0.657416118687589));
#10118=CARTESIAN_POINT('Ctrl Pts',(34.0976040125644,39.9115420809787,-16.151217398052));
#10119=CARTESIAN_POINT('Ctrl Pts',(34.0976040125644,33.0929555273091,-16.3419434038528));
#10120=CARTESIAN_POINT('Ctrl Pts',(33.9690164347994,27.9051056498151,-14.2102299216496));
#10121=CARTESIAN_POINT('Ctrl Pts',(33.7761350681518,24.3055698292307,-14.1213312112537));
#10122=CARTESIAN_POINT('Ctrl Pts',(33.7252128128891,23.0884103195588,-14.2309103057066));
#10123=CARTESIAN_POINT('Ctrl Pts',(33.6948058455665,21.8633345227824,-14.3908851573395));
#10124=CARTESIAN_POINT('Ctrl Pts',(33.6898600058752,21.246838480842,-14.496070461746));
#10125=CARTESIAN_POINT('Ctrl Pts',(33.7143131355628,20.0066709408239,-14.73762658596));
#10126=CARTESIAN_POINT('Ctrl Pts',(33.7437121049418,19.3829994427462,-14.8739974057674));
#10127=CARTESIAN_POINT('Ctrl Pts',(33.7971982394209,18.7561106320836,-15.0163558623859));
#10128=CARTESIAN_POINT('Ctrl Pts',(34.4252830354332,40.4801858311168,9.58689346167904));
#10129=CARTESIAN_POINT('Ctrl Pts',(34.4252830354332,40.2394634604782,-0.688333216921629));
#10130=CARTESIAN_POINT('Ctrl Pts',(34.4252830354332,39.8783799045203,-16.1011732348226));
#10131=CARTESIAN_POINT('Ctrl Pts',(34.4252830354332,33.0311754588549,-16.294872311058));
#10132=CARTESIAN_POINT('Ctrl Pts',(34.2847955145309,27.8494434452329,-14.1708876933395));
#10133=CARTESIAN_POINT('Ctrl Pts',(34.0740642331776,24.2811224625164,-14.0748571811774));
#10134=CARTESIAN_POINT('Ctrl Pts',(34.0182179161026,23.0778993027151,-14.1805431033741));
#10135=CARTESIAN_POINT('Ctrl Pts',(33.984573904676,21.8684821755937,-14.3359278362893));
#10136=CARTESIAN_POINT('Ctrl Pts',(33.978853051787,21.2606766283729,-14.4384696081062));
#10137=CARTESIAN_POINT('Ctrl Pts',(34.0046172356178,20.0395690154058,-14.6741027267182));
#10138=CARTESIAN_POINT('Ctrl Pts',(34.0361022723377,19.4262669496594,-14.8071940735133));
#10139=CARTESIAN_POINT('Ctrl Pts',(34.0936920458421,18.8105653490474,-14.9459855899274));
#10140=CARTESIAN_POINT('Ctrl Pts',(35.0980835269662,40.3350651091802,9.44344031912798));
#10141=CARTESIAN_POINT('Ctrl Pts',(35.0980835269662,40.1184235240025,-0.72570634765782));
#10142=CARTESIAN_POINT('Ctrl Pts',(35.0980835269662,39.793461146236,-15.9794263478365));
#10143=CARTESIAN_POINT('Ctrl Pts',(35.0980835269662,32.8953450176654,-16.1899535041065));
#10144=CARTESIAN_POINT('Ctrl Pts',(34.9307847422636,27.7368049420272,-14.0844179725721));
#10145=CARTESIAN_POINT('Ctrl Pts',(34.6798365652096,24.2426169135584,-13.9723935359724));
#10146=CARTESIAN_POINT('Ctrl Pts',(34.6124318460905,23.072502423579,-14.0690220922448));
#10147=CARTESIAN_POINT('Ctrl Pts',(34.5705661771316,21.9006802072013,-14.2135096224726));
#10148=CARTESIAN_POINT('Ctrl Pts',(34.5624028677323,21.3139152358134,-14.3096828745641));
#10149=CARTESIAN_POINT('Ctrl Pts',(34.5890320126378,20.1396624138197,-14.5307623090882));
#10150=CARTESIAN_POINT('Ctrl Pts',(34.6238244669427,19.5521745632138,-14.6556684915208));
#10151=CARTESIAN_POINT('Ctrl Pts',(34.6888031598717,18.9648176965889,-14.7853781173167));
#10152=CARTESIAN_POINT('Ctrl Pts',(35.8021040252198,40.1663920096776,9.34583151354239));
#10153=CARTESIAN_POINT('Ctrl Pts',(35.8013151533474,39.970443695303,-0.721957881680572));
#10154=CARTESIAN_POINT('Ctrl Pts',(35.8001318455387,39.6765212237411,-15.823641974515));
#10155=CARTESIAN_POINT('Ctrl Pts',(35.802166225869,32.7332705371985,-16.0690820145176));
#10156=CARTESIAN_POINT('Ctrl Pts',(35.6039312595506,27.6045996405965,-13.9903329692744));
#10157=CARTESIAN_POINT('Ctrl Pts',(35.3050607999064,24.1898911265405,-13.8649935624152));
#10158=CARTESIAN_POINT('Ctrl Pts',(35.2208995850844,23.0595290892925,-13.9527409156621));
#10159=CARTESIAN_POINT('Ctrl Pts',(35.1633148963506,21.9367474916811,-14.0859825384444));
#10160=CARTESIAN_POINT('Ctrl Pts',(35.1478108150278,21.3791469126936,-14.1753504846033));
#10161=CARTESIAN_POINT('Ctrl Pts',(35.1656809701541,20.2723039715604,-14.3793829015));
#10162=CARTESIAN_POINT('Ctrl Pts',(35.1990552066031,19.7230616094147,-14.4940473722379));
#10163=CARTESIAN_POINT('Ctrl Pts',(35.26801949778,19.1783872442924,-14.6112612327872));
#10164=CARTESIAN_POINT('Ctrl Pts',(36.5199020843986,39.9865331486333,9.26773764238738));
#10165=CARTESIAN_POINT('Ctrl Pts',(36.5175354687812,39.8103817061412,-0.701548884721773));
#10166=CARTESIAN_POINT('Ctrl Pts',(36.5139855453551,39.5461545424032,-15.6554786753855));
#10167=CARTESIAN_POINT('Ctrl Pts',(36.5200886863462,32.5572223217354,-15.9430344636531));
#10168=CARTESIAN_POINT('Ctrl Pts',(36.2898039981227,27.4541416349825,-13.8964179475936));
#10169=CARTESIAN_POINT('Ctrl Pts',(35.9398229352876,24.1125559169919,-13.7621728455587));
#10170=CARTESIAN_POINT('Ctrl Pts',(35.8354174095234,23.0233541453044,-13.8424861800906));
#10171=CARTESIAN_POINT('Ctrl Pts',(35.7563639080966,21.9547813030477,-13.9658501559213));
#10172=CARTESIAN_POINT('Ctrl Pts',(35.7297075715164,21.4299499589401,-14.0485114259915));
#10173=CARTESIAN_POINT('Ctrl Pts',(35.728252346679,20.3996843412072,-14.2366650786662));
#10174=CARTESIAN_POINT('Ctrl Pts',(35.7560725981263,19.899172644771,-14.3404501320153));
#10175=CARTESIAN_POINT('Ctrl Pts',(35.8264375250004,19.4055482347806,-14.4437023628992));
#10176=CARTESIAN_POINT('Ctrl Pts',(36.8856898944506,39.8910108373402,9.23844817402516));
#10177=CARTESIAN_POINT('Ctrl Pts',(36.8821399710245,39.7243096313292,-0.683014120751596));
#10178=CARTESIAN_POINT('Ctrl Pts',(36.8768150858853,39.4742578223126,-15.5652075629167));
#10179=CARTESIAN_POINT('Ctrl Pts',(36.8859697973719,32.4622113465056,-15.8774226575831));
#10180=CARTESIAN_POINT('Ctrl Pts',(36.6391034780513,27.3697862800839,-13.8495454275616));
#10181=CARTESIAN_POINT('Ctrl Pts',(36.2619729533204,24.0615836009522,-13.7130521154807));
#10182=CARTESIAN_POINT('Ctrl Pts',(36.1457013644653,22.9936658684594,-13.7903720328104));
#10183=CARTESIAN_POINT('Ctrl Pts',(36.0532329621974,21.9539220844798,-13.9089352769177));
#10184=CARTESIAN_POINT('Ctrl Pts',(36.0189003543571,21.4481371667465,-13.9888385623602));
#10185=CARTESIAN_POINT('Ctrl Pts',(36.0024992444457,20.4607439319836,-14.1696369596266));
#10186=CARTESIAN_POINT('Ctrl Pts',(36.023349613921,19.9837097098159,-14.2694366124155));
#10187=CARTESIAN_POINT('Ctrl Pts',(36.0776107655011,19.5134839766925,-14.3696295093096));
#10188=CARTESIAN_POINT('Ctrl Pts',(37.6292106330444,39.6893708804534,9.19597693767917));
#10189=CARTESIAN_POINT('Ctrl Pts',(37.6221107861922,39.5414711068923,-0.633184329204862));
#10190=CARTESIAN_POINT('Ctrl Pts',(37.6114610159139,39.3196214465506,-15.3769262295309));
#10191=CARTESIAN_POINT('Ctrl Pts',(37.629770438887,32.2573639456921,-15.7438232642104));
#10192=CARTESIAN_POINT('Ctrl Pts',(37.3495762357009,27.1743535610323,-13.7599479919964));
#10193=CARTESIAN_POINT('Ctrl Pts',(36.9156228394222,23.9175302428415,-13.6264373329019));
#10194=CARTESIAN_POINT('Ctrl Pts',(36.772157540226,22.8844628398794,-13.7010749273964));
#10195=CARTESIAN_POINT('Ctrl Pts',(36.6479243820369,21.8983743142597,-13.8132030081466));
#10196=CARTESIAN_POINT('Ctrl Pts',(36.5954238734459,21.4288194901209,-13.8880122916495));
#10197=CARTESIAN_POINT('Ctrl Pts',(36.5311594201916,20.5423631193157,-14.0548123508091));
#10198=CARTESIAN_POINT('Ctrl Pts',(36.5202800165455,20.1269297913944,-14.1478132847064));
#10199=CARTESIAN_POINT('Ctrl Pts',(36.5238857002835,19.7180659538522,-14.2408969648395));
#10200=CARTESIAN_POINT('Ctrl Pts',(38.0069435615863,39.5832532348597,9.18279516969538));
#10201=CARTESIAN_POINT('Ctrl Pts',(37.9974770991167,39.4447046572675,-0.601889301628302));
#10202=CARTESIAN_POINT('Ctrl Pts',(37.9832774054124,39.2368817908792,-15.2789160086138));
#10203=CARTESIAN_POINT('Ctrl Pts',(38.0076899693765,32.1475275201083,-15.6758356769078));
#10204=CARTESIAN_POINT('Ctrl Pts',(37.7107495134221,27.0632761968794,-13.7172230764632));
#10205=CARTESIAN_POINT('Ctrl Pts',(37.2471227074912,23.8244492007704,-13.5889432804012));
#10206=CARTESIAN_POINT('Ctrl Pts',(37.0883297610448,22.8049480881444,-13.6638919692626));
#10207=CARTESIAN_POINT('Ctrl Pts',(36.9434492397638,21.8405002545871,-13.777896943588));
#10208=CARTESIAN_POINT('Ctrl Pts',(36.8790336810603,21.3852089964508,-13.8451943462721));
#10209=CARTESIAN_POINT('Ctrl Pts',(36.7840469159128,20.5607915173345,-14.0041477034344));
#10210=CARTESIAN_POINT('Ctrl Pts',(36.7335555516772,20.2164193433751,-14.0933384727571));
#10211=CARTESIAN_POINT('Ctrl Pts',(36.7189873945652,19.8147121891,-14.1862372739589));
#10212=CARTESIAN_POINT('Ctrl Pts',(38.3897328281556,39.4721331357363,9.17596363487473));
#10213=CARTESIAN_POINT('Ctrl Pts',(38.3771108781961,39.3432849130611,-0.566164275936135));
#10214=CARTESIAN_POINT('Ctrl Pts',(38.358177953257,39.1500125790485,-15.1793561421524));
#10215=CARTESIAN_POINT('Ctrl Pts',(38.3907280385425,32.0298525116686,-15.6080603390105));
#10216=CARTESIAN_POINT('Ctrl Pts',(38.0774334782935,26.9346031755639,-13.6785607746204));
#10217=CARTESIAN_POINT('Ctrl Pts',(37.5832034752542,23.7015641439333,-13.5607862771274));
#10218=CARTESIAN_POINT('Ctrl Pts',(37.4073652050179,22.6872076663701,-13.6386269797697));
#10219=CARTESIAN_POINT('Ctrl Pts',(37.2399084659206,21.7302451165747,-13.7555077749429));
#10220=CARTESIAN_POINT('Ctrl Pts',(37.1660909273818,21.3064491177189,-13.8209883028296));
#10221=CARTESIAN_POINT('Ctrl Pts',(37.0382775123238,20.5682276720908,-13.966029619203));
#10222=CARTESIAN_POINT('Ctrl Pts',(36.9842816358046,20.2538022253185,-14.0455904076898));
#10223=CARTESIAN_POINT('Ctrl Pts',(36.9281971467657,19.9158179189563,-14.1307099499289));
#10224=CARTESIAN_POINT('',(38.3711652382466,38.7445574548795,-7.));
#10225=CARTESIAN_POINT('Ctrl Pts',(34.0976040125644,39.6905504292507,-7.));
#10226=CARTESIAN_POINT('Ctrl Pts',(34.7837933108198,39.59200547097,-7.));
#10227=CARTESIAN_POINT('Ctrl Pts',(35.4831555937707,39.4560571125862,-6.99999999808387));
#10228=CARTESIAN_POINT('Ctrl Pts',(36.8969657794068,39.1391121422248,-6.99999999808387));
#10229=CARTESIAN_POINT('Ctrl Pts',(37.6429307209918,38.9470377058759,-7.));
#10230=CARTESIAN_POINT('Ctrl Pts',(38.3711652382466,38.7445574548795,-7.));
#10231=CARTESIAN_POINT('Ctrl Pts',(38.3711652382466,38.7445574548795,-7.));
#10232=CARTESIAN_POINT('Ctrl Pts',(38.3688986683625,38.3635414181505,-9.97648629816045));
#10233=CARTESIAN_POINT('Ctrl Pts',(38.3684781597796,37.7633238766347,-12.344298245424));
#10234=CARTESIAN_POINT('Ctrl Pts',(38.3711316400121,36.798100593701,-13.69856955597));
#10235=CARTESIAN_POINT('Ctrl Pts',(38.3897328281556,39.4721331357363,9.17596363487473));
#10236=CARTESIAN_POINT('Ctrl Pts',(38.3881550844106,39.4560271079019,7.95819764602338));
#10237=CARTESIAN_POINT('Ctrl Pts',(38.3865773406657,39.4399210800675,6.74043165717202));
#10238=CARTESIAN_POINT('Ctrl Pts',(38.3834971057607,39.3987735248908,4.32971159564738));
#10239=CARTESIAN_POINT('Ctrl Pts',(38.3819946146007,39.3737319975486,3.1367575229741));
#10240=CARTESIAN_POINT('Ctrl Pts',(38.3777128988754,39.2718009169983,-0.367668946511515));
#10241=CARTESIAN_POINT('Ctrl Pts',(38.372605965254,39.0644088135351,-4.8417422430677));
#10242=CARTESIAN_POINT('Ctrl Pts',(38.3699071143496,38.5710807258207,-8.52183422192541));
#10243=CARTESIAN_POINT('Ctrl Pts',(38.3692375226995,38.0402456688936,-10.8352887148633));
#10244=CARTESIAN_POINT('Ctrl Pts',(38.3692400832375,37.8364941513943,-11.532004463975));
#10245=CARTESIAN_POINT('Ctrl Pts',(38.3697719724078,37.3664426198409,-12.7517525489519));
#10246=CARTESIAN_POINT('Ctrl Pts',(38.3703013010401,37.1001426057866,-13.2747848848171));
#10247=CARTESIAN_POINT('Ctrl Pts',(38.3711316400121,36.798100593701,-13.69856955597));
#10248=CARTESIAN_POINT('Ctrl Pts',(39.9208898944326,39.0276527392425,9.14863749559214));
#10249=CARTESIAN_POINT('Ctrl Pts',(39.9177344069428,39.0163968888667,7.95214978699719));
#10250=CARTESIAN_POINT('Ctrl Pts',(39.9145789194529,39.0051410384908,6.75566207840224));
#10251=CARTESIAN_POINT('Ctrl Pts',(39.908418449643,38.9734323460102,4.38688973546547));
#10252=CARTESIAN_POINT('Ctrl Pts',(39.905413467323,38.9529795039054,3.21460510112365));
#10253=CARTESIAN_POINT('Ctrl Pts',(39.8968500358722,38.8640300024044,-0.229639579142416));
#10254=CARTESIAN_POINT('Ctrl Pts',(39.8866361686296,38.6718547332384,-4.62834122547212));
#10255=CARTESIAN_POINT('Ctrl Pts',(39.8812384668207,38.1853757287474,-8.25254449570162));
#10256=CARTESIAN_POINT('Ctrl Pts',(39.8798992835205,37.6549706242587,-10.5350416118174));
#10257=CARTESIAN_POINT('Ctrl Pts',(39.8799044045965,37.4505779475758,-11.2232647610966));
#10258=CARTESIAN_POINT('Ctrl Pts',(39.8809681829372,36.9774136521076,-12.430289539883));
#10259=CARTESIAN_POINT('Ctrl Pts',(39.8820268402018,36.7086420333223,-12.9490911693903));
#10260=CARTESIAN_POINT('Ctrl Pts',(39.8836875181456,36.4030824476214,-13.371080501885));
#10261=CARTESIAN_POINT('Ctrl Pts',(44.757065318578,37.4540937803344,9.37147026957497));
#10262=CARTESIAN_POINT('Ctrl Pts',(44.7444433686186,37.459483416023,8.22729599146406));
#10263=CARTESIAN_POINT('Ctrl Pts',(44.7318214186591,37.4648730517117,7.08312171335316));
#10264=CARTESIAN_POINT('Ctrl Pts',(44.7071795394195,37.4653953956599,4.81727961655623));
#10265=CARTESIAN_POINT('Ctrl Pts',(44.6951596101393,37.4605281039194,3.69561179787021));
#10266=CARTESIAN_POINT('Ctrl Pts',(44.6609058843362,37.4151554464106,0.398127720086801));
#10267=CARTESIAN_POINT('Ctrl Pts',(44.6200504153659,37.2726031502991,-3.81846604155867));
#10268=CARTESIAN_POINT('Ctrl Pts',(44.5984596081303,36.8018291764554,-7.31485310160784));
#10269=CARTESIAN_POINT('Ctrl Pts',(44.5931028749295,36.2641240023483,-9.5320271269968));
#10270=CARTESIAN_POINT('Ctrl Pts',(44.5931233592335,36.0541181620252,-10.2035657571851));
#10271=CARTESIAN_POINT('Ctrl Pts',(44.597378472596,35.562307989375,-11.3890978015876));
#10272=CARTESIAN_POINT('Ctrl Pts',(44.6016131016546,35.280503657048,-11.9030912158017));
#10273=CARTESIAN_POINT('Ctrl Pts',(44.6082558134299,34.9576716150044,-12.3270587923163));
#10274=CARTESIAN_POINT('Ctrl Pts',(51.472458223584,34.6222681513617,9.57944752618084));
#10275=CARTESIAN_POINT('Ctrl Pts',(51.4093484737868,34.6965047868291,8.43527324806993));
#10276=CARTESIAN_POINT('Ctrl Pts',(51.3462387239896,34.7707414222965,7.29109896995903));
#10277=CARTESIAN_POINT('Ctrl Pts',(51.2230293277913,34.9039275543353,5.02492716582546));
#10278=CARTESIAN_POINT('Ctrl Pts',(51.1629296813902,34.9628770509067,3.9029296398028));
#10279=CARTESIAN_POINT('Ctrl Pts',(50.991661052375,35.093864123933,0.603467317999529));
#10280=CARTESIAN_POINT('Ctrl Pts',(50.7873837075233,35.1462164434667,-3.61840176103222));
#10281=CARTESIAN_POINT('Ctrl Pts',(50.6794296713456,34.7093803183288,-7.13061477324025));
#10282=CARTESIAN_POINT('Ctrl Pts',(50.6526460053414,34.1065847243476,-9.36559299480793));
#10283=CARTESIAN_POINT('Ctrl Pts',(50.6527484268615,33.8597914429992,-10.0440554790658));
#10284=CARTESIAN_POINT('Ctrl Pts',(50.6740239936742,33.2591949080305,-11.2457431829637));
#10285=CARTESIAN_POINT('Ctrl Pts',(50.6951971389668,32.9053916544102,-11.7689684026039));
#10286=CARTESIAN_POINT('Ctrl Pts',(50.7284106978436,32.4904398452059,-12.2034866138911));
#10287=CARTESIAN_POINT('Ctrl Pts',(55.7673018093845,31.8884526077017,9.87029452507957));
#10288=CARTESIAN_POINT('Ctrl Pts',(55.6931478533729,32.0078700867739,8.72612024696867));
#10289=CARTESIAN_POINT('Ctrl Pts',(55.6189938973612,32.1272875658461,7.58194596885776));
#10290=CARTESIAN_POINT('Ctrl Pts',(55.4739700249734,32.3505679952567,5.31498031169029));
#10291=CARTESIAN_POINT('Ctrl Pts',(55.4031001085973,32.4544309455951,4.19218893263372));
#10292=CARTESIAN_POINT('Ctrl Pts',(55.2003424783758,32.719356210409,0.887963492627033));
#10293=CARTESIAN_POINT('Ctrl Pts',(54.9562712884989,32.9481536669573,-3.34660723494721));
#10294=CARTESIAN_POINT('Ctrl Pts',(54.8172893669611,32.6792062040244,-6.89692519278258));
#10295=CARTESIAN_POINT('Ctrl Pts',(54.7721656392488,32.1975140896167,-9.17477147818105));
#10296=CARTESIAN_POINT('Ctrl Pts',(54.7669765155849,31.9902864652794,-9.86990487615087));
#10297=CARTESIAN_POINT('Ctrl Pts',(54.7795865457062,31.4669495154684,-11.1104913787101));
#10298=CARTESIAN_POINT('Ctrl Pts',(54.7973856994915,31.1508401899946,-11.6559444832996));
#10299=CARTESIAN_POINT('Ctrl Pts',(54.8283210118192,30.7725127495858,-12.1158659916716));
#10300=CARTESIAN_POINT('Ctrl Pts',(57.1606048438234,30.2036102360449,10.2641960065244));
#10301=CARTESIAN_POINT('Ctrl Pts',(57.0897856643635,30.3308216818345,9.11589435854625));
#10302=CARTESIAN_POINT('Ctrl Pts',(57.0189664849036,30.4580331276241,7.96759271056813));
#10303=CARTESIAN_POINT('Ctrl Pts',(56.8794202060657,30.6981428339737,5.69712400189057));
#10304=CARTESIAN_POINT('Ctrl Pts',(56.8106931066878,30.8110410945338,4.57495694119113));
#10305=CARTESIAN_POINT('Ctrl Pts',(56.6107880487999,31.1067963205256,1.2868595209289));
#10306=CARTESIAN_POINT('Ctrl Pts',(56.3609846122718,31.3866311400119,-2.88819367452458));
#10307=CARTESIAN_POINT('Ctrl Pts',(56.1781277383669,31.2084440321541,-6.22694007706002));
#10308=CARTESIAN_POINT('Ctrl Pts',(56.1011128648183,30.8198295919085,-8.34468198819015));
#10309=CARTESIAN_POINT('Ctrl Pts',(56.0854625372821,30.647795760268,-8.98620964343828));
#10310=CARTESIAN_POINT('Ctrl Pts',(56.0800416129859,30.2048674127697,-10.1283751831062));
#10311=CARTESIAN_POINT('Ctrl Pts',(56.0902710162258,29.933972896912,-10.629013067526));
#10312=CARTESIAN_POINT('Ctrl Pts',(56.1163588532618,29.6067133817293,-11.053147496246));
#10313=CARTESIAN_POINT('Ctrl Pts',(57.7736546855681,29.2374581248071,10.5265158873801));
#10314=CARTESIAN_POINT('Ctrl Pts',(57.7059282424264,29.3659431745557,9.37511871200157));
#10315=CARTESIAN_POINT('Ctrl Pts',(57.638201479404,29.4946314230864,8.22317018252459));
#10316=CARTESIAN_POINT('Ctrl Pts',(57.5041263633248,29.7382630492359,5.94846007643061));
#10317=CARTESIAN_POINT('Ctrl Pts',(57.4377779803997,29.853225400235,4.82564701795502));
#10318=CARTESIAN_POINT('Ctrl Pts',(57.242865182595,30.1587066295357,1.5398065142222));
#10319=CARTESIAN_POINT('Ctrl Pts',(56.9940034943494,30.4593830420099,-2.61684612755116));
#10320=CARTESIAN_POINT('Ctrl Pts',(56.7892299747462,30.3335318814442,-5.87562664984295));
#10321=CARTESIAN_POINT('Ctrl Pts',(56.6848314806598,30.0258888379808,-7.90030478224477));
#10322=CARTESIAN_POINT('Ctrl Pts',(56.6586589424184,29.8889780974001,-8.50853662863361));
#10323=CARTESIAN_POINT('Ctrl Pts',(56.6321488548323,29.5239523487269,-9.58003576086199));
#10324=CARTESIAN_POINT('Ctrl Pts',(56.6327175461451,29.2941144767158,-10.0351647349841));
#10325=CARTESIAN_POINT('Ctrl Pts',(56.6552967840376,29.0068690617151,-10.4181714125751));
#10326=CARTESIAN_POINT('Ctrl Pts',(57.9640710202373,28.8947856001596,10.6248507043542));
#10327=CARTESIAN_POINT('Ctrl Pts',(57.8976130472087,29.0232579546612,9.47224971276443));
#10328=CARTESIAN_POINT('Ctrl Pts',(57.831154594359,29.1520351073361,8.31882169002695));
#10329=CARTESIAN_POINT('Ctrl Pts',(57.69935859353,29.3960252536406,6.04228280618393));
#10330=CARTESIAN_POINT('Ctrl Pts',(57.6340206958016,29.5114604194327,4.91856910912136));
#10331=CARTESIAN_POINT('Ctrl Pts',(57.4413666186239,29.8190417748643,1.63303867517703));
#10332=CARTESIAN_POINT('Ctrl Pts',(57.1934534917404,30.1258858702544,-2.51937348409967));
#10333=CARTESIAN_POINT('Ctrl Pts',(56.9813778953188,30.0186393204117,-5.75580202921129));
#10334=CARTESIAN_POINT('Ctrl Pts',(56.8663752053012,29.7449048885729,-7.7505306489124));
#10335=CARTESIAN_POINT('Ctrl Pts',(56.8353833098451,29.6214434913838,-8.34334139062399));
#10336=CARTESIAN_POINT('Ctrl Pts',(56.799831220149,29.2886683252637,-9.38770906604021));
#10337=CARTESIAN_POINT('Ctrl Pts',(56.7986204172011,29.0793485152795,-9.83182829073188));
#10338=CARTESIAN_POINT('Ctrl Pts',(56.8098689797446,28.8189627180826,-10.2090121657603));
#10339=CARTESIAN_POINT('Ctrl Pts',(58.3155290800777,28.1618308420116,10.8467256648239));
#10340=CARTESIAN_POINT('Ctrl Pts',(58.252096609969,28.2892874844297,9.69131576874108));
#10341=CARTESIAN_POINT('Ctrl Pts',(58.1886627003973,28.4176585213676,8.53342477921531));
#10342=CARTESIAN_POINT('Ctrl Pts',(58.0623792839403,28.6605101898562,6.2521098717925));
#10343=CARTESIAN_POINT('Ctrl Pts',(57.9995287278078,28.7756573378943,5.12687744602437));
#10344=CARTESIAN_POINT('Ctrl Pts',(57.8127209716599,29.0853325714206,1.83855890064902));
#10345=CARTESIAN_POINT('Ctrl Pts',(57.568294396128,29.4028563212211,-2.31285587470731));
#10346=CARTESIAN_POINT('Ctrl Pts',(57.3424744304014,29.3357744312776,-5.52382103211407));
#10347=CARTESIAN_POINT('Ctrl Pts',(57.2045953849342,29.1348670025503,-7.46802586257278));
#10348=CARTESIAN_POINT('Ctrl Pts',(57.1638833579165,29.0427985244295,-8.03875763312629));
#10349=CARTESIAN_POINT('Ctrl Pts',(57.1028982337154,28.7977739085664,-9.02193398525497));
#10350=CARTESIAN_POINT('Ctrl Pts',(57.0845951862511,28.6450686346034,-9.43043529160104));
#10351=CARTESIAN_POINT('Ctrl Pts',(57.068865808722,28.4672335568956,-9.79569256761483));
#10352=CARTESIAN_POINT('Ctrl Pts',(58.4765708052489,27.7715486085111,10.9702658083193));
#10353=CARTESIAN_POINT('Ctrl Pts',(58.414895633872,27.8978333098039,9.81370917856682));
#10354=CARTESIAN_POINT('Ctrl Pts',(58.3532159880195,28.0269603458689,8.64944023425657));
#10355=CARTESIAN_POINT('Ctrl Pts',(58.2301659592688,28.268366734149,6.36503775142073));
#10356=CARTESIAN_POINT('Ctrl Pts',(58.1687955763708,28.3806460863642,5.24490421289515));
#10357=CARTESIAN_POINT('Ctrl Pts',(57.9855738886669,28.6912882226482,1.95084696516618));
#10358=CARTESIAN_POINT('Ctrl Pts',(57.7436853031245,29.0133239439433,-2.20381090876643));
#10359=CARTESIAN_POINT('Ctrl Pts',(57.5114230449114,28.9678021031759,-5.41166465564851));
#10360=CARTESIAN_POINT('Ctrl Pts',(57.3595715004862,28.8056897903323,-7.33830461934524));
#10361=CARTESIAN_POINT('Ctrl Pts',(57.3128815567665,28.735976838243,-7.91305941836607));
#10362=CARTESIAN_POINT('Ctrl Pts',(57.2364876923527,28.5452722154903,-8.85611701926671));
#10363=CARTESIAN_POINT('Ctrl Pts',(57.1975461703293,28.4551878090582,-9.21283625506762));
#10364=CARTESIAN_POINT('Ctrl Pts',(57.1732904419924,28.303410739341,-9.59153221628422));
#10365=CARTESIAN_POINT('Ctrl Pts',(58.6221715335013,27.3542784870591,11.1081164216473));
#10366=CARTESIAN_POINT('Ctrl Pts',(58.562504399618,27.4790070798257,9.94972540528713));
#10367=CARTESIAN_POINT('Ctrl Pts',(58.502832791259,27.6065780073646,8.78362207436922));
#10368=CARTESIAN_POINT('Ctrl Pts',(58.3835151264564,27.8454884416503,6.49545731220421));
#10369=CARTESIAN_POINT('Ctrl Pts',(58.3238690700128,27.9568279483971,5.37339588095709));
#10370=CARTESIAN_POINT('Ctrl Pts',(58.144969228555,28.2664993374495,2.07327443672195));
#10371=CARTESIAN_POINT('Ctrl Pts',(57.9065734163613,28.5921708335649,-2.09021708146321));
#10372=CARTESIAN_POINT('Ctrl Pts',(57.6687251782462,28.5700051854675,-5.30989666824166));
#10373=CARTESIAN_POINT('Ctrl Pts',(57.5032235655473,28.44701194651,-7.2494601269379));
#10374=CARTESIAN_POINT('Ctrl Pts',(57.4534716798582,28.3962166598533,-7.79328060164371));
#10375=CARTESIAN_POINT('Ctrl Pts',(57.3647985455675,28.275031005865,-8.67552019466945));
#10376=CARTESIAN_POINT('Ctrl Pts',(57.325877296966,28.2046406385333,-9.01393931298939));
#10377=CARTESIAN_POINT('Ctrl Pts',(57.2838037234003,28.1233485086819,-9.36375961221678));
#10378=CARTESIAN_POINT('',(57.5240590574272,28.4606350016685,-7.));
#10379=CARTESIAN_POINT('Ctrl Pts',(38.3711652382466,38.7445574548795,-7.));
#10380=CARTESIAN_POINT('Ctrl Pts',(39.6438765646365,38.3906894320002,-7.));
#10381=CARTESIAN_POINT('Ctrl Pts',(40.9355449105285,37.984722196794,-7.00000000000001));
#10382=CARTESIAN_POINT('Ctrl Pts',(43.2689488823691,37.2210266878727,-7.00000000000001));
#10383=CARTESIAN_POINT('Ctrl Pts',(44.7661129262655,36.7186632857262,-7.00000000000001));
#10384=CARTESIAN_POINT('Ctrl Pts',(50.050314959537,34.8596815368081,-7.00000000000001));
#10385=CARTESIAN_POINT('Ctrl Pts',(51.9679246382224,33.9799506731036,-7.));
#10386=CARTESIAN_POINT('Ctrl Pts',(53.4096623503346,33.2647711687667,-7.));
#10387=CARTESIAN_POINT('Ctrl Pts',(53.9432939903249,32.9669006234268,-7.0000000001706));
#10388=CARTESIAN_POINT('Ctrl Pts',(55.2501534432126,32.0553037935115,-7.0000000001706));
#10389=CARTESIAN_POINT('Ctrl Pts',(55.9653202839729,31.3632521964502,-7.));
#10390=CARTESIAN_POINT('Ctrl Pts',(57.0168088971081,29.7046780580656,-7.));
#10391=CARTESIAN_POINT('Ctrl Pts',(57.3049056800908,29.0512776500701,-7.));
#10392=CARTESIAN_POINT('Ctrl Pts',(57.5240590574272,28.4606350016685,-7.));
#10393=CARTESIAN_POINT('Ctrl Pts',(57.5240590574272,28.4606350016685,-7.));
#10394=CARTESIAN_POINT('Ctrl Pts',(57.4823871494567,28.4250507184173,-7.47526314299454));
#10395=CARTESIAN_POINT('Ctrl Pts',(57.4440791678852,28.3833803288142,-7.88672994238007));
#10396=CARTESIAN_POINT('Ctrl Pts',(57.3647985455675,28.275031005865,-8.67552019466945));
#10397=CARTESIAN_POINT('Ctrl Pts',(57.325877296966,28.2046406385333,-9.01393931298939));
#10398=CARTESIAN_POINT('Ctrl Pts',(57.2838037234003,28.1233485086819,-9.36375961221678));
#10399=CARTESIAN_POINT('Ctrl Pts',(58.6221715335013,27.3542784870591,11.1081164216473));
#10400=CARTESIAN_POINT('Ctrl Pts',(58.562504399618,27.4790070798257,9.94972540528713));
#10401=CARTESIAN_POINT('Ctrl Pts',(58.502832791259,27.6065780073646,8.78362207436922));
#10402=CARTESIAN_POINT('Ctrl Pts',(58.3835151264564,27.8454884416503,6.49545731220421));
#10403=CARTESIAN_POINT('Ctrl Pts',(58.3238690700128,27.9568279483971,5.37339588095709));
#10404=CARTESIAN_POINT('Ctrl Pts',(58.144969228555,28.2664993374495,2.07327443672195));
#10405=CARTESIAN_POINT('Ctrl Pts',(57.9065734163613,28.5921708335649,-2.09021708146321));
#10406=CARTESIAN_POINT('Ctrl Pts',(57.6687251782462,28.5700051854675,-5.30989666824166));
#10407=CARTESIAN_POINT('Ctrl Pts',(57.5032235655473,28.44701194651,-7.2494601269379));
#10408=CARTESIAN_POINT('Ctrl Pts',(57.4534716798582,28.3962166598533,-7.79328060164371));
#10409=CARTESIAN_POINT('Ctrl Pts',(57.3647985455675,28.275031005865,-8.67552019466945));
#10410=CARTESIAN_POINT('Ctrl Pts',(57.325877296966,28.2046406385333,-9.01393931298939));
#10411=CARTESIAN_POINT('Ctrl Pts',(57.2838037234003,28.1233485086819,-9.36375961221678));
#10412=CARTESIAN_POINT('Ctrl Pts',(58.7677722617537,26.9370083656071,11.2459670349753));
#10413=CARTESIAN_POINT('Ctrl Pts',(58.710113165364,27.0601808498476,10.0857416320074));
#10414=CARTESIAN_POINT('Ctrl Pts',(58.6524495944985,27.1861956688603,8.91780391448187));
#10415=CARTESIAN_POINT('Ctrl Pts',(58.5368642936439,27.4226101491515,6.62587687298768));
#10416=CARTESIAN_POINT('Ctrl Pts',(58.4789425636547,27.53300981043,5.50188754901905));
#10417=CARTESIAN_POINT('Ctrl Pts',(58.3043645684431,27.8417104522508,2.19570190827772));
#10418=CARTESIAN_POINT('Ctrl Pts',(58.0694615295982,28.1710177231865,-1.97662325415997));
#10419=CARTESIAN_POINT('Ctrl Pts',(57.826027311581,28.1722082677591,-5.20812868083482));
#10420=CARTESIAN_POINT('Ctrl Pts',(57.6468756306084,28.0883341026877,-7.16061563453055));
#10421=CARTESIAN_POINT('Ctrl Pts',(57.5879321135906,28.051901176317,-7.74533746857677));
#10422=CARTESIAN_POINT('Ctrl Pts',(57.4696813767113,27.9689498833901,-8.7171675507587));
#10423=CARTESIAN_POINT('Ctrl Pts',(57.4235860830277,27.8981340975816,-9.07952403859415));
#10424=CARTESIAN_POINT('Ctrl Pts',(57.3522434312423,27.8619941481714,-9.48580730737674));
#10425=CARTESIAN_POINT('Ctrl Pts',(58.8979319930874,26.4927503562036,11.3981281181357));
#10426=CARTESIAN_POINT('Ctrl Pts',(58.8425316729529,26.6139825645171,10.2353806756223));
#10427=CARTESIAN_POINT('Ctrl Pts',(58.7871299133553,26.7361291673504,9.07015213966591));
#10428=CARTESIAN_POINT('Ctrl Pts',(58.6757759526903,26.9689970198612,6.77378811492639));
#10429=CARTESIAN_POINT('Ctrl Pts',(58.6198227023757,27.0803847860259,5.64084411827217));
#10430=CARTESIAN_POINT('Ctrl Pts',(58.4503023312122,27.3861770306258,2.3282687868721));
#10431=CARTESIAN_POINT('Ctrl Pts',(58.2198468490753,27.7182438797074,-1.85848056549438));
#10432=CARTESIAN_POINT('Ctrl Pts',(57.9716829637405,27.744586760444,-5.1167490824867));
#10433=CARTESIAN_POINT('Ctrl Pts',(57.777701143408,27.7035594846115,-7.11334107318408));
#10434=CARTESIAN_POINT('Ctrl Pts',(57.7117307189085,27.6797529866032,-7.70435350390872));
#10435=CARTESIAN_POINT('Ctrl Pts',(57.5706614375377,27.6405998742836,-8.74250554371433));
#10436=CARTESIAN_POINT('Ctrl Pts',(57.4955963848872,27.6289509016665,-9.18597676906661));
#10437=CARTESIAN_POINT('Ctrl Pts',(57.4157923984655,27.6107171912936,-9.59038207484634));
#10438=CARTESIAN_POINT('Ctrl Pts',(59.1267197225853,25.5709847462785,11.7244850505025));
#10439=CARTESIAN_POINT('Ctrl Pts',(59.0767464813677,25.685923311182,10.5572079051079));
#10440=CARTESIAN_POINT('Ctrl Pts',(59.0267727603289,25.8011666742588,9.38910372856559));
#10441=CARTESIAN_POINT('Ctrl Pts',(58.9256772684931,26.0230183407634,7.08248122771574));
#10442=CARTESIAN_POINT('Ctrl Pts',(58.874555147947,26.1298488163537,5.94336006745115));
#10443=CARTESIAN_POINT('Ctrl Pts',(58.7177415384302,26.4264033993693,2.60941331570924));
#10444=CARTESIAN_POINT('Ctrl Pts',(58.4994640647323,26.7579779267088,-1.61340440914171));
#10445=CARTESIAN_POINT('Ctrl Pts',(58.2444175733799,26.8331929894994,-4.94364042053744));
#10446=CARTESIAN_POINT('Ctrl Pts',(58.0252400951387,26.8598496713795,-7.03891743980059));
#10447=CARTESIAN_POINT('Ctrl Pts',(57.9475321674371,26.8637761294708,-7.67027644800769));
#10448=CARTESIAN_POINT('Ctrl Pts',(57.7721220790958,26.8940547769553,-8.8137580866073));
#10449=CARTESIAN_POINT('Ctrl Pts',(57.6741990154833,26.9278657838004,-9.31968180494653));
#10450=CARTESIAN_POINT('Ctrl Pts',(57.563097568271,26.9731951338083,-9.77256199761631));
#10451=CARTESIAN_POINT('Ctrl Pts',(59.2253477207497,25.0934771457569,11.898680899709));
#10452=CARTESIAN_POINT('Ctrl Pts',(59.1785425162685,25.2042312674661,10.7289377363667));
#10453=CARTESIAN_POINT('Ctrl Pts',(59.1317369919067,25.3151885879575,9.55864321892598));
#10454=CARTESIAN_POINT('Ctrl Pts',(59.0366687101259,25.5295189784742,7.24633955479337));
#10455=CARTESIAN_POINT('Ctrl Pts',(58.9884059228386,25.6329110218797,6.1042789262429));
#10456=CARTESIAN_POINT('Ctrl Pts',(58.8392429828792,25.9221631897378,2.757990965952));
#10457=CARTESIAN_POINT('Ctrl Pts',(58.628695960912,26.2504858171893,-1.48647094145462));
#10458=CARTESIAN_POINT('Ctrl Pts',(58.3714965308597,26.34942072587,-4.86191135693631));
#10459=CARTESIAN_POINT('Ctrl Pts',(58.1416372075269,26.406072268739,-7.00999044975853));
#10460=CARTESIAN_POINT('Ctrl Pts',(58.058793324689,26.4240971615631,-7.66541772406218));
#10461=CARTESIAN_POINT('Ctrl Pts',(57.8720416145977,26.4778299235883,-8.85296923318338));
#10462=CARTESIAN_POINT('Ctrl Pts',(57.7679655937302,26.5155321631018,-9.37825214794254));
#10463=CARTESIAN_POINT('Ctrl Pts',(57.6468537708531,26.5869500332007,-9.85016715291668));
#10464=CARTESIAN_POINT('Ctrl Pts',(59.4729595064914,23.6421692346924,12.4444413359689));
#10465=CARTESIAN_POINT('Ctrl Pts',(59.4376323818287,23.7358035729518,11.2667810147195));
#10466=CARTESIAN_POINT('Ctrl Pts',(59.4023052571659,23.8294379112113,10.0891206934701));
#10467=CARTESIAN_POINT('Ctrl Pts',(59.3292095807696,24.0122455708971,7.75857245653828));
#10468=CARTESIAN_POINT('Ctrl Pts',(59.291441029036,24.1014188923235,6.60568454085588));
#10469=CARTESIAN_POINT('Ctrl Pts',(59.1708110926226,24.3555558061032,3.22133801050965));
#10470=CARTESIAN_POINT('Ctrl Pts',(58.990439760838,24.6587168898112,-1.09294478541599));
#10471=CARTESIAN_POINT('Ctrl Pts',(58.731942762786,24.8191254348595,-4.61451060319769));
#10472=CARTESIAN_POINT('Ctrl Pts',(58.48068621082,24.9488315666762,-6.91569247602149));
#10473=CARTESIAN_POINT('Ctrl Pts',(58.3873700595935,24.9936335644535,-7.62608768521069));
#10474=CARTESIAN_POINT('Ctrl Pts',(58.1769287095687,25.0968594551896,-8.92642666946686));
#10475=CARTESIAN_POINT('Ctrl Pts',(58.0598035107704,25.1552833481483,-9.51637044453382));
#10476=CARTESIAN_POINT('Ctrl Pts',(57.9284332316382,25.2257625157835,-10.042528200564));
#10477=CARTESIAN_POINT('Ctrl Pts',(59.6743826641436,21.6569983946066,13.2339162873572));
#10478=CARTESIAN_POINT('Ctrl Pts',(59.6596235648621,21.7156291446217,12.0443154780604));
#10479=CARTESIAN_POINT('Ctrl Pts',(59.6448644655807,21.7742598946367,10.8547146687635));
#10480=CARTESIAN_POINT('Ctrl Pts',(59.611441530282,21.891146838903,8.49663744689683));
#10481=CARTESIAN_POINT('Ctrl Pts',(59.5927776942646,21.9494030331542,7.32816103432694));
#10482=CARTESIAN_POINT('Ctrl Pts',(59.5250719760046,22.1230479486164,3.88610498679812));
#10483=CARTESIAN_POINT('Ctrl Pts',(59.4035597911037,22.3515780564555,-0.534307902758128));
#10484=CARTESIAN_POINT('Ctrl Pts',(59.1570960306522,22.5681223798524,-4.27874009705227));
#10485=CARTESIAN_POINT('Ctrl Pts',(58.9062185243103,22.7335600997518,-6.74337426278779));
#10486=CARTESIAN_POINT('Ctrl Pts',(58.8115877411957,22.7892109192769,-7.50763732136878));
#10487=CARTESIAN_POINT('Ctrl Pts',(58.5971208054369,22.9027764085306,-8.90656724199211));
#10488=CARTESIAN_POINT('Ctrl Pts',(58.4772846527925,22.9606910782592,-9.54123410403444));
#10489=CARTESIAN_POINT('Ctrl Pts',(58.3432480782856,23.0203646852993,-10.103586432869));
#10490=CARTESIAN_POINT('Ctrl Pts',(59.6079582124825,19.9032592604126,14.0416012002594));
#10491=CARTESIAN_POINT('Ctrl Pts',(59.6308067394225,19.8870270479712,12.8381915661121));
#10492=CARTESIAN_POINT('Ctrl Pts',(59.6536552663626,19.8707948355298,11.6347819319649));
#10493=CARTESIAN_POINT('Ctrl Pts',(59.693425813599,19.8426127934603,9.24823778753297));
#10494=CARTESIAN_POINT('Ctrl Pts',(59.7103478338955,19.8306629638323,8.0651032772483));
#10495=CARTESIAN_POINT('Ctrl Pts',(59.7433343748538,19.8076606233884,4.57652511798197));
#10496=CARTESIAN_POINT('Ctrl Pts',(59.7399043763157,19.8112498986372,0.0872885631940834));
#10497=CARTESIAN_POINT('Ctrl Pts',(59.5468261651811,19.9518754239147,-3.75314402799164));
#10498=CARTESIAN_POINT('Ctrl Pts',(59.322963754209,20.0773010361555,-6.28443596916067));
#10499=CARTESIAN_POINT('Ctrl Pts',(59.2351673251147,20.1224356516163,-7.07002786584697));
#10500=CARTESIAN_POINT('Ctrl Pts',(59.0319006039029,20.2141183510523,-8.50724565583457));
#10501=CARTESIAN_POINT('Ctrl Pts',(58.9164303117854,20.2606664350276,-9.15887154913586));
#10502=CARTESIAN_POINT('Ctrl Pts',(58.7864617820814,20.3053019094703,-9.73470352275554));
#10503=CARTESIAN_POINT('Ctrl Pts',(59.4537985842544,18.7990989081857,14.6146765787902));
#10504=CARTESIAN_POINT('Ctrl Pts',(59.5248314449335,18.6777832505359,13.3896360434536));
#10505=CARTESIAN_POINT('Ctrl Pts',(59.5910486980048,18.5709385034565,12.1581958807649));
#10506=CARTESIAN_POINT('Ctrl Pts',(59.7193633869582,18.3429724754792,9.75241423403972));
#10507=CARTESIAN_POINT('Ctrl Pts',(59.7833094337424,18.2348368673526,8.53936429442193));
#10508=CARTESIAN_POINT('Ctrl Pts',(59.9194476540574,17.9978386366504,5.01391386535575));
#10509=CARTESIAN_POINT('Ctrl Pts',(59.9983514655143,17.8511059853769,0.512874862525455));
#10510=CARTESIAN_POINT('Ctrl Pts',(59.8451496570195,17.9306396857057,-3.36449767251581));
#10511=CARTESIAN_POINT('Ctrl Pts',(59.6424552623491,18.0225168326204,-5.92381682564381));
#10512=CARTESIAN_POINT('Ctrl Pts',(59.5602582910757,18.0585136935366,-6.71880483532764));
#10513=CARTESIAN_POINT('Ctrl Pts',(59.3664744306263,18.132479204228,-8.17340488485565));
#10514=CARTESIAN_POINT('Ctrl Pts',(59.2548875414502,18.1704478540032,-8.83301692469982));
#10515=CARTESIAN_POINT('Ctrl Pts',(59.1285429074214,18.2050171473592,-9.41537136939648));
#10516=CARTESIAN_POINT('Ctrl Pts',(59.385021826598,18.4662361238465,14.8002536539428));
#10517=CARTESIAN_POINT('Ctrl Pts',(59.4754459008689,18.3017366138996,13.5661237711179));
#10518=CARTESIAN_POINT('Ctrl Pts',(59.5586465637282,18.1589434698082,12.3223944472647));
#10519=CARTESIAN_POINT('Ctrl Pts',(59.7220841382231,17.849219072169,9.91055241471357));
#10520=CARTESIAN_POINT('Ctrl Pts',(59.7993540531532,17.7097444019627,8.69733162308206));
#10521=CARTESIAN_POINT('Ctrl Pts',(59.980221493803,17.3823510589349,5.14630572264465));
#10522=CARTESIAN_POINT('Ctrl Pts',(60.0855319369622,17.1885750484741,0.647968453947112));
#10523=CARTESIAN_POINT('Ctrl Pts',(59.9455951361227,17.2470526860935,-3.23587400341048));
#10524=CARTESIAN_POINT('Ctrl Pts',(59.7501078626818,17.3271571138024,-5.80087454058877));
#10525=CARTESIAN_POINT('Ctrl Pts',(59.6698563260664,17.3598996229544,-6.59789450200821));
#10526=CARTESIAN_POINT('Ctrl Pts',(59.4794138691797,17.4277418880007,-8.05639969763589));
#10527=CARTESIAN_POINT('Ctrl Pts',(59.3692229489086,17.4628416438949,-8.71788493184412));
#10528=CARTESIAN_POINT('Ctrl Pts',(59.2441817571169,17.4942576132823,-9.30181565648113));
#10529=CARTESIAN_POINT('Ctrl Pts',(59.2120381421262,17.891618072759,15.1539255285806));
#10530=CARTESIAN_POINT('Ctrl Pts',(59.363944364591,17.5810571804826,13.8726771665448));
#10531=CARTESIAN_POINT('Ctrl Pts',(59.4903367589404,17.3348834013961,12.6365778566794));
#10532=CARTESIAN_POINT('Ctrl Pts',(59.7397374714445,16.8146045466713,10.1852436630906));
#10533=CARTESIAN_POINT('Ctrl Pts',(59.852708391191,16.6054811152098,8.95286657205241));
#10534=CARTESIAN_POINT('Ctrl Pts',(60.1164773186109,16.1199151238291,5.36927293953444));
#10535=CARTESIAN_POINT('Ctrl Pts',(60.2677856703184,15.8506386099992,0.893915137768138));
#10536=CARTESIAN_POINT('Ctrl Pts',(60.1517129856333,15.8731811700493,-2.99326611104185));
#10537=CARTESIAN_POINT('Ctrl Pts',(59.9694285489298,15.9327044480393,-5.56469601385502));
#10538=CARTESIAN_POINT('Ctrl Pts',(59.8927954161637,15.9596482670281,-6.36451330916036));
#10539=CARTESIAN_POINT('Ctrl Pts',(59.7086255038111,16.0166053918644,-7.82893091743366));
#10540=CARTESIAN_POINT('Ctrl Pts',(59.6010887242246,16.0466186977119,-8.49353123040161));
#10541=CARTESIAN_POINT('Ctrl Pts',(59.4785199516828,16.0725987640928,-9.08024056666456));
#10542=CARTESIAN_POINT('Ctrl Pts',(59.1078312153108,17.6498628060108,15.3220203280657));
#10543=CARTESIAN_POINT('Ctrl Pts',(59.2797275605899,17.2700316534923,14.2376330414519));
#10544=CARTESIAN_POINT('Ctrl Pts',(59.4465076845419,16.9468840113658,12.8475918670638));
#10545=CARTESIAN_POINT('Ctrl Pts',(59.7550907901434,16.2770328180479,10.309099301836));
#10546=CARTESIAN_POINT('Ctrl Pts',(59.8893232428655,16.0057983472867,9.06324717839825));
#10547=CARTESIAN_POINT('Ctrl Pts',(60.1919593036732,15.4729667664389,5.45984829913532));
#10548=CARTESIAN_POINT('Ctrl Pts',(60.3628589322268,15.1752331084271,1.0047682301675));
#10549=CARTESIAN_POINT('Ctrl Pts',(60.2573853560409,15.1828966536174,-2.87928188777854));
#10550=CARTESIAN_POINT('Ctrl Pts',(60.0810966348451,15.2336115010943,-5.45145977217632));
#10551=CARTESIAN_POINT('Ctrl Pts',(60.0061364712704,15.258010981684,-6.25204244963195));
#10552=CARTESIAN_POINT('Ctrl Pts',(59.8248976998891,15.3102062119555,-7.71846732445119));
#10553=CARTESIAN_POINT('Ctrl Pts',(59.7186190920824,15.3380019616372,-8.3843095218148));
#10554=CARTESIAN_POINT('Ctrl Pts',(59.5972192965531,15.3616994489802,-8.97222118976336));
#10555=CARTESIAN_POINT('Ctrl Pts',(58.98558433425,17.4640243904506,15.4780809029076));
#10556=CARTESIAN_POINT('Ctrl Pts',(59.2199269629767,16.9038464502411,14.6445057627258));
#10557=CARTESIAN_POINT('Ctrl Pts',(59.4455835901863,16.4115705402788,13.1458427911888));
#10558=CARTESIAN_POINT('Ctrl Pts',(59.8169824857231,15.6345350482012,10.3590009390251));
#10559=CARTESIAN_POINT('Ctrl Pts',(59.9627247540501,15.3497754660858,9.07082205839843));
#10560=CARTESIAN_POINT('Ctrl Pts',(60.2800800207077,14.8067712115101,5.52201155288387));
#10561=CARTESIAN_POINT('Ctrl Pts',(60.464793542881,14.4961026746684,1.09814933190004));
#10562=CARTESIAN_POINT('Ctrl Pts',(60.367280302596,14.4957563739084,-2.77901199430399));
#10563=CARTESIAN_POINT('Ctrl Pts',(60.1956247753902,14.5412169769954,-5.35066547775669));
#10564=CARTESIAN_POINT('Ctrl Pts',(60.1219861668229,14.5639905661339,-6.15184705370754));
#10565=CARTESIAN_POINT('Ctrl Pts',(59.9430878238459,14.6130027689842,-7.62027025593282));
#10566=CARTESIAN_POINT('Ctrl Pts',(59.8378280894362,14.6392413826961,-8.28751188220724));
#10567=CARTESIAN_POINT('Ctrl Pts',(59.7173673286828,14.6613249662052,-8.87684981067196));
#10568=CARTESIAN_POINT('Ctrl Pts',(57.5240590574272,28.4606350016685,-7.));
#10569=CARTESIAN_POINT('Ctrl Pts',(57.9901752771442,27.2044001134698,-7.));
#10570=CARTESIAN_POINT('Ctrl Pts',(58.4132233156768,25.4921868326006,-7.));
#10571=CARTESIAN_POINT('Ctrl Pts',(59.2659321177928,20.0528662141675,-7.));
#10572=CARTESIAN_POINT('Ctrl Pts',(59.6124678334928,17.2751705205437,-7.));
#10573=CARTESIAN_POINT('Ctrl Pts',(60.0184611265779,14.5923311200693,-7.));
#10574=CARTESIAN_POINT('Origin',(8.88178419700125E-15,-3.50684950603121,
-7.));
#10575=UNCERTAINTY_MEASURE_WITH_UNIT(LENGTH_MEASURE(0.01),#10579,
'DISTANCE_ACCURACY_VALUE',
'Maximum model space distance between geometric entities at asserted c
onnectivities');
#10576=UNCERTAINTY_MEASURE_WITH_UNIT(LENGTH_MEASURE(0.01),#10579,
'DISTANCE_ACCURACY_VALUE',
'Maximum model space distance between geometric entities at asserted c
onnectivities');
#10577=(
GEOMETRIC_REPRESENTATION_CONTEXT(3)
GLOBAL_UNCERTAINTY_ASSIGNED_CONTEXT((#10575))
GLOBAL_UNIT_ASSIGNED_CONTEXT((#10579,#10580,#10581))
REPRESENTATION_CONTEXT('','3D')
);
#10578=(
GEOMETRIC_REPRESENTATION_CONTEXT(3)
GLOBAL_UNCERTAINTY_ASSIGNED_CONTEXT((#10576))
GLOBAL_UNIT_ASSIGNED_CONTEXT((#10579,#10580,#10581))
REPRESENTATION_CONTEXT('','3D')
);
#10579=(
LENGTH_UNIT()
NAMED_UNIT(*)
SI_UNIT(.MILLI.,.METRE.)
);
#10580=(
NAMED_UNIT(*)
PLANE_ANGLE_UNIT()
SI_UNIT($,.RADIAN.)
);
#10581=(
NAMED_UNIT(*)
SI_UNIT($,.STERADIAN.)
SOLID_ANGLE_UNIT()
);
#10582=SHAPE_DEFINITION_REPRESENTATION(#10583,#10584);
#10583=PRODUCT_DEFINITION_SHAPE('',$,#10586);
#10584=SHAPE_REPRESENTATION('',(#959),#10577);
#10585=PRODUCT_DEFINITION_CONTEXT('part definition',#10590,'design');
#10586=PRODUCT_DEFINITION('ArxControllerV2','ArxControllerV2',#10587,#10585);
#10587=PRODUCT_DEFINITION_FORMATION('',$,#10592);
#10588=PRODUCT_RELATED_PRODUCT_CATEGORY('ArxControllerV2',
'ArxControllerV2',(#10592));
#10589=APPLICATION_PROTOCOL_DEFINITION('international standard',
'automotive_design',2009,#10590);
#10590=APPLICATION_CONTEXT(
'Core Data for Automotive Mechanical Design Process');
#10591=PRODUCT_CONTEXT('part definition',#10590,'mechanical');
#10592=PRODUCT('ArxControllerV2','ArxControllerV2',$,(#10591));
#10593=PRESENTATION_STYLE_ASSIGNMENT((#10597));
#10594=PRESENTATION_STYLE_ASSIGNMENT((#10598));
#10595=PRESENTATION_STYLE_ASSIGNMENT((#10599));
#10596=PRESENTATION_STYLE_ASSIGNMENT((#10600));
#10597=SURFACE_STYLE_USAGE(.BOTH.,#10601);
#10598=SURFACE_STYLE_USAGE(.BOTH.,#10602);
#10599=SURFACE_STYLE_USAGE(.BOTH.,#10603);
#10600=SURFACE_STYLE_USAGE(.BOTH.,#10604);
#10601=SURFACE_SIDE_STYLE('',(#10605));
#10602=SURFACE_SIDE_STYLE('',(#10606));
#10603=SURFACE_SIDE_STYLE('',(#10607));
#10604=SURFACE_SIDE_STYLE('',(#10608));
#10605=SURFACE_STYLE_FILL_AREA(#10609);
#10606=SURFACE_STYLE_FILL_AREA(#10610);
#10607=SURFACE_STYLE_FILL_AREA(#10611);
#10608=SURFACE_STYLE_FILL_AREA(#10612);
#10609=FILL_AREA_STYLE('Steel - Satin',(#10613));
#10610=FILL_AREA_STYLE('Paint - Metal Flake (Silver)',(#10614));
#10611=FILL_AREA_STYLE('Paint - Metal Flake (Blue)',(#10615));
#10612=FILL_AREA_STYLE('Paint - Metal Flake (Red)',(#10616));
#10613=FILL_AREA_STYLE_COLOUR('Steel - Satin',#10617);
#10614=FILL_AREA_STYLE_COLOUR('Paint - Metal Flake (Silver)',#10618);
#10615=FILL_AREA_STYLE_COLOUR('Paint - Metal Flake (Blue)',#10619);
#10616=FILL_AREA_STYLE_COLOUR('Paint - Metal Flake (Red)',#10620);
#10617=COLOUR_RGB('Steel - Satin',0.627450980392157,0.627450980392157,0.627450980392157);
#10618=COLOUR_RGB('Paint - Metal Flake (Silver)',0.984313725490196,0.980392156862745,
0.96078431372549);
#10619=COLOUR_RGB('Paint - Metal Flake (Blue)',0.188235294117647,0.231372549019608,
0.588235294117647);
#10620=COLOUR_RGB('Paint - Metal Flake (Red)',0.768627450980392,0.207843137254902,
0.152941176470588);
ENDSEC;
END-ISO-10303-21;
